"fips","imid_mean"
"01001",0.0215399206285454
"01003",0.0292347993265123
"01005",0.011868297569377
"01007",0.0008837313116987
"01009",0.0216097564367315
"01011",0.0110969308370999
"01013",0.00580274382457401
"01015",0.020759091736979
"01017",0.00109222648320037
"01019",0.133012348609355
"01021",0.0157775087446273
"01023",0.00249899012999453
"01025",0.000681971558542228
"01027",0.000535399373883413
"01029",0.000706578195857882
"01031",0.0319016345151199
"01033",0.110073953087903
"01035",0.0130853172755941
"01037",0.000244677634247211
"01039",0.0143365888002496
"01041",0.00711844462830957
"01043",0.0212401993186281
"01045",0.0195407537378598
"01047",0.0220134832813083
"01049",0.0347425280597046
"01051",0.0294421543913757
"01053",0.0410530480766179
"01055",0.0302120798083519
"01057",0.017762311382755
"01059",0.0137899844928616
"01061",0.0401539711341938
"01063",0.00176013445163882
"01065",0.0115196263547395
"01067",0.0288846147708055
"01069",0.0603800287371685
"01071",0.0418343207575046
"01073",0.000712252307257603
"01075",0.0030640677461701
"01077",0.1409940373665
"01079",0.143003964645971
"01081",0.00676035487814714
"01083",0.333240576998978
"01085",0.017959206200212
"01087",0.0190868015963606
"01089",0.216588150855546
"01091",0.00665977775719074
"01093",0.00823784823391603
"01095",0.010277886527953
"01097",0.0216536262632835
"01099",0.0393141269712628
"01101",0.011840339453004
"01103",0.035547030642355
"01105",0.0144922874754747
"01107",0.0100094716805384
"01109",0.00981635934296393
"01111",0.00213651253767979
"01113",0.00775347344183798
"01115",0.00119911786756491
"01117",0.0108155065117272
"01119",0.00288865101362228
"01121",0.0301521333802721
"01123",0.00323313817738768
"01125",0.0100340836728441
"01127",0.00140910074450955
"01129",0.0015056875707619
"01131",0.00560033701398315
"01133",0.000787347323480902
"04001",0.00293088635422072
"04003",0.0622273069686848
"04005",0.000405151321964232
"04007",0.000232289250132358
"04009",0.010322632184084
"04011",0.000683435342320601
"04012",0.0178232896320452
"04013",0.0667646890310564
"04015",0.000433277795501103
"04017",0.00189211009329554
"04019",0.00265662030210288
"04021",0.113304204477048
"04023",0.00428034102861472
"04025",0.00137299440010395
"04027",0.379219277037399
"05001",0.0621460171576808
"05003",0.1443372173715
"05005",0
"05007",0.000825873502844728
"05009",0
"05011",3.71691566638069e-05
"05013",0
"05015",0.000237450520721742
"05017",0.372234258143283
"05019",0.00878239899823803
"05021",0.176970540827098
"05023",0.000174330629664145
"05025",0.00016147243230403
"05027",0
"05029",0.0291280586849253
"05031",0.276914661292113
"05033",0.0429169200118362
"05035",0.315398445929546
"05037",0.110050889881826
"05039",0
"05041",0.386792021107151
"05043",0.101762644705296
"05045",0.0089763906328139
"05047",0.00448655586204971
"05049",0
"05051",0
"05053",0.000129859900302148
"05055",0.0883718402273502
"05057",0.00276632416119144
"05059",0.000933557719659559
"05061",1.6400444988905e-05
"05063",0.0211383579454495
"05065",0
"05067",0.0916168115927741
"05069",0.231928253239177
"05071",0.00941402949398609
"05073",0.367469509363618
"05075",0.0460521990903042
"05077",0.502864822979534
"05079",0.269059838740412
"05081",0.0535715633636635
"05083",0.0189745399752868
"05085",0.123548620379044
"05087",5.78513014605846e-06
"05089",0
"05091",0.117737138612211
"05093",0.472877013052231
"05095",0.15923502934542
"05097",0
"05099",8.59272125981448e-05
"05101",0
"05103",3.29311252444448e-05
"05105",0.00523413354050221
"05107",0.414289337301251
"05109",0
"05111",0.177767782671558
"05113",0
"05115",0.0146116086988092
"05117",0.0636319894904454
"05119",0.0279630056313614
"05121",0.0215860699223847
"05123",0.238549553943469
"05125",0.000106716353143432
"05127",0
"05129",0
"05131",0.00822962918843566
"05133",1.708034579899e-05
"05135",1.59694319856925e-05
"05137",0
"05139",0
"05141",5.45231542216756e-05
"05143",0.000384271333837952
"05145",0.014748210391759
"05147",0.160055773137284
"05149",0.0181325705415362
"06001",0.0376623551504904
"06003",0
"06005",0.00288967806849506
"06007",0.0229065034221651
"06009",0.00349664151132536
"06011",0.0341986408270048
"06013",0.121442699017162
"06015",0.00233551110398431
"06017",0.00176900137041003
"06019",0.736514950299312
"06021",0.0293077561357117
"06023",1.21739411466466e-05
"06025",0.574635388908462
"06027",0
"06029",0.588607909940751
"06031",0.786232930443998
"06033",0.0184221823347107
"06035",2.97578043523451e-05
"06037",0.00649032250644671
"06039",0.5637840695697
"06041",4.63791859982395e-05
"06043",3.99742168777816e-05
"06045",0.0134381920483107
"06047",0.294486774403583
"06049",0.00218414642992059
"06051",0.00096399411795478
"06053",1.80408406163287
"06055",0.179317685316398
"06057",0.000342656305467272
"06059",0.0244681105104178
"06061",0.000775217406214175
"06063",0
"06065",0.130683787637307
"06067",0.390196891042188
"06069",0.16213619060765
"06071",0.00130468849594589
"06073",0.0252027764424848
"06075",0.000102964899835726
"06077",0.82655178519153
"06079",0.302234041985126
"06081",0.0376709561939127
"06083",0.856576089560288
"06085",0.0973036045558484
"06087",0.228352773089494
"06089",0.000464039954222093
"06091",0
"06093",0.0018096930396326
"06095",0.0459096966940062
"06097",0.143806725093109
"06099",0.246268535793774
"06101",0.0974612310033864
"06103",0.00131385767926599
"06105",0
"06107",0.531613771192049
"06109",4.12895051024727e-05
"06111",0.501862209971418
"06113",0.131937970699643
"06115",0.0047511189915469
"08001",0.0512447978573258
"08003",0.0578837885252469
"08005",0.0278534229952387
"08007",1.78727711222619e-05
"08009",0.0334046682383765
"08011",0.0030466060208109
"08013",0.00166792380340333
"08014",0.0127107167236786
"08015",1.90497709203545e-05
"08017",0.0174782783718613
"08019",0
"08021",0.000569829686552104
"08023",0.00604979577644439
"08025",0.00101132071503046
"08027",0
"08029",0.00232851174313734
"08031",0.00429002111111111
"08033",0.000303041130414573
"08035",0.000304425013507917
"08037",0
"08039",0.00674326074359469
"08041",0.000156579242134078
"08043",0.000248701053214861
"08045",3.92970633706557e-05
"08047",0
"08049",7.84194659134608e-06
"08051",0
"08053",0
"08055",3.94352729822294e-05
"08057",0
"08059",6.31539286424638e-05
"08061",0.0285328252882026
"08063",0.0268515699222333
"08065",0
"08067",0.00010553421813297
"08069",0.00177545758102266
"08071",0.000162808186640523
"08073",0.00821783900719111
"08075",0.0161387938491646
"08077",0.000703142400256055
"08079",0
"08081",0.000400893020983326
"08083",0.000363838413457914
"08085",0.000247700593454263
"08087",0.0308287063838951
"08089",0.00354524091176352
"08091",0
"08093",0
"08095",0.0936381071002343
"08097",9.94393461605424e-06
"08099",0.0253745415986377
"08101",0.0012702295939322
"08103",1.04888570364994e-05
"08105",0.0449361597916242
"08107",8.58176402376604e-05
"08109",0.01067757994256
"08111",0
"08113",3.00092180153908e-05
"08115",0.0441729526258072
"08117",0
"08119",0
"08121",0.0153354014600098
"08123",0.022123034874956
"08125",0.0548190381216416
"09001",0.00303529514594569
"09003",0.0427741828374351
"09005",0.00667403155008908
"09007",0.00628603137752132
"09009",0.0164307242235809
"09011",0.00402142296406258
"09013",0.0230363761414774
"09015",0.00585276612368642
"10001",0.0776496389946586
"10003",0.0656997099863706
"10005",0.212611382830669
"11001",0
"12001",0.0461381224643437
"12003",0.0096982181907657
"12005",0.000566330366901836
"12007",0.00334927590981147
"12009",0.0576683413313852
"12011",0.00596410044450047
"12013",0.0138322771374534
"12015",0.348122500678031
"12017",0.00328557254132743
"12019",0.000335401908630618
"12021",0.409806896265946
"12023",0.0182746011341894
"12027",1.40412619454791
"12029",0.00996670403501581
"12031",0.00458443829769927
"12033",0.0237027128344258
"12035",0.0470338525880555
"12037",0
"12039",0.0626170910407451
"12041",0.0636966496402394
"12043",0.219898384751287
"12045",5.13422453777579e-05
"12047",0.0492499917694973
"12049",1.14812076505253
"12051",1.80194702935047
"12053",0.0157287791589689
"12055",0.921469518819809
"12057",0.376587998343975
"12059",0.0256647519983207
"12061",1.69133411765817
"12063",0.0703726413468663
"12065",0.0296712204227589
"12067",0.0136241333585445
"12069",0.0987235724415243
"12071",0.267080148553944
"12073",0.00364764890860341
"12075",0.0271352354273273
"12077",2.31043237964388e-05
"12079",0.0257975284791392
"12081",1.70045480741314
"12083",0.0159175603721823
"12085",1.00300785777899
"12086",0.214872532488397
"12087",0
"12089",0.00256701253509271
"12091",0.00635550057538482
"12093",0.214415133279924
"12095",0.0577061496227152
"12097",0.0427708434083919
"12099",0.320383076175281
"12101",0.083700489611199
"12103",0.00109287825192934
"12105",0.373356053344241
"12107",0.0114219242924211
"12109",0.0773290134436573
"12111",1.63624254510417
"12113",0.021249621425853
"12115",0.0293639098176186
"12117",0.0260026714469586
"12119",0.0120627503117384
"12121",0.078749586932069
"12123",0.00290509478532165
"12125",0.0242546234541543
"12127",0.0118352047215703
"12129",0.00124950731878454
"12131",0.00834902915913745
"12133",0.00906784926681915
"13001",0.158651491849921
"13003",0.186164114953798
"13005",0.184539046803454
"13007",0.0956803153476885
"13009",0.0911182754494966
"13011",0.000852584648909264
"13013",0.00761683535391026
"13015",0.137118165137615
"13017",0.169165891573478
"13019",0.35641397837339
"13021",0.0190143151079828
"13023",0.105906604686849
"13025",0.0124922200454605
"13027",0.398898848355427
"13029",0.00427312541430888
"13031",0.168178469771882
"13033",0.0932901707124701
"13035",0.0037952074848286
"13037",0.210821439813708
"13039",0.00014171188369153
"13043",0.131933982303616
"13045",0.00111209811982544
"13047",0.00241077074815459
"13049",0.00273888302668387
"13051",0.000497977532437382
"13053",0.00145523981751737
"13055",0.089982993596372
"13057",0.000377701811707622
"13059",0.00101222184354027
"13061",0.0937682535917003
"13063",0
"13065",0.000735802561664138
"13067",0.000781757732315513
"13069",0.27327207779079
"13071",0.663222057406189
"13073",0.00221274228256748
"13075",0.547125846796559
"13077",0.00188281729992833
"13079",0.208448059823693
"13081",0.669948405265552
"13083",0.000194181641960904
"13085",0.000480727357349523
"13087",0.180558923493653
"13089",1.80366158784971e-05
"13091",0.0936368544410051
"13093",0.519125500720774
"13095",0.196375860258481
"13097",0.00127853423478135
"13099",0.14040233432307
"13101",0.0522301338112867
"13103",0.0414330095221897
"13105",0.0146827715457692
"13107",0.0705641607840242
"13109",0.0799218876091724
"13111",0.00787483220871269
"13113",0.000273173123925863
"13115",0.10468216546613
"13117",0.00096947303489405
"13119",0.00433723649315289
"13121",0.000943929279766821
"13123",0.0267032542082806
"13125",0.0316625584127591
"13127",0.000229957796608958
"13129",0.111620330877187
"13131",0.155960611448825
"13133",0.00129552691419206
"13135",0.000213064180625164
"13137",0.000976625460721255
"13139",0.0160104961435351
"13141",0.00518590116426932
"13143",0.00384849855137951
"13145",0.00239300958352466
"13147",0.0163441286833997
"13149",0.00114123285646725
"13151",0.00163309452094981
"13153",0.0953968542615853
"13155",0.430389267535269
"13157",0.00329648949105437
"13159",0.00140266264107126
"13161",0.233535965093427
"13163",0.0831811124865856
"13165",0.103104780165947
"13167",0.0260100492846771
"13169",0.00657906040811509
"13171",0.0160437438010899
"13173",0.206377708462655
"13175",0.082339400119349
"13177",0.271195064449216
"13179",0.000906525680837728
"13181",0.000275288929556041
"13183",0.008488024322184
"13185",0.0859760215954127
"13187",0.00337748584470528
"13189",0.0103663443540963
"13191",4.54987991958501e-05
"13193",0.147760897705177
"13195",0.00625698677168088
"13197",0.0299595739925629
"13199",0.0023398457797228
"13201",0.216841479966964
"13205",0.41761072841911
"13207",0.00120761137459624
"13209",0.0758024984970128
"13211",0.00489089751230031
"13213",0.0925418999806947
"13215",2.2304104951822e-05
"13217",0.00478795239766168
"13219",0.0702898624179283
"13221",0.00250651557360619
"13223",0
"13225",0.156735782972975
"13227",0.00170541913193741
"13229",0.162510503686484
"13231",0.0088669820291458
"13233",0.102270079946895
"13235",0.260489438960411
"13237",0.00172247386758318
"13239",0.0104990449675013
"13241",0.00662646878454457
"13243",0.0667867676760011
"13245",0.00653272995766605
"13247",0.0106719204136587
"13249",0.0248678622997376
"13251",0.119942180774793
"13253",0.258624389390416
"13255",0.00407780078536563
"13257",0.000754395749479431
"13259",0.0198844586883874
"13261",0.247074356451874
"13263",0.00244156632531829
"13265",9.91999044232508e-05
"13267",0.152106203108345
"13269",0.0303270893164333
"13271",0.0849917200402238
"13273",0.176942796089602
"13275",0.165606389995979
"13277",0.744664503944344
"13279",0.106269375712559
"13281",0
"13283",0.0402923534053531
"13285",0.000559584190846111
"13287",0.375575833022359
"13289",0.0362511200815853
"13291",0.00169408166395383
"13293",0.00832638428040082
"13295",0.0320577394293862
"13297",0.0129222264492754
"13299",0.0325605200101181
"13301",0.0119172283044552
"13303",0.0358030277510421
"13305",0.0669144949530756
"13307",0.103117814415784
"13309",0.0667221516858781
"13311",0.00180469423855147
"13313",0.0177788397615539
"13315",0.347724778752598
"13317",0.00270359325278494
"13319",0.00734771661528522
"13321",0.399622861066283
"16001",0.00832672712469218
"16003",0.000690451002196535
"16005",0.0837749471419656
"16007",0.0109122599804059
"16009",0.00797318269011624
"16011",0.511832400048496
"16013",0.0176139112326968
"16015",0.000157552202542389
"16017",0.00060656292787908
"16019",0.210438577798505
"16021",0.00251098936983667
"16023",0.00822665090490651
"16025",0.00308578098344987
"16027",0.263946731483137
"16029",0.0790907181789376
"16031",0.265498764489308
"16033",0.0406086706014392
"16035",0.00483948412753319
"16037",0.00419962531498047
"16039",0.0396117797207437
"16041",0.127390151781073
"16043",0.221275272897466
"16045",0.082302207913621
"16047",0.227386161001505
"16049",0.00527640059242556
"16051",0.355797783525118
"16053",0.447871997249596
"16055",0.0276241498030744
"16057",0.0475273111191863
"16059",0.000700136372939661
"16061",0.031359010925866
"16063",0.0306029635530899
"16065",0.980064596730967
"16067",0.925061655911633
"16069",0.0205834180180334
"16071",0.1016240935992
"16073",0.00715739368060394
"16075",0.0934610348744184
"16077",0.344186878078169
"16079",0
"16081",0.19584026167745
"16083",0.101742447687346
"16085",0.00128015251267903
"16087",0.00301936489147835
"17001",0.11186409558502
"17003",0.098878475318353
"17005",0.272966679240768
"17007",0.152772945694805
"17009",0.0850105907137271
"17011",0.139129455663837
"17013",0.0740412094257855
"17015",0.0978693888023345
"17017",0.183718375031265
"17019",0.360376978172747
"17021",0.28267341873926
"17023",0.251902425344224
"17025",0.284630152933596
"17027",0.206362561958826
"17029",0.272784720885772
"17031",0.00401795511945086
"17033",0.252786217436191
"17035",0.24306832081373
"17037",0.168546930995934
"17039",0.378197511307806
"17041",0.323539242280969
"17043",0.00748627343900287
"17045",0.307170993707229
"17047",0.209593636030007
"17049",0.265276360403695
"17051",0.225745953399736
"17053",0.374709645473481
"17055",0.177959615760634
"17057",0.0997654979623843
"17059",0.207021062328405
"17061",0.212348614753812
"17063",0.215809223474021
"17065",0.2090332316094
"17067",0.141761446906741
"17069",0.0177524489587558
"17071",0.120506529052028
"17073",0.18652744480914
"17075",0.342594440546587
"17077",0.112583665354206
"17079",0.274550376860428
"17081",0.148150648334819
"17083",0.170141797426551
"17085",0.0591353766904791
"17087",0.0333431994242763
"17089",0.10098779549108
"17091",0.261467508615325
"17093",0.165368069926795
"17095",0.130277963661807
"17097",0.0243016105607772
"17099",0.202834417664942
"17101",0.27783188445784
"17103",0.139069888770251
"17105",0.380778734288293
"17107",0.350058855123459
"17109",0.146751698143219
"17111",0.0992586279326261
"17113",0.390468873934406
"17115",0.334845187079487
"17117",0.199733298744301
"17119",0.218199463317971
"17121",0.213511491175618
"17123",0.295486657256928
"17125",0.275942804450447
"17127",0.138755014269575
"17129",0.329526331630024
"17131",0.165539223690846
"17133",0.177539122573771
"17135",0.261324541198715
"17137",0.239705328385119
"17139",0.291521915726775
"17141",0.11722533838986
"17143",0.22537092561841
"17145",0.152317449078801
"17147",0.368682999135364
"17149",0.161074907582985
"17151",0.0330720876596524
"17153",0.130139901655496
"17155",0.123247604832013
"17157",0.166072457117724
"17159",0.288967761347537
"17161",0.0994065494719808
"17163",0.139646347689655
"17165",0.145759391147494
"17167",0.22392680261735
"17169",0.0962223932245988
"17171",0.232337745060041
"17173",0.266089186781416
"17175",0.3574986567964
"17177",0.123802343170695
"17179",0.305428357549763
"17181",0.0525981766450845
"17183",0.321874071046052
"17185",0.240414376461353
"17187",0.161354796107152
"17189",0.225214440969334
"17191",0.222641147853292
"17193",0.25013872774453
"17195",0.132920904375228
"17197",0.122480879829384
"17199",0.0490841766462612
"17201",0.0836810333619356
"17203",0.336696783716434
"18001",0.449987945649032
"18003",0.302275398656338
"18005",0.287044371267584
"18007",0.64938057306763
"18009",0.45035086530773
"18011",0.355528755104478
"18013",0.00730173058615749
"18015",0.294912731161209
"18017",0.268202433477697
"18019",0.100899287608454
"18021",0.25610667238744
"18023",0.37788554633767
"18025",0.00702679864662368
"18027",0.19820347624608
"18029",0.0382419784474845
"18031",0.317996628843594
"18033",0.336513222188995
"18035",0.346421797613765
"18037",0.135942941288158
"18039",0.143463818878597
"18041",0.262375072617364
"18043",0.033178898866056
"18045",0.28083815371497
"18047",0.11576378078909
"18049",0.320923596262636
"18051",0.289733246275278
"18053",0.365332584079174
"18055",0.119105527175366
"18057",0.217512645653199
"18059",0.360768757291285
"18061",0.0734824473366205
"18063",0.283946596614493
"18065",0.350508198830753
"18067",0.355625545056081
"18069",0.418919214460435
"18071",0.180746468780433
"18073",0.421710895870002
"18075",0.395399804600096
"18077",0.127217455702643
"18079",0.140821800147643
"18081",0.236985619758947
"18083",0.463930428782379
"18085",0.238506737491555
"18087",0.193598130426422
"18089",0.256199408002329
"18091",0.365024366514485
"18093",0.0563570998351396
"18095",0.325204655657037
"18097",0.0305434157250352
"18099",0.225262154339549
"18101",0.0510318249478014
"18103",0.325704603652746
"18105",0.0229502737706871
"18107",0.318281015060056
"18109",0.17110692317356
"18111",0.409013783487115
"18113",0.259050266732061
"18115",0.0504254280821918
"18117",0.0613116679227736
"18119",0.0907913875853907
"18121",0.186359378422536
"18123",0.0323541026080157
"18125",0.131227376420395
"18127",0.312069480913685
"18129",0.285272300074346
"18131",0.426536072880947
"18133",0.195540579609825
"18135",0.417869729231463
"18137",0.151601467648054
"18139",0.36923967120287
"18141",0.166993182805504
"18143",0.118047851876605
"18145",0.370609817984808
"18147",0.187640575771152
"18149",0.257758058358188
"18151",0.201915550379687
"18153",0.210982580458221
"18155",0.0607459546112775
"18157",0.25748508329982
"18159",0.419310329679398
"18161",0.316924032347851
"18163",0.186063989822251
"18165",0.212475688220673
"18167",0.182095314690451
"18169",0.314922337052716
"18171",0.269449007625843
"18173",0.135100297116796
"18175",0.119359205788603
"18177",0.267166580191791
"18179",0.49621510694143
"18181",0.496887634484039
"18183",0.328521839018205
"19001",0.190441085609929
"19003",0.161939966417831
"19005",0.0441558714159529
"19007",0.127525150364373
"19009",0.203821788015762
"19011",0.187117368624043
"19013",0.145683314395981
"19015",0.18489616529894
"19017",0.142911795585645
"19019",0.135545080958198
"19021",0.305989021311846
"19023",0.19355642961245
"19025",0.21267280181519
"19027",0.184139111951805
"19029",0.206481438106205
"19031",0.165793942719731
"19033",0.186448031597465
"19035",0.292124978898209
"19037",0.151157156169456
"19039",0.126453125015945
"19041",0.281388985681495
"19043",0.0607949847936327
"19045",0.146653326673046
"19047",0.191898088294081
"19049",0.182332294558813
"19051",0.0907999282937864
"19053",0.120865318276081
"19055",0.0889228049016367
"19057",0.164671106145298
"19059",0.26571984264896
"19061",0.0525308167757128
"19063",0.277641521314378
"19065",0.121830539140763
"19067",0.205706046112714
"19069",0.1964769399301
"19071",0.226976024016923
"19073",0.200677420706089
"19075",0.253970373021353
"19077",0.144276674223697
"19079",0.197619563520479
"19081",0.209269116340925
"19083",0.187809509908538
"19085",0.164738576299997
"19087",0.17502587407731
"19089",0.164180685605116
"19091",0.234562379964867
"19093",0.21128956453009
"19095",0.139688281719717
"19097",0.0733002291133091
"19099",0.186477776857835
"19101",0.144252957231177
"19103",0.125852216932122
"19105",0.107866133782037
"19107",0.168809044574303
"19109",0.238505406656078
"19111",0.134692651794237
"19113",0.125975385573597
"19115",0.171324393359568
"19117",0.108620945791618
"19119",0.268814372689952
"19121",0.208336223505185
"19123",0.183991948368085
"19125",0.232447639486488
"19127",0.211048999619651
"19129",0.226685489493344
"19131",0.197234729458384
"19133",0.178852607688756
"19135",0.131496666944307
"19137",0.221969194532737
"19139",0.139425759659542
"19141",0.301922677305924
"19143",0.313145371685345
"19145",0.214715780357964
"19147",0.267444405400696
"19149",0.280333328261731
"19151",0.307657278638818
"19153",0.118857909813174
"19155",0.230175898286558
"19157",0.189872004839879
"19159",0.176405245414082
"19161",0.213770088517718
"19163",0.133371024847246
"19165",0.215858436566381
"19167",0.258326489029157
"19169",0.204040151328607
"19171",0.191106814684519
"19173",0.162426774854672
"19175",0.21775164691546
"19177",0.0977820469781699
"19179",0.128269826133598
"19181",0.193549985758836
"19183",0.171598770458481
"19185",0.209387112831795
"19187",0.212010499448729
"19189",0.21303673097763
"19191",0.0839092802644854
"19193",0.171478656348172
"19195",0.216017915962716
"19197",0.239175872287749
"20001",0.0464199280935753
"20003",0.113819748885527
"20005",0.122724261767926
"20007",0.0203081973867643
"20009",0.065543320080411
"20011",0.0200578609783137
"20013",0.163470671586625
"20015",0.0285047461321469
"20017",0.0195720490081624
"20019",0.00463076192397332
"20021",0.0814170026448003
"20023",0.0286059385194144
"20025",0.0229173625686413
"20027",0.155886979520022
"20029",0.122029481445588
"20031",0.0886585226163456
"20033",0.0150794651848032
"20035",0.0554415919475905
"20037",0.0523826434555138
"20039",0.038296172190904
"20041",0.0730944547083955
"20043",0.133426248535225
"20045",0.0768399281320812
"20047",0.0630316346475444
"20049",0.00817282432112562
"20051",0.0259303505023269
"20053",0.033831589260694
"20055",0.067195147239715
"20057",0.0737692768371832
"20059",0.0977737511215448
"20061",0.0354989325480087
"20063",0.0269761350445335
"20065",0.0354240356733057
"20067",0.0749466240300974
"20069",0.0648786032845073
"20071",0.0418861910912711
"20073",0.00995817351198286
"20075",0.0498412287319821
"20077",0.0536494239652976
"20079",0.1170368299517
"20081",0.0833765927191392
"20083",0.0456536071919855
"20085",0.0522330207423764
"20087",0.0718629727277336
"20089",0.115964549902669
"20091",0.0407104538341695
"20093",0.0611168452563515
"20095",0.045648645404656
"20097",0.0341280485311476
"20099",0.0480013403598354
"20101",0.0270288281878306
"20103",0.0566121115239688
"20105",0.0499670374731024
"20107",0.0646607706915475
"20109",0.0245093315188622
"20111",0.0664309268411184
"20113",0.0826717395708325
"20115",0.0689526090091497
"20117",0.139638606615266
"20119",0.0498818115944066
"20121",0.060447787391364
"20123",0.126338680209022
"20125",0.0388110625603122
"20127",0.0558373631952065
"20129",0.0594181189643855
"20131",0.128267491453834
"20133",0.0441522229698043
"20135",0.020948655076762
"20137",0.0396760291723701
"20139",0.0803993595964242
"20141",0.069822484448249
"20143",0.104529878939219
"20145",0.0572680219797339
"20147",0.0706063119372103
"20149",0.0458914406267018
"20151",0.0802753884013904
"20153",0.0334413254407078
"20155",0.0699097793516688
"20157",0.164741765859297
"20159",0.0816477255943996
"20161",0.0567260561198384
"20163",0.0655871988152039
"20165",0.0443383806458399
"20167",0.0288783536391691
"20169",0.0579038931913638
"20171",0.045784572676031
"20173",0.0693233267268965
"20175",0.0607381287793375
"20177",0.0677344050197972
"20179",0.0525474999707017
"20181",0.0444574401978664
"20183",0.110305281130474
"20185",0.0694345901390197
"20187",0.0676825402534743
"20189",0.076598671919364
"20191",0.105354403497087
"20193",0.0609500136644437
"20195",0.0238959362626169
"20197",0.0328657295509139
"20199",0.0241616897161064
"20201",0.143808238725138
"20203",0.0425088322382155
"20205",0.0492849885412978
"20207",0.0335537612967538
"20209",0.0192286896108179
"21001",0.0343557459077978
"21003",0.0737526862341653
"21005",0.0215210986117167
"21007",0.359301160189776
"21009",0.0798866744796848
"21011",0.0614380812173592
"21013",0.000470528081476323
"21015",0.0303847254869926
"21017",0.121107038759971
"21019",0.000724556935895511
"21021",0.0391900853989865
"21023",0.0542689381456335
"21025",0.00170542132823463
"21027",0.0609951306481984
"21029",0.0130315110815961
"21031",0.0306280491823285
"21033",0.143112270389888
"21035",0.332154874221146
"21037",0.00918634070901737
"21039",0.350950309375561
"21041",0.060098968443015
"21043",0.00506793158541231
"21045",0.0280517723307746
"21047",0.24522076678425
"21049",0.0674630344397001
"21051",0.00628422400409592
"21053",0.0187916522515032
"21055",0.0771234125939014
"21057",0.00779650490117373
"21059",0.300298248651128
"21061",0.0196153068552874
"21063",0.0028424376480379
"21065",0.00976399434166541
"21067",0.0836625125727572
"21069",0.102883480219027
"21071",0.00020858700059744
"21073",0.0496921714934512
"21075",0.510729597678147
"21077",0.0819046792826521
"21079",0.0643777263209708
"21081",0.0275771035121044
"21083",0.332651913007958
"21085",0.0274302912358214
"21087",0.0800627510846613
"21089",0.00958536585684544
"21091",0.0981704799509198
"21093",0.0492246192369216
"21095",0.000735605065066935
"21097",0.0844224550738664
"21099",0.0460274210662337
"21101",0.273880361383565
"21103",0.109261971572014
"21105",0.448993222761213
"21107",0.0991176175264532
"21109",0.00668294371250373
"21111",0.00575982157033353
"21113",0.0471366181746613
"21115",0.00121599702045787
"21117",0.018522049024961
"21119",2.74596108876359e-05
"21121",0.00151173610913365
"21123",0.0965369169591884
"21125",0.00692878847766924
"21127",0.00137032520242063
"21129",0.00161756207596585
"21131",1.20402793854966e-05
"21133",2.85651008836568e-05
"21135",0.0258088436290997
"21137",0.0669996786916895
"21139",0.114088144099678
"21141",0.242226703239358
"21143",0.088924048704639
"21145",0.184169227941176
"21147",9.0463726824788e-05
"21149",0.299355366988284
"21151",0.0243800808925595
"21153",0.0034893174976657
"21155",0.0649491546261312
"21157",0.129591168764294
"21159",6.30596949108251e-05
"21161",0.129034004676672
"21163",0.0567921468176922
"21165",0.0117583897634894
"21167",0.0528413513627576
"21169",0.0440895590895752
"21171",0.0656597009279753
"21173",0.0712328133201767
"21175",0.00796513022890008
"21177",0.0705632739616853
"21179",0.0613352634594934
"21181",0.11518505888426
"21183",0.0766583937650909
"21185",0.0326876428281469
"21187",0.0438361021943703
"21189",0.00872805791461296
"21191",0.0487403898377093
"21193",0.000156295849648188
"21195",0.000374161605766408
"21197",0.0258060665147866
"21199",0.0347305698404333
"21201",0.0342970680155338
"21203",0.0183265603547679
"21205",0.0119192807635948
"21207",0.0274175775703016
"21209",0.0647292026051759
"21211",0.178717920264411
"21213",0.321409504870754
"21215",0.0912373782723635
"21217",0.0694238839330973
"21219",0.283200262903342
"21221",0.175882332803053
"21223",0.0946808688954025
"21225",0.295193979091378
"21227",0.079211128810469
"21229",0.0679294953677851
"21231",0.0316119508561233
"21233",0.186832129876214
"21235",0.00205030929241943
"21237",0.00377984360019985
"21239",0.0978119086760531
"22001",0.0572712013122807
"22003",0.00746258825919115
"22005",0.00344518663722796
"22007",0.0103606027799432
"22009",0.174530736005797
"22011",0.00395745923741642
"22013",0.000701987878851378
"22015",0.0178387656953635
"22017",0.196157207353629
"22019",0.00414720714768549
"22021",0.0679876273834821
"22023",0.0014724246645814
"22025",0.44370526278371
"22027",1.91803460294246e-05
"22029",0.384982796174597
"22031",0.00316945404840683
"22033",0.00323253741704621
"22035",0.994911903006627
"22037",0.0170629602815333
"22039",0.0441694492759421
"22041",0.479269920138972
"22043",0.0327918155933819
"22045",0.00955820956879419
"22047",0.0218990610113202
"22049",0
"22051",0
"22053",0.0290319785921993
"22055",0.0250724849471569
"22057",0.000637048942206337
"22059",0.00140612185120797
"22061",0.00403091490157756
"22063",9.67981479367264e-05
"22065",0.715666781246547
"22067",0.402647861457681
"22069",0.0453162920762627
"22071",0
"22073",0.108566371990528
"22075",0
"22077",0.169325619825925
"22079",0.0910756565335344
"22081",0.0730967930523786
"22083",0.466929810484167
"22085",3.34129599992615e-05
"22087",0
"22089",0
"22091",0.00451425815309878
"22093",0.00475559915251079
"22095",0.00126845666467985
"22097",0.110308380756571
"22099",0.0186404001824041
"22101",0.00879433510269564
"22103",0.000559368775508514
"22105",0.00551992384916748
"22107",0.917296585039168
"22109",5.48522566294452e-05
"22111",3.30194284300355e-05
"22113",0.00842089224952459
"22115",0.000298028064778486
"22117",0.0156352455304134
"22119",0.00195319916361735
"22121",0.0369758282872647
"22123",0.439395075702913
"22125",0.0230532750412932
"22127",0
"23001",0.0302411158898717
"23003",0.147407119614829
"23005",0.00528714524460605
"23007",0.00186609618362274
"23009",0.000812036533811668
"23011",0.0134853762777744
"23013",0.00161257345933274
"23015",0.00642701290043394
"23017",0.0147007028670962
"23019",0.00607730324366376
"23021",0.00159744380665442
"23023",0.000684861171879619
"23025",0.00085225898276757
"23027",0.00240679589351133
"23029",0.00150852835481492
"23031",0.00171964497664813
"24001",0.00204812658254707
"24003",0.0106668394675128
"24005",0.0269425044960572
"24009",0.0183177050356084
"24011",0.155084305473375
"24013",0.0653322594114099
"24015",0.0471932923372599
"24017",0.0139912162915703
"24019",0.0873747746479524
"24021",0.0564485011799079
"24023",0.00675719942188492
"24025",0.0299896806028063
"24027",0.0316437840042115
"24029",0.101096872437101
"24031",0.0380597094527475
"24033",0.0132282561126062
"24035",0.102064604804817
"24037",0.0395906324192284
"24039",0.0385832602127467
"24041",0.101957454750352
"24043",0.0558661903124864
"24045",0.0753629985157994
"24047",0.0563448839292006
"24510",0
"25001",0.00127483654752199
"25003",0.00344203808566882
"25005",0.0138829453408631
"25007",0.00439410850404378
"25009",0.00911240711848028
"25011",0.0423400328837769
"25013",0.0128567165391969
"25015",0.0864647691202549
"25017",0.0102094399939106
"25019",0.00236108566822326
"25021",0.00447164884626551
"25023",0.00464997736410879
"25025",0
"25027",0.00942720191442112
"26001",0.00281169249798024
"26003",0.000880793508966527
"26005",0.190382679981423
"26007",0.0114441073077327
"26009",0.0582050828011385
"26011",0.0553467188579838
"26013",1.61187959013957e-05
"26015",0.0732459371270964
"26017",0.163872148842872
"26019",0.0296033919617834
"26021",0.223714165427118
"26023",0.244626235151638
"26025",0.130970283771432
"26027",0.187235730448392
"26029",0.00947080541037472
"26031",0.00253032818127293
"26033",0.000133166778692522
"26035",0.00661104101211203
"26037",0.189222364737521
"26039",0.000451150922197455
"26041",0.0299773163408465
"26043",0.019206211534673
"26045",0.179835178875994
"26047",0.00286999213358888
"26049",0.043104651131438
"26051",0.0171302377117217
"26053",0.00119578339114525
"26055",0.049787438836735
"26057",0.22781284924595
"26059",0.185770222586365
"26061",0.000478275545808687
"26063",0.0920144400767136
"26065",0.15416443734266
"26067",0.15909780700599
"26069",0.00579227384874412
"26071",0.0196213038374599
"26073",0.118306184642477
"26075",0.0812671903102758
"26077",0.0870976835191522
"26079",0.0532656006381003
"26081",0.136004424818584
"26083",0
"26085",0.00429572984780655
"26087",0.0455221041746369
"26089",0.120764234530678
"26091",0.0879032082168753
"26093",0.0213029063151256
"26095",0.00556664258134444
"26097",0.00089290663552829
"26099",0.0364873760154458
"26101",0.012115781037593
"26103",0.00280758525625677
"26105",0.0945615199677623
"26107",0.087644354325843
"26109",0.00283822592208061
"26111",0.0605419218968219
"26113",0.0132722827242769
"26115",0.106347848752444
"26117",0.671710977305043
"26119",0.00752197466263493
"26121",0.103447910246151
"26123",0.0625359030498497
"26125",0.00346536448626944
"26127",0.144664462132693
"26129",0.0113229277242816
"26131",0.000960672233026368
"26133",0.0167524805169927
"26135",0.00194507710378254
"26137",0.0245076050034856
"26139",0.131254925213012
"26141",0.123675650618853
"26143",0.000575843422126258
"26145",0.139555950127107
"26147",0.0486930512985843
"26149",0.366787973705081
"26151",0.129555882325212
"26153",0.00327558921461244
"26155",0.225930888045821
"26157",0.110181489610298
"26159",0.149251455482045
"26161",0.0406835396744173
"26163",0.00376116288516207
"26165",0.00187070833598819
"27001",0.00647772904140338
"27003",0.0232865055761093
"27005",0.0691096458369925
"27007",0.00537742622028871
"27009",0.0702367092475894
"27011",0.12177341437101
"27013",0.162881995678577
"27015",0.153138568807377
"27017",0.00118222222367338
"27019",0.0679689720242715
"27021",0.0026333264143164
"27023",0.119219646960965
"27025",0.0951499366084384
"27027",0.194885492291695
"27029",0.0150594583045528
"27031",6.64649202597025e-06
"27033",0.226958279679695
"27035",0.00500937936707721
"27037",0.163039811562113
"27039",0.27007954298095
"27041",0.0647415884022438
"27043",0.186432534074832
"27045",0.145544681739812
"27047",0.167410822524315
"27049",0.193876629901313
"27051",0.113137802261201
"27053",0.0481327503043763
"27055",0.0709702428051038
"27057",0.0150209249183029
"27059",0.126162614813421
"27061",0.00407055755341074
"27063",0.223593325988432
"27065",0.0424068372162021
"27067",0.0872052852133888
"27069",0.109631738508415
"27071",0.00086914503418093
"27073",0.127712946174027
"27075",2.28810129180787e-06
"27077",0.0371712649003867
"27079",0.134562655227739
"27081",0.175227193758069
"27083",0.205023713480972
"27085",0.106429789148292
"27087",0.120466951499701
"27089",0.125918776018722
"27091",0.179006830587832
"27093",0.0976796325890611
"27095",0.0442899647655991
"27097",0.025691520546201
"27099",0.3183799559961
"27101",0.220068418152283
"27103",0.148083035834928
"27105",0.22420286499484
"27107",0.215780508545021
"27109",0.154838415722302
"27111",0.103908146614366
"27113",0.157601238598213
"27115",0.0157035511932708
"27117",0.17858214338089
"27119",0.161470120150112
"27121",0.0892234364552428
"27123",0.00462930628005676
"27125",0.174318971310594
"27127",0.227978113232325
"27129",0.129914306024686
"27131",0.103587621198687
"27133",0.210365133926998
"27135",0.0722236739703889
"27137",0.000168410460205772
"27139",0.0586367430381007
"27141",0.149843839520624
"27143",0.124948224667065
"27145",0.0518332874285346
"27147",0.147143245822132
"27149",0.115055631445128
"27151",0.103083400290129
"27153",0.0446783565877445
"27155",0.142500302654025
"27157",0.116489771246907
"27159",0.0396348646478999
"27161",0.158243903295926
"27163",0.0678573471337455
"27165",0.177362206475732
"27167",0.147701430737712
"27169",0.0740889891804773
"27171",0.0705272785192386
"27173",0.127291133523405
"28001",0.0313014183960234
"28003",0.0725078748456397
"28005",0.00244585849541159
"28007",0.0558416831568664
"28009",0.0206289565031873
"28011",0.40928788789268
"28013",0.18307937326002
"28015",0.136934800059452
"28017",0.106849977955933
"28019",0.00475498361937648
"28021",0.028765188043951
"28023",0.000279155279269587
"28025",0.0418865439326029
"28027",0.59223067310686
"28029",0.00653857251873286
"28031",0.00791953415302857
"28033",0.0977529619023617
"28035",0.00756573062625184
"28037",0.00403203194203757
"28039",0.0286526859745398
"28041",0.00778698825332688
"28043",0.0838095236219726
"28045",0.00142623995246418
"28047",0.00366598841625522
"28049",0.062377355124974
"28051",0.346756140772289
"28053",0.580872124466237
"28055",0.284812605542374
"28057",0.0469776020576703
"28059",0.00693136551648279
"28061",0.000613772774727428
"28063",0.0582569178240273
"28065",0.00360396308358816
"28067",0.00146567514338762
"28069",0.00144249889549741
"28071",0.0478037239575088
"28073",0.00374795881240507
"28075",0.00076821566325675
"28077",0.00736265952833737
"28079",0.00668890084048027
"28081",0.21058789186767
"28083",0.603093827655226
"28085",0.00213269563353608
"28087",0.123447296858216
"28089",0.0993346196777914
"28091",0.00236693711005487
"28093",0.0260793588013475
"28095",0.114725041225327
"28097",0.171749842673859
"28099",0.000338602117721757
"28101",0.00565190230261337
"28103",0.158325895858089
"28105",0.0155995107469211
"28107",0.156789231355014
"28109",0.00976726675622146
"28111",0.00280366677893618
"28113",0.00184076062002616
"28115",0.0775110683252995
"28117",0.0872027581509952
"28119",0.415214074015091
"28121",0.0245830432729195
"28123",0.0068133578879979
"28125",0.408733023365839
"28127",0.0033586159305659
"28129",0.00235908277891464
"28131",0.00403015552712213
"28133",0.451609362914795
"28135",0.317741206594962
"28137",0.122016457407371
"28139",0.0448033887869554
"28141",0.0239917863797395
"28143",0.506746642717873
"28145",0.0770628169649517
"28147",0.0038472168109936
"28149",0.0768594065005837
"28151",0.49539260306268
"28153",0.00164893965926611
"28155",0.197664653988692
"28157",0.00154445087309359
"28159",0.00424413569893536
"28161",0.0976456465157376
"28163",0.330433099909854
"29001",0.0368867225430266
"29003",0.118475443369933
"29005",0.182750469018933
"29007",0.205360742098059
"29009",0.00489913442128568
"29011",0.204002509160851
"29013",0.102912252908488
"29015",0.0134287848709627
"29017",0.0281965998671319
"29019",0.0318341668301931
"29021",0.116745514175532
"29023",0.0974885495970023
"29025",0.0811334384945344
"29027",0.0292441857876764
"29029",0.000220739648556309
"29031",0.0808278952245759
"29033",0.113684284088013
"29035",1.90250088201498e-05
"29037",0.0768991806483161
"29039",0.00996821440388802
"29041",0.102438837869967
"29043",0.000651915159647735
"29045",0.102914962189811
"29047",0.0426628712200917
"29049",0.0915360353294857
"29051",0.0134829234920635
"29053",0.0569651816552017
"29055",0.00146247371272308
"29057",0.0865654718430365
"29059",0.00153506867059933
"29061",0.0989350129917975
"29063",0.0915759088069234
"29065",0.000134634823456741
"29067",0.000349974129889188
"29069",1.69084465341066
"29071",0.0298830277568846
"29073",0.0184922202459236
"29075",0.0814655036938721
"29077",0.0055387827648733
"29079",0.0838906514315055
"29081",0.0734524738340549
"29083",0.0706614668618991
"29085",0.00396655847914385
"29087",0.149599017323582
"29089",0.04575007314611
"29091",0.000156148314690353
"29093",1.75418257584156e-05
"29095",0.0437306254632218
"29097",0.0961116995823721
"29099",0.00869514116228494
"29101",0.0653857018254948
"29103",0.126361346091653
"29105",0.00227833933827808
"29107",0.138429370105882
"29109",0.029916827100535
"29111",0.123418102813726
"29113",0.105113240624142
"29115",0.0657575133393928
"29117",0.115749915872045
"29119",0.0014134930905687
"29121",0.0591939514535207
"29123",0.00110311481573252
"29125",0.00328785829463793
"29127",0.118601178359967
"29129",0.037858548921965
"29131",0.00329029876222378
"29133",0.307763879563782
"29135",0.0244322658845853
"29137",0.112673390071535
"29139",0.130006367063592
"29141",0.0102722586512413
"29143",1.05861343877438
"29145",0.0154267103290837
"29147",0.122241269350851
"29149",2.44431410136288e-05
"29151",0.00937549910564478
"29153",0.000155483118828627
"29155",0.969969867692024
"29157",0.0843560624791822
"29159",0.0629828929531003
"29161",0.000287370568516071
"29163",0.104841686919596
"29165",0.109874425123159
"29167",0.00357685707086919
"29169",0.000652796399737525
"29171",0.0278017072220708
"29173",0.133462448005028
"29175",0.0605528955382818
"29177",0.0934955045248372
"29179",7.16349548163339e-05
"29181",0.009038669293862
"29183",0.0895267817052825
"29185",0.0323512617652239
"29186",0.0327583235300599
"29187",0.00519060969335254
"29189",0.0131349159560851
"29195",0.0920596462907542
"29197",0.0390432782709573
"29199",0.0995602500280532
"29201",0.28588308853187
"29203",0
"29205",0.169659232678432
"29207",0.681177034552952
"29209",0.00598040959640801
"29211",0.027684854229908
"29213",0.000129731156591339
"29215",0.000254172780408166
"29217",0.0789001889676645
"29219",0.0683176260467195
"29221",0.000959014171688075
"29223",0.00239668430475937
"29225",0.00191401799516338
"29227",0.0569132212982863
"29229",0.000424741482110562
"29510",0
"30001",0.00207277352721874
"30003",0.00819182993009455
"30005",0.0111354138210442
"30007",0.0146138996573283
"30009",0.0020235227613838
"30011",0.000693440099714076
"30013",0.0118145557520167
"30015",0.0342147091061068
"30017",0.00083427994268061
"30019",0.020369707490858
"30021",0.00787264584567419
"30023",0.00144159806796736
"30025",0.00149483667196867
"30027",0.0100199770559862
"30029",0.00227290186549416
"30031",0.0205794799445881
"30033",0.00231746728350739
"30035",0.00998621498925044
"30037",0.00487003839520752
"30039",0.000315713904157368
"30041",0.0380963561770535
"30043",0.000209805428746867
"30045",0.0102239039585875
"30047",0.0316914999454753
"30049",0.00175953565738163
"30051",0.0377956216246692
"30053",1.06867112326996e-05
"30055",0.00892154333599932
"30057",0.00316282095927118
"30059",0.000986677970206274
"30061",2.3746731073438e-05
"30063",0.000459658588896378
"30065",0.00352123411668197
"30067",0.00118286676619469
"30069",0.00614778134670316
"30071",0.00663655069761198
"30073",0.0245705729457755
"30075",0.00038056347197008
"30077",0.000709504512782025
"30079",0.00135611873876125
"30081",0.00105778201086572
"30083",0.0125812601552533
"30085",0.013955408379314
"30087",0.000823579436590118
"30089",0.000288472467093204
"30091",0.0169961914562812
"30093",0
"30095",0.00702159859358899
"30097",0.000632158991189653
"30099",0.016819082161285
"30101",0.022616619582705
"30103",0.00290841114750593
"30105",0.00590520112315333
"30107",0.0068840430949378
"30109",0.00227402259309655
"30111",0.0127635464915805
"31001",0.0949537092159738
"31003",0.154007372870728
"31005",0.000674668346485311
"31007",0.0179825616795825
"31009",0.000773970081195824
"31011",0.158583169752489
"31013",0.0907002462956608
"31015",0.0396960434932585
"31017",0.012333082274654
"31019",0.0550819519474503
"31021",0.264031726121941
"31023",0.225905524685976
"31025",0.28285136750914
"31027",0.171169241590032
"31029",0.0947103727224042
"31031",0.00253847264610627
"31033",0.0392504618989841
"31035",0.0850496353568739
"31037",0.225310520642035
"31039",0.225463889834986
"31041",0.0214036994335517
"31043",0.201667763135986
"31045",0.00530160744029205
"31047",0.0347430198705256
"31049",0.0463698681314809
"31051",0.1927238150812
"31053",0.26132054230754
"31055",0.0987133916442131
"31057",0.0928175990034012
"31059",0.0989712793593177
"31061",0.0550672758962933
"31063",0.0509174574565562
"31065",0.0910850682976144
"31067",0.0982892515584428
"31069",0.0196898527907337
"31071",0.00847026755471314
"31073",0.0484781608789602
"31075",6.21763015572824e-05
"31077",0.0279932025597084
"31079",0.051134971535213
"31081",0.196934884283393
"31083",0.108338407544456
"31085",0.0369621168267977
"31087",0.0385317125670652
"31089",0.0723301166836415
"31091",7.36201154175236e-05
"31093",0.0408083118302517
"31095",0.0831204051755132
"31097",0.0654153753181085
"31099",0.170812343942496
"31101",0.0411888095092314
"31103",0.0149519393164544
"31105",0.0312288122514041
"31107",0.0729460349709027
"31109",0.194071353076182
"31111",0.0366196043967048
"31113",0.014225269770967
"31115",0.00596182261257457
"31117",0.00130914226212374
"31119",0.213681615929832
"31121",0.174674359355698
"31123",0.0278728682941809
"31125",0.13428627806346
"31127",0.102417722355799
"31129",0.0939149547687145
"31131",0.103411584270854
"31133",0.0705117951110596
"31135",0.0575381807142817
"31137",0.172329239625595
"31139",0.190895982387235
"31141",0.238600399141618
"31143",0.225621375138304
"31145",0.0668220667325676
"31147",0.101853406952196
"31149",0.0139621037497595
"31151",0.0990448117916163
"31153",0.179286406763881
"31155",0.247414124693096
"31157",0.0274863555246071
"31159",0.248396492624618
"31161",0.0218469944895492
"31163",0.032130918258287
"31165",0.00259208408532278
"31167",0.166537565145029
"31169",0.0945393084260039
"31171",0.00020976855662081
"31173",0.198846637896866
"31175",0.026499781402716
"31177",0.252292786386611
"31179",0.251352193064696
"31181",0.0579408387399485
"31183",0.0262885758920655
"31185",0.238881625218337
"32001",0.000100823533280275
"32003",0.000253195818667109
"32005",0.00163886266783051
"32007",0.000460706997880702
"32009",0.000638674749628407
"32011",0
"32013",0.00668066036658221
"32015",0
"32017",0.000887803265187664
"32019",0.00231041389560296
"32021",0
"32023",0.000371886359427638
"32027",0.000268634317243107
"32029",0
"32031",0.000137075980869724
"32033",0.00118812825201608
"32510",0.000567161063375316
"33001",0.00168821664684483
"33003",0.000559831810160666
"33005",0.00165961639437636
"33007",0.000330772069332501
"33009",0.000934892492256031
"33011",0.00648358788245929
"33013",0.00359600577444343
"33015",0.00771820321316502
"33017",0.00389790521715563
"33019",0.00267670720325025
"34001",0.0219295546167564
"34003",0.00115991798600054
"34005",0.0463362796293027
"34007",0.0211580134839535
"34009",0.00600824772297902
"34011",0.10622326167607
"34013",0.00022943652346845
"34015",0.204423992410832
"34017",0
"34019",0.019166608077832
"34021",0.0291007390439844
"34023",0.0244036838650887
"34025",0.0253259614051404
"34027",0.00620881543406124
"34029",0.00289370258285476
"34031",0.00112425591029996
"34033",0.225318882419802
"34035",0.00849118944926163
"34037",0.00625817845713218
"34039",0.000610000085071217
"34041",0.0241910011228069
"35001",0.00175867035964846
"35003",0.000188208009385169
"35005",0.010104080042125
"35006",0.000146718517869888
"35007",4.36643660558905e-05
"35009",0.0309613268215977
"35011",0.000241041165527079
"35013",0.134391212998794
"35015",0.0177414183934722
"35017",0.000230250399457293
"35019",0.000152887322874711
"35021",3.17900147357585e-05
"35023",0.00501183231261026
"35025",0.00625853525686574
"35027",0.000393607128803825
"35028",0
"35029",0.0596352892046811
"35031",0.00032323883621426
"35033",4.99802073657078e-05
"35035",0.00423717825831605
"35037",0.00654842805275212
"35039",0.000667017652512772
"35041",0.0316442894064225
"35043",0.00106133410049452
"35045",0.00191630416222948
"35047",6.14053046118587e-05
"35049",0.0009301643017177
"35051",0.0165982140838525
"35053",0.000912730418266024
"35055",0.000374603542832632
"35057",0.00221629297620667
"35059",0.00197784448076283
"35061",0.00658184822613548
"36001",0.0118809617299217
"36003",0.00296335500161273
"36005",0
"36007",0.00188738414006909
"36009",0.00493564740130699
"36011",0.0658849572050024
"36013",0.0449521642378606
"36015",0.00358991964259412
"36017",0.00394291055153165
"36019",0.0309613804545349
"36021",0.0349858367647175
"36023",0.00749932263262892
"36025",0.00158596111969995
"36027",0.0137273072863643
"36029",0.017940694964865
"36031",0.00260650221919957
"36033",0.0151502523495828
"36035",0.00668220169677619
"36037",0.0706803118482927
"36039",0.0129016637088762
"36041",3.6533448907139e-05
"36043",0.00321074557110672
"36045",0.00811106475299348
"36047",0
"36049",0.00364617415149226
"36051",0.0592509836837548
"36053",0.0198182922197263
"36055",0.0544603983992818
"36057",0.0262363216486826
"36059",0.000966217577340227
"36061",0
"36063",0.0915715037670453
"36065",0.0164083013500172
"36067",0.0338041913244004
"36069",0.0667442265784509
"36071",0.0236293491356263
"36073",0.170201644441406
"36075",0.0392684680778122
"36077",0.00479881067684936
"36079",0.00349954720661537
"36081",0.000177874682121402
"36083",0.0261127174176273
"36085",0
"36087",0.00244720305387496
"36089",0.00361019321862186
"36091",0.0106239704688611
"36093",0.0210026777244812
"36095",0.0230517771851616
"36097",0.0159046705555031
"36099",0.0975825572473394
"36101",0.0277937147506866
"36103",0.214635463996805
"36105",0.00134598785341255
"36107",0.00293148933334233
"36109",0.0119983461989807
"36111",0.0351248376206932
"36113",0.000334016675663705
"36115",0.0316396437657005
"36117",0.268894518449851
"36119",0.00113230440339886
"36121",0.0761135579405006
"36123",0.0813268582448846
"37001",0.0268326808763206
"37003",0.0169294739878613
"37005",0.0178835289703862
"37007",0.0289511766161384
"37009",0.0168979324275171
"37011",0.051761628242279
"37013",0.0723189575470387
"37015",0.108062648338625
"37017",0.0403013796295555
"37019",0.0177614815097412
"37021",0.00469639169364614
"37023",0.00392117670316842
"37025",0.0213197146433024
"37027",0.00715396222639037
"37029",0.114298880733592
"37031",0.0298489545921885
"37033",0.0449550541099308
"37035",0.0133874533006789
"37037",0.00441463066470239
"37039",0.00211945464246661
"37041",0.224086089938715
"37043",0.00157316688862916
"37045",0.0345036802776294
"37047",0.092139109630073
"37049",0.036931010149755
"37051",0.0749560861872715
"37053",0.0396457343699876
"37055",0.00168671608810182
"37057",0.0174651422626317
"37059",0.0241035007904053
"37061",0.148332620647767
"37063",0.00880956341463414
"37065",0.201814219868068
"37067",0.025068603423268
"37069",0.0642545140304099
"37071",0.00844533854525078
"37073",0.0819961149965486
"37075",0.000660954570510033
"37077",0.0528686570842034
"37079",0.183774735990569
"37081",0.0276255184728606
"37083",0.143371296175454
"37085",0.133865102424507
"37087",0.00509045438619305
"37089",0.126559866019734
"37091",0.126910795601314
"37093",0.0754676530221833
"37095",0.078762708056553
"37097",0.0247439540293082
"37099",0.000354037870220375
"37101",0.0768801434334556
"37103",0.0775758797226731
"37105",0.0446738732502088
"37107",0.17803157635531
"37109",0.0321224578477737
"37111",0.0017964015519464
"37113",0.00152588578055233
"37115",0.00821251288731454
"37117",0.198443369162455
"37119",0.00344574582125908
"37121",0.00738898860223552
"37123",0.00743922950727997
"37125",0.0113422201698663
"37127",0.167702802660772
"37129",0.00468682801747993
"37131",0.155332568618626
"37133",0.0433814396835636
"37135",0.0132554621561823
"37137",0.0414598020759976
"37139",0.218892616746738
"37141",0.0251913184428515
"37143",0.169171257922247
"37145",0.076775644684086
"37147",0.119802775213774
"37149",0.00541915349847975
"37151",0.0130445331938475
"37153",0.0223274022468401
"37155",0.152859127663632
"37157",0.0498456637398749
"37159",0.0294272324218674
"37161",0.00577457946764253
"37163",0.208230565365868
"37165",0.0673433546511628
"37167",0.085840109852665
"37169",0.0354397910247584
"37171",0.0861293690385143
"37173",0.000219377741498042
"37175",0.00206551786789881
"37177",0.0682068530530672
"37179",0.124424504249667
"37181",0.0578923641166076
"37183",0.02881136674034
"37185",0.0550150330372314
"37187",0.149778280250478
"37189",0.021556067248749
"37191",0.138037640463887
"37193",0.0144734848722885
"37195",0.178959647435723
"37197",0.131327274926156
"37199",0.00583604921832263
"38001",0.0230997945728565
"38003",0.17100536850409
"38005",0.092802797957706
"38007",0.00484369508871022
"38009",0.0247211797666776
"38011",0.0163048806460539
"38013",0.00862859208381359
"38015",0.0350444799392461
"38017",0.2373982502527
"38019",0.0462770858130406
"38021",0.148763222449557
"38023",0.00921779524042938
"38025",0.0230997727406819
"38027",0.0641643640813366
"38029",0.0530385736402096
"38031",0.12088982077156
"38033",0.0150895501773106
"38035",0.184361764878242
"38037",0.0132965937822268
"38039",0.126435074404111
"38041",0.0335428755859059
"38043",0.0877644595324932
"38045",0.209410052155735
"38047",0.0584022981377251
"38049",0.0274568663098187
"38051",0.0866045923973539
"38053",0.0236284896577321
"38055",0.0650110512448386
"38057",0.0243822481547657
"38059",0.0159775876194666
"38061",0.00819407151667837
"38063",0.0663690987229762
"38065",0.0348020808506722
"38067",0.34218969175552
"38069",0.0672058382780287
"38071",0.0673728221752633
"38073",0.132163888744743
"38075",0.0164534623477715
"38077",0.214866107091516
"38079",0.0336259778325041
"38081",0.192901863405097
"38083",0.0347237148838056
"38085",0.00512140988228616
"38087",0.0141540060771391
"38089",0.0246170750673355
"38091",0.19685523674382
"38093",0.10636065296477
"38095",0.0614494803811096
"38097",0.280142013344177
"38099",0.388987730325384
"38101",0.0267457894453526
"38103",0.079734992078381
"38105",0.0236156007765232
"39001",0.032923676704198
"39003",0.289291522133139
"39005",0.112592134037711
"39007",0.0613794600413004
"39009",0.00598015643429879
"39011",0.321678637605073
"39013",0.00171418159647379
"39015",0.10063929581381
"39017",0.104077946134939
"39019",0.0184558565282343
"39021",0.268363378515825
"39023",0.241196513398394
"39025",0.126256004515041
"39027",0.295126325685004
"39029",0.0538346662933146
"39031",0.0273616624882739
"39033",0.289550478970771
"39035",0.000548930829784488
"39037",0.339541793767765
"39039",0.334376575587542
"39041",0.17286873487637
"39043",0.166799004533746
"39045",0.151253115891604
"39047",0.28126946243697
"39049",0.0608603033819816
"39051",0.298378262338972
"39053",0.0084415565558485
"39055",0.0133029956374137
"39057",0.196805310810337
"39059",0.00451896560629502
"39061",0.0117948894089823
"39063",0.33669417161076
"39065",0.335044898714937
"39067",0.00581783711931978
"39069",0.356161159887983
"39071",0.0950884586315099
"39073",0.00619717912088825
"39075",0.036048592547801
"39077",0.223454329047091
"39079",0.00654520546437816
"39081",0.00196204884419182
"39083",0.104875069841425
"39085",0.00668273850733869
"39087",0.003001976742006
"39089",0.106998312250916
"39091",0.268723482739421
"39093",0.122057010625106
"39095",0.126824995903683
"39097",0.282547443536356
"39099",0.0540639086281622
"39101",0.26766080045671
"39103",0.0891815686838745
"39105",0.0138583487513311
"39107",0.325665905578237
"39109",0.285044300159255
"39111",0.00166269489172103
"39113",0.118682376807214
"39115",0.00505316794461401
"39117",0.183612309830723
"39119",0.0161945990807714
"39121",0.000739682971242073
"39123",0.2536795975798
"39125",0.381117986996264
"39127",0.027066910000956
"39129",0.259345305495991
"39131",0.0182623229373447
"39133",0.0526811187756601
"39135",0.251714550952561
"39137",0.408549201057154
"39139",0.103031266561707
"39141",0.0949725250548472
"39143",0.276694876531082
"39145",0.01552568590189
"39147",0.257580180720377
"39149",0.309234308269455
"39151",0.0705310773813559
"39153",0.00938950115142896
"39155",0.0566541562994807
"39157",0.0216726419549676
"39159",0.268193392945244
"39161",0.402195376978453
"39163",0.00158004403009506
"39165",0.122979700103909
"39167",0.0136394095268461
"39169",0.140710402594296
"39171",0.261752535213735
"39173",0.316098038852569
"39175",0.274773709080407
"40001",0.00291187042810784
"40003",0.107971551171151
"40005",0.0155496812421003
"40007",0.0341597049191259
"40009",0.0302322790556162
"40011",0.0971051950940519
"40013",0.0776977615354721
"40015",0.0766592392017768
"40017",0.133905566065171
"40019",0.0813834758658437
"40021",2.57604602566292e-05
"40023",0.0191645839542576
"40025",0.0603462434956653
"40027",0.00770389264541564
"40029",0.0718315039763336
"40031",0.0302768520659093
"40033",0.0854176013725512
"40035",0.042053368153973
"40037",0.0026159601377585
"40039",0.117194242222019
"40041",0.00464858785392934
"40043",0.0430536168502295
"40045",0.0243799295978937
"40047",0.11889840042571
"40049",0.120024919887399
"40051",0.0493855673379846
"40053",0.117735752039973
"40055",0.0827071331672204
"40057",0.0787198118324106
"40059",0.0375133292381164
"40061",0.00516513865713478
"40063",0.00475641502888844
"40065",0.17249254665633
"40067",0.0771993152338067
"40069",0.0592118196721311
"40071",0.10915840051526
"40073",0.151742443087876
"40075",0.145003183451271
"40077",1.33676981774873e-05
"40079",0.0233111949083006
"40081",0.00631465786757309
"40083",0.0475143683553723
"40085",0.0955686616163581
"40087",0.0277212154043886
"40089",0.0204659541832319
"40091",0.00372994951058697
"40093",0.0461003375408906
"40095",0.0582669677697532
"40097",0.0264736416878755
"40099",0.0510605202505415
"40101",0.0408397623264853
"40103",0.0615438183192261
"40105",0.0199866014282129
"40107",0.00533680465495249
"40109",0.010512933019572
"40111",0.0102844383407734
"40113",0.00784627905925948
"40115",0.0921235930242067
"40117",0.0161455047054784
"40119",0.0163671075597741
"40121",0.00210358460357329
"40123",0.0925951068069986
"40125",0.0133084159205862
"40127",1.3830489398468e-05
"40129",0.0151876279744483
"40131",0.0127580175561548
"40133",0.00324122379657005
"40135",0.0355982590108589
"40137",0.0183846110760315
"40139",0.0665850772377957
"40141",0.133242283836356
"40143",0.0122466761998331
"40145",0.0858244867688828
"40147",0.0511142136072826
"40149",0.121473878141675
"40151",0.0461860712751875
"40153",0.0190308549034972
"41001",0.0172077221864992
"41003",0.00815397293920623
"41005",0.00506542476175225
"41007",0.000168822275583228
"41009",0.000455200100554189
"41011",0.00015420631801816
"41013",0.00100119203591303
"41015",0.00013344863698647
"41017",0.00031821381328056
"41019",0.000503128670393114
"41021",0.0765075645610632
"41023",7.24707173899938e-05
"41025",7.52529812980538e-05
"41027",0.104579482118943
"41029",0.00515128868309438
"41031",0.00566701674331826
"41033",0.000562198131725447
"41035",0.0144340147149023
"41037",3.43929755237263e-05
"41039",0.00155712954982068
"41041",0.000157630411374156
"41043",0.00433286458099085
"41045",0.00677604200901701
"41047",0.0240798128868434
"41049",0.155755678587144
"41051",0.0214179276867217
"41053",0.0151475207701404
"41055",0.123385228771243
"41057",8.75450987683434e-05
"41059",0.0909056998262172
"41061",0.0159982706946017
"41063",0.00207244251259222
"41065",0.0700518470422659
"41067",0.0308543521567734
"41069",2.53310914600329e-05
"41071",0.019639224755888
"42001",0.220215233188668
"42003",0.00557278193507516
"42005",0.0222323806133009
"42007",0.0201283477538002
"42009",0.021316166354752
"42011",0.0556214996582044
"42013",0.0348890576716432
"42015",0.00303272303161324
"42017",0.0289189720601449
"42019",0.0372342132363011
"42021",0.0501452164084893
"42023",9.74436376760021e-05
"42025",0.00530123394654748
"42027",0.0251636343408675
"42029",0.0595094752920688
"42031",0.0446935212471331
"42033",0.00484431026812624
"42035",0.00558183834534181
"42037",0.0663739014775164
"42039",0.0190181211350314
"42041",0.0608395100365014
"42043",0.0527349599250162
"42045",0.00380656154300137
"42047",0.000665002583524907
"42049",0.138056767437816
"42051",0.0105460755020947
"42053",0.00133314676896427
"42055",0.0781042068800633
"42057",0.0145819205018386
"42059",0.00679592813122343
"42061",0.017751463922544
"42063",0.0348564539481639
"42065",0.0155419227973465
"42067",0.0386989830778076
"42069",0.00556136171576508
"42071",0.189423356948168
"42073",0.0545991798282962
"42075",0.0697998538932325
"42077",0.0933469795837365
"42079",0.0267676698240995
"42081",0.00625383797251167
"42083",0.000394304618988824
"42085",0.0265648669999628
"42087",0.0415544881073447
"42089",0.00610141366684422
"42091",0.0129089634088274
"42093",0.0898983439865788
"42095",0.039858722374084
"42097",0.0938998998675736
"42099",0.0325313667342165
"42101",0.000251928891283436
"42103",0.000646501279449355
"42105",0.00367776286086581
"42107",0.0881410428070185
"42109",0.0785083456024399
"42111",0.0245542169835644
"42113",0.0023276468056852
"42115",0.00165284351223837
"42117",0.0015281801150215
"42119",0.0601485718411175
"42121",0.00343566123473195
"42123",0.00254377845860643
"42125",0.0100299928572595
"42127",0.00186904003251085
"42129",0.019341655331496
"42131",0.00428787245107268
"42133",0.0758117744912246
"44001",0.0153792037224797
"44003",0.00504025550650337
"44005",0.106814762931455
"44007",0.007967143151926
"44009",0.00441237535119292
"45001",0.00284370767191183
"45003",0.0168215760739155
"45005",0.102973279279693
"45007",0.00657061755164056
"45009",0.158945462112642
"45011",0.0851473277945743
"45013",0.0225032927851912
"45015",0.00575802391598725
"45017",0.119811314210116
"45019",0.020009177822788
"45021",0.00338009642272302
"45023",0.00715641368096828
"45025",0.0261464056111754
"45027",0.106539100831883
"45029",0.0406068270943624
"45031",0.163523928070865
"45033",0.163251148526571
"45035",0.0514172313723216
"45037",0.0122970128880349
"45039",0.000182846164886773
"45041",0.0900442216384112
"45043",0.0109155877902567
"45045",0.00147532313531689
"45047",0.0020165814413515
"45049",0.0812602387608592
"45051",0.0696128279676884
"45053",0.00294591251880766
"45055",0.00542701882805597
"45057",0.00311111681021924
"45059",0.00135902996305709
"45061",0.165725785912542
"45063",0.0332080680481691
"45065",5.37551722217581e-05
"45067",0.0579673332726935
"45069",0.122902083198693
"45071",0.0131833799026883
"45073",0.00399920182562339
"45075",0.0806298092364531
"45077",0.000641679242033251
"45079",0.0182961182648058
"45081",0.0078665262612141
"45083",0.00480879482619695
"45085",0.076465262851732
"45087",0.000178343783002153
"45089",0.0765046011332118
"45091",0.00884988817137945
"46003",0.131246305245792
"46005",0.177117893187271
"46007",0.0128080437221292
"46009",0.144668090980413
"46011",0.0885927055241945
"46013",0.176776563135405
"46015",0.100495203861473
"46017",0.0362034010063982
"46019",0.00109829470567345
"46021",0.0532307911860396
"46023",0.113962975626363
"46025",0.0659376312873066
"46027",0.188479756793066
"46029",0.0530228028453366
"46031",0.00503402091434883
"46033",0.000768731119163624
"46035",0.0977210873511956
"46037",0.0548190487798531
"46039",0.0498837260754216
"46041",0.0027836300724345
"46043",0.14078615697704
"46045",0.14307931906309
"46047",0.00137583260101787
"46049",0.133243008627451
"46051",0.063825472787758
"46053",0.0486119082347824
"46055",0.0078237213199255
"46057",0.080382233420276
"46059",0.0882367624709995
"46061",0.107641011687222
"46063",0.000953917941135183
"46065",0.0471459181253034
"46067",0.162183136051428
"46069",0.0288614898800033
"46071",0.00274468144721269
"46073",0.0802585956909772
"46075",0.0301717389406587
"46077",0.101207024792246
"46079",0.103255458613169
"46081",0.000289563756585649
"46083",0.196744901787091
"46085",0.0385352710839521
"46087",0.115411186374964
"46089",0.0574578640145903
"46091",0.045811436905029
"46093",0.00195638100499743
"46095",0.00881225622864884
"46097",0.083372842159804
"46099",0.0971417143872182
"46101",0.0941957176430439
"46103",0.00259516987745237
"46105",0.00337446634889729
"46107",0.0705216371278189
"46109",0.06264278819885
"46111",0.0557972283167141
"46113",0.00329834487460707
"46115",0.196747854672773
"46117",0.00876755868050556
"46119",0.0522262263214169
"46121",0.00627025330271159
"46123",0.050637912402958
"46125",0.181840637759154
"46127",0.192939028386662
"46129",0.075408186162031
"46135",0.142353424421104
"46137",0.00235251291253839
"47001",0.000658462675212509
"47003",0.0300091340246181
"47005",0.0162981117496993
"47007",0.013596809851141
"47009",0.00528664366410957
"47011",0.00653266441605173
"47013",0.00068345015837448
"47015",0.0400077354170196
"47017",0.259792395108819
"47019",0.00264509160602339
"47021",0.0280859874949163
"47023",0.0970707059707212
"47025",0.012171742901192
"47027",0.0195674084547384
"47029",0.00524202641722182
"47031",0.0398966952806458
"47033",1.09103031386164
"47035",0.00264336861165155
"47037",0.00103413380671504
"47039",0.0134012963089158
"47041",0.0201394055551722
"47043",0.00946741568363489
"47045",0.339554693230593
"47047",0.303051911936744
"47049",0.00157774506279432
"47051",0.0574409273779083
"47053",0.541718885165626
"47055",0.031378477845962
"47057",0.00889231478528154
"47059",0.0201765416308375
"47061",0.00455139619286947
"47063",0.0250328197531937
"47065",0.000987621257358079
"47067",0.00720663346676262
"47069",0.135305481654931
"47071",0.041916130421189
"47073",0.0286122538451666
"47075",0.938870627682363
"47077",0.0615913129094377
"47079",0.137053068510539
"47081",0.0130880878152454
"47083",0.00313259832189968
"47085",0.0208055682205544
"47087",0.00785803523125324
"47089",0.0187184998294281
"47091",0.00693683370047743
"47093",0.00135800231447321
"47095",0.402849347057014
"47097",0.327333249896185
"47099",0.0567849355380893
"47101",0.00167668653332813
"47103",0.0976698933307968
"47105",0.0144441216690807
"47107",0.0145980404504505
"47109",0.0734496339098532
"47111",0.123271552004109
"47113",0.34785188058792
"47115",0.0065782878517946
"47117",0.0162735379734193
"47119",0.0251098663963088
"47121",0.00346285054991236
"47123",0.00883144347352356
"47125",0.0891538150737142
"47127",0.00436976411900358
"47129",0.000896527162568463
"47131",0.222119448444912
"47133",0.00234921268250427
"47135",0.0055159941202852
"47137",0.00870617982991674
"47139",0.00467442704163561
"47141",0.00522210705853609
"47143",0.00633552013146171
"47145",0.00103026015156304
"47147",0.245647116649205
"47149",0.0281224319846649
"47151",0.000126936339111436
"47153",0.00188797203770434
"47155",0.00137660804008439
"47157",0.0875424313737758
"47159",0.0308966040332306
"47161",0.0160760212428973
"47163",0.00420322706676698
"47165",0.0404461555858071
"47167",0.357206548846882
"47169",0.0304724753159125
"47171",0.00106291313485349
"47173",0.00330316791285132
"47175",0.00079433212790081
"47177",0.0180366197969631
"47179",0.0274380533288408
"47181",0.005995861136085
"47183",0.226010689804157
"47185",0.00654739226397963
"47187",0.0141739934092746
"47189",0.00428663163774951
"48001",0.00692191544435264
"48003",0.0126098856835051
"48005",0.00375077994755433
"48007",0.000612680244690051
"48009",0.0204784367463543
"48011",0.0184427554974156
"48013",0.0246390293154654
"48015",0.0417301414096964
"48017",0.0740638407493012
"48019",0.00280682097473832
"48021",0.034294447600349
"48023",0.08816547215533
"48025",0.0407161110420011
"48027",0.120806543206764
"48029",0.0136128464646078
"48031",0.00144260640450278
"48033",0.0173057775563462
"48035",0.0134038883245607
"48037",0.0178652718795127
"48039",0.0169738824352711
"48041",0.038399479246556
"48043",0.000459702131180308
"48045",0.0450076339734622
"48047",0.00523880953693378
"48049",0.0271506739321371
"48051",0.0707801145838707
"48053",0.0056550803903514
"48055",0.068571596038657
"48057",0.0453831992196749
"48059",0.00963245618192472
"48061",0.152579941277126
"48063",0.0257547826578187
"48065",0.073792866556367
"48067",0.000432681968231403
"48069",0.1203338993137
"48071",0.00269142451187918
"48073",0.00161805831417221
"48075",0.0481168553445911
"48077",0.0210034389228278
"48079",0.0952117373218087
"48081",0.00548566557868059
"48083",0.0310087971791186
"48085",0.0694487726158281
"48087",0.0281187260109795
"48089",0.0392827001772411
"48091",0.00563305085249412
"48093",0.17018879190598
"48095",0.0279382567030969
"48097",0.04158911371875
"48099",0.0296439396126289
"48101",0.0161096768271626
"48103",0.000362707164911619
"48105",1.0315022973811e-05
"48107",0.156712169669895
"48109",0.000513918424868037
"48111",0.0808510388737071
"48113",0.00984333199095812
"48115",0.171462109431404
"48117",0.0348895882928555
"48119",0.129383411929329
"48121",0.0298499431757381
"48123",0.0393599024271845
"48125",0.013364627706205
"48127",0.00717648563004747
"48129",0.010762820715007
"48131",0.00764515694548757
"48133",0.0638282857132449
"48135",0.00120967730818203
"48137",0.00203728896484089
"48139",0.131598398283461
"48141",0.0919223971035645
"48143",0.021665562989407
"48145",0.167362876371846
"48147",0.05332626790451
"48149",0.0242378506930994
"48151",0.0840760927858447
"48153",0.213794514815405
"48155",0.0464541104306236
"48157",0.0510369397148631
"48159",0.00205343742857545
"48161",0.00161656766134352
"48163",0.0484373093780326
"48165",0.206645951587486
"48167",0.00142865397322113
"48169",0.0131756476029536
"48171",0.0106129185743621
"48173",0.0660020752042838
"48175",0.0100828945005598
"48177",0.0431731716514107
"48179",0.0308191770867757
"48181",0.0620924773840485
"48183",0.000565089881925921
"48185",0.00520958257826757
"48187",0.0754983101592155
"48189",0.287035322693825
"48191",0.0272426090912538
"48193",0.0174652872110648
"48195",0.0724667776619628
"48197",0.0686815399128776
"48199",0.000503997406989031
"48201",0.00227221692766211
"48203",0.000311043465144213
"48205",0.0537414248857584
"48207",0.154771057961137
"48209",0.00594405508917694
"48211",0.00315259648720161
"48213",0.0011433945099159
"48215",0.425485957793954
"48217",0.153586866549897
"48219",0.171428798159275
"48221",0.0560027248265148
"48223",0.019168605969767
"48225",0.0172009977514585
"48227",0.074805847413551
"48229",0.00901168226971091
"48231",0.0490140877411885
"48233",0.0340779624027658
"48235",0.00248298399501504
"48237",0.00608410394306559
"48239",0.0448567330034903
"48241",0.00239040234942935
"48243",4.2624478098346e-05
"48245",0.00225260438978883
"48247",3.39837150064517e-05
"48249",0.11169496596109
"48251",0.0267056318235885
"48253",0.138631004185002
"48255",0.0251334799115384
"48257",0.0312190516927779
"48259",0.00310360526331679
"48261",3.30945469095108e-06
"48263",0.00513907268724785
"48265",0.00363944008889549
"48267",0.00977610293512243
"48269",0.00179089984926532
"48271",0.000273241213590627
"48273",0.0442481991539848
"48275",0.190277357930265
"48277",0.0762678826706644
"48279",0.244329333844069
"48281",0.0146716447116464
"48283",0.00853132723276054
"48285",0.0290111556146283
"48287",0.0126907054550282
"48289",0.00219467865193249
"48291",0.00749927940456675
"48293",0.02992404025984
"48295",0.0113333525414647
"48297",0.0178206561593485
"48299",0.00201518013530557
"48301",0
"48303",0.232481585898097
"48305",0.186791659857916
"48307",0.0150640170988497
"48309",0.124139961831104
"48311",0.00100386236469064
"48313",0.0152120329540944
"48315",0.000190070642328292
"48317",0.0666488537344909
"48319",0.0109328673249333
"48321",0.0378241082657897
"48323",0.00385571305592773
"48325",0.0499139357963068
"48327",0.00961477326557875
"48329",0.0318374671095381
"48331",0.102151294774468
"48333",0.0525480443872526
"48335",0.0425104510462742
"48337",0.0369809740819696
"48339",0.00169564831027085
"48341",0.0621837556561086
"48343",0.00149393556164057
"48345",0.00918861046099183
"48347",0.000331426868416132
"48349",0.0785395772027689
"48351",0.00116304845653261
"48353",0.0323181477474707
"48355",0.146828932629144
"48357",0.079034744663409
"48359",0.003904676759858
"48361",0.000144642557444653
"48363",0.0224531857991933
"48365",0.000355161217849976
"48367",0.0170886836494635
"48369",0.157164669982107
"48371",0.00505235100775697
"48373",0.000397208018830888
"48375",0.00679016023481621
"48377",0.00161116276800881
"48379",0.0028395784575859
"48381",0.046714380541422
"48383",0.016557065602769
"48385",0.00281626683543218
"48387",0.0291975738306717
"48389",0.00671919494901105
"48391",0.0519934896306545
"48393",0.0042357817488188
"48395",0.0424655100822968
"48397",0.0471473103982336
"48399",0.117021449930777
"48401",0.00148857989945099
"48403",0.000127681798062639
"48405",2.72847079186744e-05
"48407",0.000890232719155088
"48409",0.16292173810947
"48411",0.0806435787617689
"48413",0.00667988721645316
"48415",0.0425090156390125
"48417",0.00702599663699324
"48419",0.00787410405639638
"48421",0.0810710043430097
"48423",0.00244075511908354
"48425",0.0232431840499187
"48427",0.0194482600778382
"48429",0.00156082271871121
"48431",0.000496502799011534
"48433",0.0248078433488339
"48435",0.00124480383200383
"48437",0.128019798468588
"48439",0.00661119610546683
"48441",0.0600574700658728
"48443",0
"48445",0.208115778324308
"48447",0.0218267361928416
"48449",0.00041600275148133
"48451",0.0549672590445159
"48453",0.0236780352670465
"48455",0.000396618268171647
"48457",0.00190022903706973
"48459",0.000480187525624113
"48461",0.0132736486062462
"48463",0.0540238046845702
"48465",9.66866193656094e-05
"48467",0.00596870864226396
"48469",0.0309006523205421
"48471",0.00568688247686404
"48473",0.034592227567536
"48475",0.000889473885294674
"48477",0.0188670533248393
"48479",4.16369740340719e-05
"48481",0.0753390152660774
"48483",0.01397446853715
"48485",0.0956527455613149
"48487",0.0956163392960146
"48489",0.146940672698856
"48491",0.146824840180836
"48493",0.0450721953279261
"48495",0.000246734091203616
"48497",0.0255875936578832
"48499",0.00316398980253675
"48501",0.149367363228203
"48503",0.0196646531015847
"48505",5.31734506896952e-05
"48507",0.0477528823889746
"49001",5.59053749594576e-06
"49003",0.00388668878602766
"49005",0.00957537273042969
"49007",2.93788768360757e-05
"49009",0
"49011",0.00389296391886283
"49013",5.06313150948257e-05
"49015",4.65072093200972e-05
"49017",9.32591479503571e-07
"49019",8.41285312469444e-05
"49021",2.48876532943285e-05
"49023",1.99181294988206e-05
"49025",7.25713799884668e-06
"49027",3.37787943567253e-05
"49029",8.71460273048411e-05
"49031",0
"49033",0
"49035",0.00145643477815709
"49037",0.000727645202428699
"49039",0.000807337171226398
"49041",8.58867805380259e-05
"49043",5.15706876912687e-06
"49045",0.000121676282408672
"49047",8.51119990253796e-05
"49049",0.0117461697673119
"49051",6.97971790325997e-05
"49053",0.000133269839508432
"49055",3.13817747643331e-05
"49057",0.00242116273625027
"50001",0.0217531067530095
"50003",0.0045761581083884
"50005",0.00374877011207279
"50007",0.0116119546668891
"50009",0.00184004059498371
"50011",0.0214312856947859
"50013",0.0257209342875652
"50015",0.004028934030192
"50017",0.00911117377731492
"50019",0.00763690564651765
"50021",0.00546563936365171
"50023",0.00416449782497348
"50025",0.00601052549964663
"50027",0.00293757641821162
"51001",0.0893110173449819
"51003",0.00880611571178219
"51005",0.000346701836540901
"51007",0.0201327380027528
"51009",0.00128311218967198
"51011",0.00771349382222769
"51013",0
"51015",0.0152374653528597
"51017",0.000966790670272395
"51019",0.0037686186241818
"51021",0.00130868279754001
"51023",0.00869475150914076
"51025",0.0242092389605297
"51027",0.000124793508571633
"51029",0.00151534756330037
"51031",0.0093294274729244
"51033",0.0303750407098972
"51035",0.00692387120805157
"51036",0.028960229649048
"51037",0.0212031863715649
"51041",0.00372833144636036
"51043",0.0331199019381077
"51045",0.00120095179101398
"51047",0.0201458501775948
"51049",0.00546778990775261
"51051",0.000379639845763799
"51053",0.026961887914023
"51057",0.0434907662043069
"51059",0.00139491605152838
"51061",0.0132239135939665
"51063",0.00408511683796856
"51065",0.00524805907676439
"51067",0.0154275565610942
"51069",0.0973200962705806
"51071",0.00105809290687249
"51073",0.0195659447182597
"51075",0.0135999683163655
"51077",0.00347092226494035
"51079",0.00194600339368688
"51081",0.0885392839045342
"51083",0.0274939314476932
"51085",0.0402038401451543
"51087",0.0154062748666008
"51089",0.00256250705208012
"51091",0.00066263670463633
"51093",0.161557805687838
"51095",0.00935186471913899
"51097",0.0283629996541198
"51099",0.0110691887205237
"51101",0.0309194696348849
"51103",0.0197035115947467
"51105",0.0124668968188456
"51107",0.0140043671456918
"51109",0.00604864451440661
"51111",0.0274695890358203
"51113",0.0187372290353714
"51115",0.0138729604237219
"51117",0.035239201925306
"51119",0.0397047370036683
"51121",0.00492586348620463
"51125",0.015333999205702
"51127",0.0208028049053779
"51131",0.155362535135059
"51133",0.054773205317703
"51135",0.0108225495360887
"51137",0.0164424393932502
"51139",0.00622582730830352
"51141",0.0113190093868506
"51143",0.0416011277879665
"51145",0.00697360678039051
"51147",0.00557153558978169
"51149",0.0202220970234391
"51153",0.00725945302792492
"51155",0.00229349777088583
"51157",0.00884666690455889
"51159",0.0445850388723811
"51161",0.00732076746980257
"51163",0.00339219787033225
"51165",0.023731038912725
"51167",0.00772086459155548
"51169",0.00945373959208634
"51171",0.0284486590881842
"51173",0.00483774734547422
"51175",0.179004173067454
"51177",0.00829430153102397
"51179",0.00683684431189488
"51181",0.0448631392611194
"51183",0.0496784654695851
"51185",0.00119064816920628
"51187",0.00345920822500176
"51191",0.00948091033022862
"51193",0.0624916971662125
"51195",0.000335167043247708
"51197",0.00620757389719893
"51199",0.00133576960059172
"51510",0
"51515",0
"51520",0
"51530",0
"51540",0
"51550",0.0265954873899648
"51570",0
"51580",0
"51590",0
"51595",0
"51600",0
"51610",0
"51620",0
"51630",0
"51640",0
"51650",0
"51660",0
"51670",0
"51678",0
"51680",0
"51683",0
"51685",0
"51690",0
"51700",0
"51710",0
"51720",0
"51730",0
"51735",0
"51740",0
"51750",0
"51760",0
"51770",0
"51775",0
"51790",0
"51800",0.112380847050489
"51810",0.0320374213253365
"51820",0
"51830",0
"51840",0
"53001",0.190164880528505
"53003",0.0281134942503533
"53005",0.355466661037775
"53007",0.0480160964484125
"53009",0.000449774667223523
"53011",0.00584673642377473
"53013",0.060695894846937
"53015",0.00268379130139239
"53017",0.0899907095108242
"53019",0.000245348910360078
"53021",0.249066716635632
"53023",0.0646639706530029
"53025",0.203556271348096
"53027",0.00212129736065787
"53029",0.00238478570897438
"53031",0.000171248832954482
"53033",0.00103343597351725
"53035",0.00130756566487146
"53037",0.00424586356975298
"53039",0.0164236080441914
"53041",0.00109468828215975
"53043",0.135468142963691
"53045",0.000171034396409486
"53047",0.033008991915399
"53049",5.17475189190464e-05
"53051",5.17104821895029e-05
"53053",0.00124595029568591
"53055",0.00396835894689935
"53057",0.0605736450549127
"53059",0.00019530400026696
"53061",0.0012439845087346
"53063",0.0397257057681437
"53065",0.0017277283423771
"53067",0.00153753867937465
"53069",0.000183247223540579
"53071",0.368978651947952
"53073",0.0208686939182393
"53075",0.122243367606839
"53077",0.117788425039275
"54001",0.000551883035633131
"54003",0.0636756384364238
"54005",0.000105851365187033
"54007",0.000264550685966657
"54009",0.00313798416568578
"54011",0.00212960716039542
"54013",0.000691321902674674
"54015",0.000183507434147797
"54017",0.000800051635024396
"54019",0.000175089668203462
"54021",0.00037070016366177
"54023",0.000414512810213397
"54025",0.00143429326141732
"54027",0.0106438253476382
"54029",0.00163584676003825
"54031",0.00410262111419651
"54033",0.000719286582229188
"54035",0.00162141046155039
"54037",0.0631731112171155
"54039",0.000112414829350911
"54041",0.00111598842216708
"54043",0.000905535770263066
"54045",4.25468828859009e-05
"54047",0.00078710487134834
"54049",0.00117243115050124
"54051",0.00165915949510691
"54053",0.0133332383725519
"54055",0.000437712330516262
"54057",0.00234077883735473
"54059",7.984683911238e-05
"54061",0.000898068502785631
"54063",0.00275640063394761
"54065",0.00522504131870626
"54067",0.000671534509387407
"54069",0.0039223165989416
"54071",0.00116488061903688
"54073",0.000964490576696925
"54075",0.000739120755005934
"54077",0.00511783407957707
"54079",0.00163356861260339
"54081",0.000398634325374865
"54083",0.000891277766930433
"54085",0.000459145804341237
"54087",0.000389245405976057
"54089",0.000508789886533873
"54091",0.000754231851699649
"54093",0.000506910701753548
"54095",0.00150648044823523
"54097",0.00242240461400076
"54099",0.000247999663030825
"54101",0.000261601777338527
"54103",0.000417844028145885
"54105",0.000892566615700898
"54107",0.00202928563725223
"54109",1.93262379042673e-05
"55001",0.254362983995874
"55003",0.000660415341352203
"55005",0.0767427600928932
"55007",0.00178307831476937
"55009",0.0543665103533456
"55011",0.043251679411064
"55013",0.014281835278543
"55015",0.0719461112821931
"55017",0.0766892650797373
"55019",0.0271190297297521
"55021",0.0515077241195304
"55023",0.040189347176953
"55025",0.0564645959714393
"55027",0.065469212965025
"55029",0.0310818205810224
"55031",0.000951091261762577
"55033",0.0995338592115092
"55035",0.0372873623807374
"55037",0.000425096060488125
"55039",0.0689512713448488
"55041",0.00049496973079688
"55043",0.0540975743591789
"55045",0.0622254978769841
"55047",0.0578152339835221
"55049",0.136589787396076
"55051",0.000751147233352766
"55053",0.0337983796306139
"55055",0.126070068376959
"55057",0.0504007907732177
"55059",0.11379423345987
"55061",0.0594340229637567
"55063",0.0357948155632453
"55065",0.0734390569640681
"55067",0.137192696222032
"55069",0.0058696759044362
"55071",0.0532290929849325
"55073",0.0364676632412784
"55075",0.00690824100187445
"55077",0.0650421219068398
"55078",0
"55079",0.011935631969702
"55081",0.0267681017866817
"55083",0.0152043959145801
"55085",0.0072374375668257
"55087",0.0803517199889259
"55089",0.0794312012982834
"55091",0.0622884591004513
"55093",0.0664450880024854
"55095",0.0420389089740602
"55097",0.391386286965501
"55099",0.000707949107763542
"55101",0.147574669598738
"55103",0.0279621217996728
"55105",0.0925480139182084
"55107",0.0178188360784711
"55109",0.0680582178169505
"55111",0.0839324681942034
"55113",0.00315915652626053
"55115",0.0185796977712509
"55117",0.0533069305863887
"55119",0.0246988127092574
"55121",0.0519063201807044
"55123",0.045325253774418
"55125",0.000405662021190655
"55127",0.119603348384694
"55129",0.0113767663759718
"55131",0.0742145075521879
"55133",0.0665751678550113
"55135",0.0531868453537654
"55137",0.273311540312432
"55139",0.0673254785499911
"55141",0.0230629283894159
"56001",1.12925934288602e-05
"56003",0.000458458752630218
"56005",0.000138677104421692
"56007",0
"56009",8.50717942773045e-05
"56011",0.000182607940070235
"56013",4.4669161282012e-05
"56015",0.00656691651714238
"56017",0
"56019",2.67212825935877e-05
"56021",0.00870590559882453
"56023",2.36806722750924e-05
"56025",2.44008992759279e-05
"56027",0.000417192957010888
"56029",9.24643037358555e-05
"56031",0.00239668657410873
"56033",0.000319330408701609
"56035",0
"56037",0
"56039",0
"56041",0
"56043",0.000148762831972854
"56045",9.66023946567454e-05
