"fips","neonic_mean"
"01001",0.0253626543749734
"01003",0.0175049559068769
"01005",0.00748222712113524
"01007",0.000342381283041163
"01009",0.0070635285154586
"01011",0.00895813690480969
"01013",0.00422987304128922
"01015",0.00741490965406931
"01017",0.000497569842346835
"01019",0.0460662033027813
"01021",0.00400416686241498
"01023",0.00145466233077905
"01025",0.000428667836797972
"01027",0.00023040818826326
"01029",0.000453818516038803
"01031",0.0256002087135037
"01033",0.0538357403734524
"01035",0.00948709156344051
"01037",0.000111217106476005
"01039",0.0126739004552354
"01041",0.0047773377460964
"01043",0.00818016952731952
"01045",0.0185072382269298
"01047",0.0344872973404636
"01049",0.0165876835942309
"01051",0.0393511469838261
"01053",0.0325869314531133
"01055",0.0109262060300236
"01057",0.010586901467023
"01059",0.00687722491872048
"01061",0.0404648514296458
"01063",0.00234063077149428
"01065",0.02179885052229
"01067",0.0286913060758789
"01069",0.0414797091085686
"01071",0.0229999958212261
"01073",0.000196158917954076
"01075",0.00170890931155754
"01077",0.0682297609307315
"01079",0.0747629245903421
"01081",0.00331927334107224
"01083",0.137045927116745
"01085",0.0253242335176789
"01087",0.0309922733562167
"01089",0.0947150445927152
"01091",0.00769398656814914
"01093",0.00391194845099143
"01095",0.00723005959628895
"01097",0.0112717148073438
"01099",0.0267427035651319
"01101",0.0190046474120505
"01103",0.0158574578925996
"01105",0.0153015128443042
"01107",0.00451922900820808
"01109",0.00864347076016648
"01111",0.00100175004198605
"01113",0.00584897947991078
"01115",0.000328420817231153
"01117",0.00636489586359081
"01119",0.00464622518241587
"01121",0.0178895234111499
"01123",0.00189273297467904
"01125",0.0050334731961483
"01127",0.000533750282011193
"01129",0.00133590677643267
"01131",0.00388655784045096
"01133",0.000228330723809462
"04001",0.000591133916884371
"04003",0.0124041836936877
"04005",8.33372680815742e-05
"04007",5.10562980640263e-05
"04009",0.00601379198749101
"04011",0.000351318933951522
"04012",0.00558553173008819
"04013",0.0171601091583124
"04015",0.000335926257348763
"04017",0.000392552619543841
"04019",0.00130291894784763
"04021",0.0366269247757758
"04023",0.000849955290853758
"04025",0.000252101813260107
"04027",0.0774857011519512
"05001",0.0544924705897226
"05003",0.0798286238593043
"05005",0
"05007",0.0006369668050676
"05009",0
"05011",1.23897188879356e-05
"05013",2.55934862279749e-06
"05015",0.000182556045501124
"05017",0.172296828299413
"05019",0.00715613200945685
"05021",0.147480482263819
"05023",0.000469239944845991
"05025",0.000106302684600153
"05027",0
"05029",0.0248079355696394
"05031",0.231267225135192
"05033",0.0151532912176794
"05035",0.185693394236735
"05037",0.0838359927402856
"05039",7.71371490162115e-05
"05041",0.184467914293004
"05043",0.0509123961019377
"05045",0.00702095283935859
"05047",0.00219307500912913
"05049",5.20470246125542e-06
"05051",0
"05053",6.49299501510741e-05
"05055",0.0725181537581278
"05057",0.000997291923818818
"05059",0.00279675064755154
"05061",5.46681499630167e-06
"05063",0.0147418883041561
"05065",2.77096391463435e-06
"05067",0.0628428595057797
"05069",0.107461642620236
"05071",0.00424618812840631
"05073",0.112140234018292
"05075",0.0315228000907058
"05077",0.271330286160373
"05079",0.131316798478868
"05081",0.0253002014858692
"05083",0.00833771093262724
"05085",0.0842025907432108
"05087",2.89256507302923e-06
"05089",1.3473481276385e-06
"05091",0.0547655265903426
"05093",0.36918719603229
"05095",0.101417501134108
"05097",0
"05099",0.000266895130039692
"05101",0
"05103",1.09770417481483e-05
"05105",0.00270605287559409
"05107",0.236834386967001
"05109",0.000156692503596296
"05111",0.136485488471286
"05113",1.87571097889381e-06
"05115",0.00587137203202149
"05117",0.055423812922674
"05119",0.0260329526529435
"05121",0.0167501094512574
"05123",0.144573068047046
"05125",4.44651471430967e-05
"05127",0
"05129",1.20760395789389e-06
"05131",0.00345547642329575
"05133",0.000175073544439647
"05135",2.39541479785388e-05
"05137",0
"05139",0
"05141",3.97564666199718e-05
"05143",0.000335596964885145
"05145",0.0103947761724191
"05147",0.104617475970292
"05149",0.00691691311871136
"06001",0.00715543386969898
"06003",0
"06005",0.000572253662440736
"06007",0.00800366068458681
"06009",0.000622203462434756
"06011",0.0169182753645654
"06013",0.0223212332442775
"06015",0.000740937300956007
"06017",0.000781356036610822
"06019",0.176708202217129
"06021",0.00954274350677767
"06023",6.53785728245833e-06
"06025",0.104229842945132
"06027",0
"06029",0.116692437127543
"06031",0.306912411981258
"06033",0.00431105698644503
"06035",4.95963405872419e-06
"06037",0.00140165751765575
"06039",0.103633185150238
"06041",9.2758371996479e-06
"06043",6.66236947963026e-06
"06045",0.00281344510363076
"06047",0.0672532895866839
"06049",0.000374084865135864
"06051",0.000160665686325797
"06053",0.438780980414567
"06055",0.0444000176529986
"06057",5.71093842445453e-05
"06059",0.00898629208366643
"06061",0.00069861037639655
"06063",0
"06065",0.0236390850056708
"06067",0.0770854412862845
"06069",0.0305125438479476
"06071",0.000234011354169565
"06073",0.00576098426927651
"06075",1.71608166392877e-05
"06077",0.173181271186535
"06079",0.0584396206679168
"06081",0.00882397302465983
"06083",0.157373984499111
"06085",0.0191333827566662
"06087",0.0553797665924441
"06089",0.000100350238034254
"06091",0
"06093",0.000338004123375163
"06095",0.0116854283214585
"06097",0.0314054327479452
"06099",0.0543742390274649
"06101",0.0437327063683095
"06103",0.00175671879822156
"06105",0
"06107",0.107242746680807
"06109",9.41690467249377e-06
"06111",0.126409745818216
"06113",0.0346631079395592
"06115",0.00620751773922365
"08001",0.0235467875942525
"08003",0.0140462968232009
"08005",0.00910507393758092
"08007",2.97879518704366e-06
"08009",0.01717205971871
"08011",0.00283765031990712
"08013",0.00287068957398501
"08014",0.0159736210167302
"08015",8.651770959661e-05
"08017",0.0214886928657775
"08019",0
"08021",0.000168074765002759
"08023",0.00151638249142998
"08025",0.000811099644175945
"08027",0
"08029",0.00183689008654029
"08031",0.00129857256672113
"08033",0.000436469687835914
"08035",0.000288150720332965
"08037",3.91557731731304e-05
"08039",0.00479320847777171
"08041",0.000341902499732384
"08043",9.28693806308657e-05
"08045",3.22017602620651e-05
"08047",0
"08049",1.65552205817306e-05
"08051",8.69169323011536e-06
"08053",0
"08055",2.32566994510584e-05
"08057",2.04369258489014e-05
"08059",5.26282738687199e-05
"08061",0.0150081041125376
"08063",0.0589947589101316
"08065",0
"08067",6.17993169247123e-05
"08069",0.0033826649933725
"08071",5.27525490874574e-05
"08073",0.0100355997809774
"08075",0.0232176727387624
"08077",0.000620746675689967
"08079",0
"08081",0.000161272953872734
"08083",0.000436764631405906
"08085",0.00183262540519422
"08087",0.031108887397206
"08089",0.00451600716645892
"08091",1.48520929615659e-06
"08093",3.6665242607427e-06
"08095",0.125053094531392
"08097",4.80623506442621e-05
"08099",0.0118825948129368
"08101",0.0012985468141791
"08103",3.49628567883312e-05
"08105",0.0111224625087815
"08107",0.000122256082719524
"08109",0.00262750718985964
"08111",0
"08113",1.31290328817335e-05
"08115",0.0498017163591927
"08117",1.32221316779484e-06
"08119",0
"08121",0.0221584827370242
"08123",0.022309239405145
"08125",0.0741164036971423
"09001",0.00167340275221772
"09003",0.0127764481660243
"09005",0.00415575989162394
"09007",0.00332815521304663
"09009",0.00692065084927472
"09011",0.00415087310159408
"09013",0.00981026471193491
"09015",0.00653496153199392
"10001",0.0627965005420699
"10003",0.0381163232157128
"10005",0.141932547281666
"11001",0
"12001",0.00967714714449384
"12003",0.00184315626329603
"12005",0.000221653645472816
"12007",0.000755228881624156
"12009",0.0105601744577111
"12011",0.00105917636656513
"12013",0.0137954137502482
"12015",0.0657061798697667
"12017",0.000701088080156989
"12019",0.000122448315849273
"12021",0.0781896226634795
"12023",0.00413599002490678
"12027",0.258265066931595
"12029",0.00248368986770025
"12031",0.000955091312020681
"12033",0.0178664834490675
"12035",0.0125314248969021
"12037",0
"12039",0.0130160172076784
"12041",0.0150488798102725
"12043",0.040755410796178
"12045",8.55704089629299e-06
"12047",0.0139007780825662
"12049",0.21325060685348
"12051",0.334154126474011
"12053",0.00331427846563987
"12055",0.170051716456082
"12057",0.0889361903482995
"12059",0.0119200978939569
"12061",0.314860955744785
"12063",0.0415073425609637
"12065",0.00817162248611564
"12067",0.00491883910804468
"12069",0.0207947828762606
"12071",0.0499916570808366
"12073",0.000896231196789793
"12075",0.00707190762647938
"12077",5.7760809491097e-06
"12079",0.00795654955422915
"12081",0.337587952083538
"12083",0.00371440200418606
"12085",0.183687329103599
"12086",0.046200642087866
"12087",0
"12089",0.000503481685626879
"12091",0.00374412482876412
"12093",0.0394203310512007
"12095",0.0119353041981809
"12097",0.00916994181824768
"12099",0.0642228909762875
"12101",0.0170205427033041
"12103",0.000188022064848058
"12105",0.0768985312381629
"12107",0.00927727338966295
"12109",0.0471079714932726
"12111",0.304572776374624
"12113",0.0194040754249023
"12115",0.00562620152626163
"12117",0.00549656310198316
"12119",0.00254579624355268
"12121",0.0385360128189907
"12123",0.000530441935324122
"12125",0.00545927186406822
"12127",0.00239553310382895
"12129",0.000273246823428466
"12131",0.00389853924246075
"12133",0.00515086962918859
"13001",0.0445399302913801
"13003",0.050289386997297
"13005",0.0476481672885019
"13007",0.0659463529639844
"13009",0.0153111646092211
"13011",0.00232554593259397
"13013",0.0021124424795759
"13015",0.0350269557108967
"13017",0.0508282368791838
"13019",0.0919657427715829
"13021",0.0042930355757014
"13023",0.051507529258543
"13025",0.003934958395688
"13027",0.119446472406986
"13029",0.00224357534706373
"13031",0.0563918537157896
"13033",0.0312951512094986
"13035",0.000689244577704504
"13037",0.0962987075385417
"13039",4.19887062789718e-05
"13043",0.0418234430656932
"13045",0.000322347281108822
"13047",0.000699421142983122
"13049",0.000582298593372425
"13051",0.000135812054301104
"13053",0.000339555957420719
"13055",0.0236509562936031
"13057",0.000167867471870054
"13059",0.000229436951202461
"13061",0.0437140549980977
"13063",0
"13065",0.000262355831413033
"13067",0.000158720509288301
"13069",0.0750407939765668
"13071",0.178875214527976
"13073",0.000402064700466522
"13075",0.136962052321141
"13077",0.000696934310632385
"13079",0.0373509054363863
"13081",0.173297522982297
"13083",0.000157194662539779
"13085",0.00243797445512973
"13087",0.0805281483540292
"13089",9.01830793924853e-06
"13091",0.0316616041616252
"13093",0.162852157786162
"13095",0.0465047912927063
"13097",0.000643287665298792
"13099",0.078533789604931
"13101",0.0119543802925165
"13103",0.0118173153225525
"13105",0.0100657639513989
"13107",0.0243120515775326
"13109",0.025430891252126
"13111",0.00454269243101652
"13113",7.86407477968392e-05
"13115",0.0278190172995059
"13117",0.000473964594837091
"13119",0.00334059491600286
"13121",0.000409341499963605
"13123",0.00750934733456026
"13125",0.00786247694767172
"13127",0.000134142048021892
"13129",0.0339264857105752
"13131",0.0716571477643242
"13133",0.000672677436215107
"13135",0.000325203223059461
"13137",0.00449945301546578
"13139",0.0067150699481519
"13141",0.000951259976877804
"13143",0.00150804128420723
"13145",0.000650274343349092
"13147",0.0144023548182182
"13149",0.000366824846721616
"13151",0.00052938232177578
"13153",0.0285839287826318
"13155",0.122244862422027
"13157",0.000641773456950958
"13159",0.000434781722076605
"13161",0.0691653056662081
"13163",0.028556648546888
"13165",0.0372056450511212
"13167",0.01024421108283
"13169",0.00175400772519269
"13171",0.00472545240917348
"13173",0.0537610196538037
"13175",0.0230733256923421
"13177",0.0866068872036826
"13179",0.000293963943604988
"13181",5.73518603241753e-05
"13183",0.00260026123885087
"13185",0.0233384798540752
"13187",0.00197020007607808
"13189",0.00204640010606784
"13191",7.58313319930835e-06
"13193",0.0521809029207778
"13195",0.00327380592015543
"13197",0.00875579099078423
"13199",0.000654771658523252
"13201",0.125711892752014
"13205",0.153584175773635
"13207",0.000658697113416132
"13209",0.0245387584847454
"13211",0.00216524108617462
"13213",0.0276014448087765
"13215",2.97388066024293e-05
"13217",0.00130634256775708
"13219",0.0177208669533525
"13221",0.00157573347463547
"13223",2.576329301975e-06
"13225",0.0422833316155576
"13227",0.00216990320445695
"13229",0.0480984530084562
"13231",0.00187613725553715
"13233",0.0254119997921574
"13235",0.0798529364132042
"13237",0.00205156440325964
"13239",0.00563778503827326
"13241",0.00205664024612177
"13243",0.0373003609098332
"13245",0.00169146614697352
"13247",0.0018778117801037
"13249",0.00884833239967407
"13251",0.0389645002394328
"13253",0.146581177458947
"13255",0.0014370563008668
"13257",0.00120793128934504
"13259",0.00894274597096786
"13261",0.0896237373281444
"13263",0.000517908008400849
"13265",1.65333174038751e-05
"13267",0.0383294074592079
"13269",0.0135214145579253
"13271",0.0223782466781233
"13273",0.0964471087266736
"13275",0.0800559385684526
"13277",0.169922588981101
"13279",0.0318145186553069
"13281",0.000613318250201625
"13283",0.0140277082226044
"13285",0.000190414064940691
"13287",0.103977126810661
"13289",0.016000138376772
"13291",0.00319576762270936
"13293",0.0021064657961468
"13295",0.0105291383634572
"13297",0.00273164802234299
"13299",0.00799096413690159
"13301",0.00477877459786914
"13303",0.0102329933280099
"13305",0.0186174403992093
"13307",0.0453429124266363
"13309",0.0198288108070149
"13311",0.00988237196925316
"13313",0.0053474983768786
"13315",0.09251406872813
"13317",0.00125413831498008
"13319",0.00248520420027513
"13321",0.112576013681396
"16001",0.0074203854975001
"16003",0.000163465750092684
"16005",0.016225193109473
"16007",0.002261009705559
"16009",0.00478100952163894
"16011",0.101126939755336
"16013",0.00331630076225059
"16015",2.710575527611e-05
"16017",0.000173899921983681
"16019",0.0408074005555282
"16021",0.00141211447642077
"16023",0.00161945068856226
"16025",0.000630331777793496
"16027",0.0890339881115538
"16029",0.015325251520306
"16031",0.0548412332281937
"16033",0.00783001774273012
"16035",0.00144654223211372
"16037",0.000809129118369661
"16039",0.0103032066130513
"16041",0.0255842069969637
"16043",0.0422704428492373
"16045",0.018699050165285
"16047",0.0585508054304938
"16049",0.00184609498500632
"16051",0.0693972070515939
"16053",0.0993309046313817
"16055",0.00713523655916139
"16057",0.0173420561743879
"16059",0.000136960211927018
"16061",0.0190764796455163
"16063",0.00908420866124801
"16065",0.18700371592204
"16067",0.186937512351651
"16069",0.0119752205278633
"16071",0.0199040158522845
"16073",0.00300890080925459
"16075",0.0319286650848639
"16077",0.0702775594989487
"16079",0
"16081",0.0374775278702661
"16083",0.0256794946892493
"16085",0.000262747352139369
"16087",0.00225649638754414
"17001",0.13087117226398
"17003",0.0637330690653011
"17005",0.158568494740594
"17007",0.17726085915245
"17009",0.110594309264022
"17011",0.205035269116071
"17013",0.064511937180308
"17015",0.192715170470938
"17017",0.17074790398544
"17019",0.244061409966691
"17021",0.231555032013126
"17023",0.171554044338589
"17025",0.158371189225064
"17027",0.208926272276684
"17029",0.200284886699991
"17031",0.00285307147723819
"17033",0.164154382634476
"17035",0.170100402047618
"17037",0.2282968575326
"17039",0.233604245561361
"17041",0.256617862777951
"17043",0.00557049480303757
"17045",0.231177625371166
"17047",0.0924499105814105
"17049",0.171862778585246
"17051",0.135221015512544
"17053",0.257553457572015
"17055",0.0667914137903767
"17057",0.126276888742474
"17059",0.113865567944688
"17061",0.168482609893715
"17063",0.187703111317197
"17065",0.0850911595898566
"17067",0.161020508250538
"17069",0.00961930810092868
"17071",0.175435086480394
"17073",0.203951412062745
"17075",0.251438796731222
"17077",0.081912707420218
"17079",0.177213544710083
"17081",0.0551927989019741
"17083",0.145951898051047
"17085",0.100124663588632
"17087",0.0268785106470106
"17089",0.112557186998053
"17091",0.221061660616108
"17093",0.171128431206133
"17095",0.172412714449314
"17097",0.0155937147443483
"17099",0.194342946197765
"17101",0.175104328641694
"17103",0.219970951426423
"17105",0.252396683657159
"17107",0.26675891898771
"17109",0.186523903058851
"17111",0.113890707278008
"17113",0.25776495005259
"17115",0.247960363355356
"17117",0.17918537651576
"17119",0.134039928517684
"17121",0.117173716732214
"17123",0.228786605469972
"17125",0.19849098489288
"17127",0.0595202044348448
"17129",0.217742580537463
"17131",0.169050844190981
"17133",0.151854051462166
"17135",0.19496233694307
"17137",0.199952427022843
"17139",0.239731234364907
"17141",0.187436476615169
"17143",0.154964107948272
"17145",0.131964027214376
"17147",0.26555190336916
"17149",0.14388592133751
"17151",0.0131681963594065
"17153",0.1152908847627
"17155",0.151362523000293
"17157",0.13129756835433
"17159",0.185696040754604
"17161",0.110203430980631
"17163",0.14612898473168
"17165",0.0642941527307525
"17167",0.218949354513896
"17169",0.11600107281378
"17171",0.179871487703573
"17173",0.202058957633234
"17175",0.274474889194168
"17177",0.196797650104971
"17179",0.21006782859592
"17181",0.043864887143687
"17183",0.211000306584876
"17185",0.116103361015056
"17187",0.22557549980757
"17189",0.208432596451728
"17191",0.0864955236305139
"17193",0.10800521325022
"17195",0.217097090435087
"17197",0.0907942840526278
"17199",0.0439188319005083
"17201",0.117784274404562
"17203",0.243712960318069
"18001",0.22043857445034
"18003",0.141875155230691
"18005",0.164156106734098
"18007",0.323182142784645
"18009",0.204247351565655
"18011",0.232311729244056
"18013",0.00548918941311063
"18015",0.224224005807547
"18017",0.203044917730182
"18019",0.0596291706114531
"18021",0.169129212653688
"18023",0.259279018025691
"18025",0.0062135848706661
"18027",0.163635672252109
"18029",0.0282424209883161
"18031",0.203894978758352
"18033",0.152968214250114
"18035",0.184817370602156
"18037",0.108343945037162
"18039",0.112644661777353
"18041",0.153001621466122
"18043",0.0190308335023265
"18045",0.225932218944087
"18047",0.0956286750063947
"18049",0.213944697154676
"18051",0.186223614336702
"18053",0.189972399793978
"18055",0.0730026968240107
"18057",0.135099235396001
"18059",0.224533537461413
"18061",0.0480337004380832
"18063",0.175744835877297
"18065",0.193972091129698
"18067",0.217573752782451
"18069",0.205356265734529
"18071",0.111850736303337
"18073",0.25319413294133
"18075",0.195721981364747
"18077",0.0698206048085393
"18079",0.111545868937481
"18081",0.163329894690652
"18083",0.242111315380843
"18085",0.165787613587285
"18087",0.127497446633599
"18089",0.123700261605282
"18091",0.184704969942565
"18093",0.0358772843373749
"18095",0.195098586289273
"18097",0.0165768259055265
"18099",0.168388156503426
"18101",0.0386739773853244
"18103",0.174731588340351
"18105",0.0144988803112434
"18107",0.239174630194327
"18109",0.11164003935172
"18111",0.237378075059717
"18113",0.149115623789582
"18115",0.0315345686358448
"18117",0.0455425799139196
"18119",0.0540013344206152
"18121",0.132312987924282
"18123",0.0231561308818213
"18125",0.0782291134448607
"18127",0.145600876607964
"18129",0.187045097462243
"18131",0.228181496001086
"18133",0.136040092491575
"18135",0.216943465431272
"18137",0.116559686968464
"18139",0.236421474715711
"18141",0.133618088186178
"18143",0.0849342929685517
"18145",0.232531092511215
"18147",0.119281015606096
"18149",0.169473451432739
"18151",0.114710424282113
"18153",0.135835709382683
"18155",0.0343651043191635
"18157",0.190228994599905
"18159",0.264535741652306
"18161",0.189444955012126
"18163",0.11887823517418
"18165",0.162993847426275
"18167",0.120395673332499
"18169",0.172970126266667
"18171",0.226576706044118
"18173",0.0864861801152285
"18175",0.0811589362933314
"18177",0.150594301272278
"18179",0.23843106387043
"18181",0.275684018105667
"18183",0.170704216237942
"19001",0.140959297951898
"19003",0.119735806391731
"19005",0.0672319145873821
"19007",0.0778657180795354
"19009",0.190173380479132
"19011",0.172393471012533
"19013",0.155052610584738
"19015",0.193017793603732
"19017",0.16686711517916
"19019",0.182567906792888
"19021",0.260082273354539
"19023",0.201242060213196
"19025",0.219837821555698
"19027",0.216022599446544
"19029",0.163141234284608
"19031",0.166867029194841
"19033",0.207099843857683
"19035",0.232305406126605
"19037",0.165610715984228
"19039",0.085524041930099
"19041",0.238909504271869
"19043",0.100082046701418
"19045",0.167818604805084
"19047",0.202264382883056
"19049",0.168188439493064
"19051",0.0850672698235024
"19053",0.074203925256934
"19055",0.172328135624078
"19057",0.166820637417703
"19059",0.219285971155758
"19061",0.110747645536915
"19063",0.250150451209701
"19065",0.145794243410175
"19067",0.202052348883511
"19069",0.22478221353039
"19071",0.16398535406844
"19073",0.214479306957554
"19075",0.228896140022842
"19077",0.141845641680564
"19079",0.222702754647369
"19081",0.222286981252718
"19083",0.213744866682944
"19085",0.176228582945994
"19087",0.189160399620218
"19089",0.164651502114554
"19091",0.213532138476781
"19093",0.206981603211393
"19095",0.130904614973192
"19097",0.0905553762151378
"19099",0.169721074919225
"19101",0.148552730405157
"19103",0.120975168430599
"19105",0.146021036188887
"19107",0.181747349270836
"19109",0.223535351262225
"19111",0.139249863535342
"19113",0.129847598196641
"19115",0.179060539014003
"19117",0.0715247613330144
"19119",0.253713702787232
"19121",0.142562816526249
"19123",0.207668346447615
"19125",0.161244521322934
"19127",0.188784952965148
"19129",0.162906980151809
"19131",0.213497781556172
"19133",0.177724971468798
"19135",0.0835805589759404
"19137",0.163979908421108
"19139",0.133052788158513
"19141",0.24933943932017
"19143",0.262031866928654
"19145",0.154322174167947
"19147",0.263427104255935
"19149",0.237794769013221
"19151",0.265890234166709
"19153",0.114251405300093
"19155",0.179303339255711
"19157",0.170955212886569
"19159",0.110593131640625
"19161",0.214508702824898
"19163",0.148038431047697
"19165",0.213004614245908
"19167",0.262210546878389
"19169",0.201088420463975
"19171",0.170559206319899
"19173",0.113825470548773
"19175",0.145972817610657
"19177",0.0968910376924291
"19179",0.129724601397319
"19181",0.134084098746198
"19183",0.198293797971585
"19185",0.124049954136589
"19187",0.208858712535348
"19189",0.213064849865831
"19191",0.11578160776198
"19193",0.171522891781255
"19195",0.201360605622625
"19197",0.216963437293613
"20001",0.0432509866183593
"20003",0.0611978898543249
"20005",0.112853562676747
"20007",0.00791843795843242
"20009",0.0309462210818256
"20011",0.0159326199756427
"20013",0.151696770299063
"20015",0.0281458349809271
"20017",0.00855093560601161
"20019",0.00341830305154638
"20021",0.0688222282243644
"20023",0.0210928376003093
"20025",0.00563030277453439
"20027",0.0575193013079684
"20029",0.0444232201211682
"20031",0.0427729707820863
"20033",0.00515097714527586
"20035",0.027989458188615
"20037",0.0530291406954741
"20039",0.0343459229296514
"20041",0.0289200459654453
"20043",0.143406227680444
"20045",0.0441404345125412
"20047",0.0748083528915297
"20049",0.00617269224620304
"20051",0.00931651303983982
"20053",0.0103580307494711
"20055",0.0674577199910149
"20057",0.0470174589051033
"20059",0.0480399476178795
"20061",0.0174483088398749
"20063",0.0451651356158796
"20065",0.0218640693264884
"20067",0.0755091855145268
"20069",0.0773497743011397
"20071",0.0391572234903226
"20073",0.00789252440705268
"20075",0.0230035198458852
"20077",0.0150542038431122
"20079",0.0848246533223932
"20081",0.129067834644758
"20083",0.0243336251732574
"20085",0.0405684796416429
"20087",0.0617073058798715
"20089",0.0419544817168454
"20091",0.0213322914030455
"20093",0.0441217718589145
"20095",0.0176134305121851
"20097",0.0283231635640917
"20099",0.0428619011185453
"20101",0.0172243192073022
"20103",0.037407720526859
"20105",0.0174562609432079
"20107",0.0284036727142562
"20109",0.0352354438138362
"20111",0.0310998106711828
"20113",0.0361295972407918
"20115",0.034053794509411
"20117",0.0934748535279308
"20119",0.0714845983349658
"20121",0.0309952108163485
"20123",0.0440889052757085
"20125",0.034986204221035
"20127",0.02485748354078
"20129",0.0389209402365963
"20131",0.10958045556232
"20133",0.0401913598150916
"20135",0.00919001556582926
"20137",0.0345637809659934
"20139",0.0421173706408506
"20141",0.0254660279916579
"20143",0.0329917547653454
"20145",0.043644204832786
"20147",0.031396019133911
"20149",0.0363300065067164
"20151",0.0630605438768488
"20153",0.023983583063482
"20155",0.0356853592137148
"20157",0.0732267853773245
"20159",0.0400994934263884
"20161",0.0299249007738834
"20163",0.0243264810016398
"20165",0.0163831459574748
"20167",0.0105164838650152
"20169",0.0194029305329932
"20171",0.0525734510885976
"20173",0.0405910140686277
"20175",0.0862532245026821
"20177",0.0411670225837414
"20179",0.0540117913162034
"20181",0.0382132294189789
"20183",0.0421733822257617
"20185",0.0612054182230262
"20187",0.0776115828599216
"20189",0.141860943896866
"20191",0.0444832879589943
"20193",0.0573550765926498
"20195",0.0161883573659214
"20197",0.0186395087851766
"20199",0.0403848152225446
"20201",0.0596014066176514
"20203",0.0475596525641971
"20205",0.0452575800356055
"20207",0.0291878620853588
"20209",0.013779499701792
"21001",0.016618177959907
"21003",0.0186694371083064
"21005",0.00597409755906728
"21007",0.12599901002244
"21009",0.0397898993892309
"21011",0.015069554719558
"21013",0.000230782820914578
"21015",0.00871773232863423
"21017",0.0294021902904193
"21019",0.000895632879093062
"21021",0.0148045480955843
"21023",0.0127339528304525
"21025",0.00050966614407012
"21027",0.0301557724835529
"21029",0.00860643021972411
"21031",0.0262124299122677
"21033",0.0695008093242235
"21035",0.111370116203618
"21037",0.00330665736169491
"21039",0.133836694509477
"21041",0.0144209996107797
"21043",0.00222360409096385
"21045",0.0139389713014655
"21047",0.109873782505962
"21049",0.0171509168975586
"21051",0.00206560008863491
"21053",0.00886975773589832
"21055",0.037973984417251
"21057",0.00345281319152724
"21059",0.140533697742353
"21061",0.00872942237115212
"21063",0.00113285558436293
"21065",0.00366467626169929
"21067",0.0195643574754068
"21069",0.0233045622084283
"21071",0.00031288050089616
"21073",0.0119603488969355
"21075",0.154946596876865
"21077",0.0189744251190312
"21079",0.0143061614046602
"21081",0.005696898249278
"21083",0.121519256816957
"21085",0.0171969691010265
"21087",0.0286336119263794
"21089",0.00351743688606463
"21091",0.0402378087197312
"21093",0.0353033259720515
"21095",0.000562927819746058
"21097",0.0213589809052032
"21099",0.0151179972925352
"21101",0.141978267780726
"21103",0.0257771261431276
"21105",0.174143658599526
"21107",0.0473296789826628
"21109",0.00202958297545005
"21111",0.00358191546995044
"21113",0.0112163279416208
"21115",0.000565008716576383
"21117",0.00401562038481539
"21119",2.74596108876359e-05
"21121",0.00133890677434288
"21123",0.0560932821826521
"21125",0.00316596327444063
"21127",0.000420000803566774
"21129",0.000554592711759721
"21131",1.20402793854966e-05
"21133",1.90434005891045e-05
"21135",0.00723520577596051
"21137",0.0235755661114354
"21139",0.0392675711678754
"21141",0.108855310402257
"21143",0.0308939598989509
"21145",0.0631262729779412
"21147",5.65398292654925e-05
"21149",0.145516784076446
"21151",0.00619159139009772
"21153",0.00122569448722188
"21155",0.0316678720418571
"21157",0.043095592035598
"21159",1.05099491518042e-05
"21161",0.0365998321676356
"21163",0.0376402041512918
"21165",0.0040024357629082
"21167",0.0170350636521274
"21169",0.015574089655728
"21171",0.0228927336345622
"21173",0.0169013889940939
"21175",0.00254740651464822
"21177",0.0303907379216542
"21179",0.0376554128758575
"21181",0.0248974145097974
"21183",0.0391085462616967
"21185",0.0122449766114903
"21187",0.00904947233551598
"21189",0.00204958596220836
"21191",0.0106019199760124
"21193",0.00020602634726352
"21195",0.000155389519334683
"21197",0.00766272089998454
"21199",0.0169902221320848
"21201",0.00818782116708871
"21203",0.00685340173000679
"21205",0.00437270285610894
"21207",0.0153355777388363
"21209",0.0153529880749156
"21211",0.055305343988496
"21213",0.14247430585533
"21215",0.0242593010141403
"21217",0.0350381309278631
"21219",0.122219653846993
"21221",0.0576197679862138
"21223",0.0212223056835017
"21225",0.182033940945334
"21227",0.0495503973169775
"21229",0.0196368844759407
"21231",0.0142610172611512
"21233",0.0972278281066579
"21235",0.0014293374816329
"21237",0.00136132298244745
"21239",0.0226889882252998
"22001",0.0544103424867594
"22003",0.00792609649996434
"22005",0.00733697154224472
"22007",0.00733460371033117
"22009",0.0757519323568996
"22011",0.00259660479645026
"22013",0.000295469474431795
"22015",0.0117000471299864
"22017",0.0653829890233008
"22019",0.00480210893285975
"22021",0.0217099134638995
"22023",0.0028327897989927
"22025",0.165217890700253
"22027",5.32787389706239e-06
"22029",0.151008610763849
"22031",0.00144508730960694
"22033",0.00120469427236367
"22035",0.378345137326858
"22037",0.00687805125925395
"22039",0.0209966396673551
"22041",0.219383338401032
"22043",0.0120439307443763
"22045",0.0097249388180886
"22047",0.015781314778197
"22049",0
"22051",0
"22053",0.0410780020390392
"22055",0.0200466131436377
"22057",0.000975151749594807
"22059",0.00056399392933067
"22061",0.00138115104495678
"22063",3.84710587953656e-05
"22065",0.303897850311894
"22067",0.187946858130151
"22069",0.0262610700367672
"22071",0
"22073",0.0365116460168178
"22075",0
"22077",0.0802609557273818
"22079",0.0365166839673678
"22081",0.0380699542977417
"22083",0.201716682447728
"22085",1.11376533330872e-05
"22087",0
"22089",0
"22091",0.00178246231612321
"22093",0.00792599858751799
"22095",0.00295218188029655
"22097",0.054405427927611
"22099",0.0144246644210156
"22101",0.00619021545272087
"22103",0.00015030657573188
"22105",0.00213071093698988
"22107",0.401839855939966
"22109",9.14204277157419e-06
"22111",1.19236824886239e-05
"22113",0.0155651437753385
"22115",0.000129024345117516
"22117",0.00518171307612362
"22119",0.000630720563251438
"22121",0.0139976337749618
"22123",0.169079139245605
"22125",0.0126577561558502
"22127",0
"23001",0.00801410199400761
"23003",0.0354937717992202
"23005",0.00131648953540555
"23007",0.000468894594919434
"23009",0.00041210093757109
"23011",0.00337505291880494
"23013",0.00035908398069841
"23015",0.00166057636993639
"23017",0.00384714094158674
"23019",0.00208046063589191
"23021",0.000574519263796765
"23023",0.000152191371528804
"23025",0.000493359156210087
"23027",0.00127833481523495
"23029",0.000915286866966355
"23031",0.000341818005273307
"24001",0.00246913038007063
"24003",0.00872811909900812
"24005",0.0251261709843719
"24009",0.0162044139725798
"24011",0.108149041680624
"24013",0.0638514379954721
"24015",0.0511516192787194
"24017",0.0119879524668541
"24019",0.0383845090192443
"24021",0.0522561655898177
"24023",0.0102315136941749
"24025",0.0326415663262135
"24027",0.0236301817695683
"24029",0.12596604104023
"24031",0.0265176817495803
"24033",0.00749734495472604
"24035",0.110311528689555
"24037",0.0275310285167843
"24039",0.0290531748133019
"24041",0.106944797195834
"24043",0.0573140654089665
"24045",0.041668550316714
"24047",0.0439514829917827
"24510",0
"25001",0.00041268747211449
"25003",0.00205515536733831
"25005",0.00414190533530044
"25007",0.000934916702988038
"25009",0.00454967136775736
"25011",0.0129987696718164
"25013",0.00432467411567878
"25015",0.0228137863897292
"25017",0.0047103090684815
"25019",0.00053661037914165
"25021",0.00154740981873493
"25023",0.00162932277718773
"25025",0
"25027",0.00702434625872348
"26001",0.00334708263012321
"26003",0.000338428643664783
"26005",0.0827293929936991
"26007",0.0116339984688123
"26009",0.030194880122594
"26011",0.0396994772120592
"26013",2.14917278685276e-05
"26015",0.0731499512671491
"26017",0.11053022584258
"26019",0.0180146427372403
"26021",0.0939970127374077
"26023",0.18277231463205
"26025",0.112401638355956
"26027",0.100244124462398
"26029",0.00965434815088586
"26031",0.0017105018505405
"26033",0.000112004616187121
"26035",0.00480647483674898
"26037",0.152216342759989
"26039",0.000109895737458354
"26041",0.00844013525791225
"26043",0.00553578374266702
"26045",0.126863011824662
"26047",0.00352898912829184
"26049",0.0427649560721319
"26051",0.0103749671037117
"26053",0.000312451337857244
"26055",0.0343522933936136
"26057",0.121145586207233
"26059",0.136059091124312
"26061",0.000242326276543068
"26063",0.104015068111573
"26065",0.11397007843968
"26067",0.145485551938343
"26069",0.00933150845131513
"26071",0.00490153220378928
"26073",0.0583665194072458
"26075",0.0759319172999214
"26077",0.0562319693122861
"26079",0.0108444935430863
"26081",0.0731953814635511
"26083",0
"26085",0.00231799283866789
"26087",0.0476712378644426
"26089",0.0599025079535733
"26091",0.0974906589226274
"26093",0.0242215610146795
"26095",0.00153883401477217
"26097",0.000406296141034037
"26099",0.0310825848308964
"26101",0.00915879455609374
"26103",0.000833112671889881
"26105",0.0467852056266618
"26107",0.0324260924668496
"26109",0.00580742318149936
"26111",0.0332095563956368
"26113",0.0215222356690088
"26115",0.101809075538988
"26117",0.16856518191507
"26119",0.00465561968555887
"26121",0.0613910806483677
"26123",0.0393898442195931
"26125",0.00401511331996601
"26127",0.0783375325923228
"26129",0.0131372798596273
"26131",0.000270534134587885
"26133",0.00966292619850951
"26135",0.0013294203889157
"26137",0.00612143428990823
"26139",0.0745953500182797
"26141",0.0311924448993678
"26143",0.000116097464138358
"26145",0.101762562958997
"26147",0.0411820789821864
"26149",0.218359230201568
"26151",0.0957241428620219
"26153",0.000935980733651312
"26155",0.146114161186545
"26157",0.0889905073616419
"26159",0.0683797722820922
"26161",0.0435821820575383
"26163",0.00345758894160077
"26165",0.00509675482712156
"27001",0.00216630802161724
"27003",0.0121966067912106
"27005",0.0328405064059819
"27007",0.00256026628773211
"27009",0.085246624196467
"27011",0.138875788109876
"27013",0.183423752176256
"27015",0.184470504111847
"27017",0.000894604178735465
"27019",0.0996401520079259
"27021",0.00301770134877237
"27023",0.178594159400192
"27025",0.0526238829011213
"27027",0.0970364653886773
"27029",0.00671161292741139
"27031",2.21549734199008e-06
"27033",0.217846494106993
"27035",0.00427270593074232
"27037",0.11486447047524
"27039",0.187511290651644
"27041",0.0737862763285214
"27043",0.215430666706376
"27045",0.123562245978463
"27047",0.198381858819176
"27049",0.14096649895822
"27051",0.144310128246087
"27053",0.0233936267554326
"27055",0.0613667922358249
"27057",0.0149244698294488
"27059",0.0640134252742312
"27061",0.00124317842908981
"27063",0.209824706015766
"27065",0.0209582121524542
"27067",0.118178698142378
"27069",0.0392854383483845
"27071",0.000607416803852147
"27073",0.166490307819437
"27075",1.14405064590393e-06
"27077",0.00908147499975601
"27079",0.155609579482908
"27081",0.164008745033445
"27083",0.205721647387293
"27085",0.139714875909514
"27087",0.0565942347494285
"27089",0.0425008496142824
"27091",0.227028123526584
"27093",0.120875470273505
"27095",0.026655216481962
"27097",0.045474577637351
"27099",0.204797864289063
"27101",0.204370117574225
"27103",0.20177358352713
"27105",0.216458350016466
"27107",0.0956308778324429
"27109",0.115648042733797
"27111",0.080033762369418
"27113",0.044912256547648
"27115",0.00902418430760225
"27117",0.176449494004741
"27119",0.0661588316349403
"27121",0.117929250892422
"27123",0.00137927961083883
"27125",0.0592168845107156
"27127",0.217821887237424
"27129",0.16555914887758
"27131",0.128553870409794
"27133",0.222007625487956
"27135",0.0211310426748064
"27137",5.26604573579211e-05
"27139",0.0713880797158621
"27141",0.0814380810726999
"27143",0.163048293436502
"27145",0.090509124541588
"27147",0.187453463215271
"27149",0.176265638409238
"27151",0.160959689197502
"27153",0.0496221893697446
"27155",0.173621348391508
"27157",0.102178100468005
"27159",0.0320330824031392
"27161",0.199785635419718
"27163",0.0371605738683875
"27165",0.210388298017728
"27167",0.118562178846459
"27169",0.0771705711535687
"27171",0.0778954552995005
"27173",0.176145090368409
"28001",0.0239987978321407
"28003",0.0302638941847399
"28005",0.00274112429575857
"28007",0.021757068461087
"28009",0.0117941924311472
"28011",0.205509279015648
"28013",0.0692146061342038
"28015",0.058809623528104
"28017",0.0416200974835701
"28019",0.00285452900127617
"28021",0.0317852852396154
"28023",0.000110498964710878
"28025",0.0199938907139188
"28027",0.3701856678993
"28029",0.00735925754680426
"28031",0.00474899900241748
"28033",0.0413571522938566
"28035",0.00264783322190984
"28037",0.00484100650365657
"28039",0.014783387942998
"28041",0.00306513914435301
"28043",0.0330645530778728
"28045",0.000341278845768214
"28047",0.00065303922093843
"28049",0.0484685533617192
"28051",0.147306675641228
"28053",0.262621442788395
"28055",0.130166663620187
"28057",0.0147820318082867
"28059",0.00404107067924679
"28061",0.000266443995230511
"28063",0.0385548292195821
"28065",0.00172320639242603
"28067",0.000613592279617249
"28069",0.000647759693247383
"28071",0.0173314284477559
"28073",0.00115869538414595
"28075",0.000164617642126446
"28077",0.00484306853297281
"28079",0.00337342461942539
"28081",0.0715188645143212
"28083",0.284683896506531
"28085",0.00308101782322297
"28087",0.0535081496706785
"28089",0.0506332319532656
"28091",0.00127986636965999
"28093",0.0119769591979459
"28095",0.0457072924549685
"28097",0.058752052099279
"28099",0.000307563590263929
"28101",0.00263115392768141
"28103",0.0703292645914672
"28105",0.00675522365002841
"28107",0.0664406519067525
"28109",0.00198103104937784
"28111",0.00140059062937104
"28113",0.00125273986640669
"28115",0.0280350930224498
"28117",0.0284046683103202
"28119",0.206077769237907
"28121",0.012934622346553
"28123",0.0063525319378213
"28125",0.195536826045141
"28127",0.00225819136144553
"28129",0.00157272185260976
"28131",0.000733083845883326
"28133",0.219532233127052
"28135",0.163020343494558
"28137",0.0512346703218252
"28139",0.0187963393428568
"28141",0.00954438538293098
"28143",0.264856917782133
"28145",0.0285521065869743
"28147",0.00176032073546498
"28149",0.0665726677517682
"28151",0.242293382738052
"28153",0.000609175060643437
"28155",0.0660066944903074
"28157",0.000996419918124895
"28159",0.00140676407998419
"28161",0.0347251103522796
"28163",0.148540633581885
"29001",0.0269277611676338
"29003",0.10011260477067
"29005",0.180645834524023
"29007",0.126990630118987
"29009",0.00591513634873796
"29011",0.116498315383303
"29013",0.063190772858603
"29015",0.0144832997965964
"29017",0.0166302660804529
"29019",0.0315853707169438
"29021",0.0988058961580157
"29023",0.0437501172251941
"29025",0.0475070540738435
"29027",0.0307949700119322
"29029",0.000322525153168385
"29031",0.0430139435539048
"29033",0.103410407947883
"29035",6.34166960671659e-06
"29037",0.0462216967113974
"29039",0.00628268751374303
"29041",0.0865671572491628
"29043",0.000869220212863647
"29045",0.0789298406821223
"29047",0.0276664832584735
"29049",0.0764317063183047
"29051",0.0129885496306878
"29053",0.0654979950189459
"29055",0.00101831502959977
"29057",0.0426441731622559
"29059",0.00126137425646147
"29061",0.0639344457188173
"29063",0.0696984871907603
"29065",0.000122880989662898
"29067",0.000385564719369445
"29069",0.55151208593659
"29071",0.0232635683439076
"29073",0.012954185536858
"29075",0.0586283184912017
"29077",0.00270387889812095
"29079",0.0663404373896294
"29081",0.0627579112105262
"29083",0.0362275052810687
"29085",0.00520207694851132
"29087",0.148851474239759
"29089",0.0556242645074151
"29091",0.000317501573203717
"29093",5.84727525280519e-06
"29095",0.0296487838634466
"29097",0.0540173200025346
"29099",0.00643254244056893
"29101",0.0413023078093962
"29103",0.0772107148955248
"29105",0.00381195833883646
"29107",0.118025277744737
"29109",0.0197210167393559
"29111",0.0930915562183442
"29113",0.0722618224511589
"29115",0.0465445901918809
"29117",0.0745706162800636
"29119",0.00217838966805998
"29121",0.0409785745129033
"29123",0.000546676368858593
"29125",0.00323596080995005
"29127",0.0967908005382515
"29129",0.0346859458053771
"29131",0.0038495409610836
"29133",0.136867332251332
"29135",0.0262773806808827
"29137",0.074736786238477
"29139",0.0924849725126667
"29141",0.0108792802251027
"29143",0.376186979350352
"29145",0.0150082759394199
"29147",0.109097342721119
"29149",1.22215705068144e-05
"29151",0.0119869030303005
"29153",4.8588474633946e-05
"29155",0.339396366372852
"29157",0.0608090781269544
"29159",0.069876842091907
"29161",0.000289765323253705
"29163",0.075066715022182
"29165",0.076433134223506
"29167",0.00397808272248474
"29169",0.000649855875414383
"29171",0.0252003506123099
"29173",0.0921220669125614
"29175",0.039010423042042
"29177",0.0660509805766036
"29179",2.78580379841299e-05
"29181",0.00432256406858003
"29183",0.073203386676198
"29185",0.0180953840022807
"29186",0.0259078889901994
"29187",0.00387693686972628
"29189",0.00894352815823159
"29195",0.124275092564037
"29197",0.0295442130493628
"29199",0.0708423641129897
"29201",0.134217655232367
"29203",0
"29205",0.0962080043243608
"29207",0.247789390419089
"29209",0.00311848025041682
"29211",0.0207406754763386
"29213",5.97780819587542e-05
"29215",0.000384675471424187
"29217",0.051958684767862
"29219",0.0484277793118386
"29221",0.000281564867184358
"29223",0.00182982926362486
"29225",0.00295654694572045
"29227",0.0423500258356682
"29229",0.000580480025551102
"29510",0
"30001",0.000654491304918017
"30003",0.00355552535059987
"30005",0.00268205852678283
"30007",0.00387909798436699
"30009",0.0020054626048018
"30011",0.0005010586276059
"30013",0.00404163341736288
"30015",0.00837103359820302
"30017",0.00114979254077899
"30019",0.0078610127180619
"30021",0.00359108498577772
"30023",0.000299240811078073
"30025",0.00157573254764293
"30027",0.00326251639177708
"30029",0.000509252706507838
"30031",0.00649977537566276
"30033",0.000972407207600876
"30035",0.00243171342575795
"30037",0.00187314433497512
"30039",6.93825541584777e-05
"30041",0.00946429381959764
"30043",8.15910000682261e-05
"30045",0.00329267697126267
"30047",0.00762571656838238
"30049",0.000505349059409237
"30051",0.0094339995518789
"30053",4.67543616430606e-06
"30055",0.00363879429896793
"30057",0.00102377998724175
"30059",0.000284838527868001
"30061",6.59631418706611e-06
"30063",0.000111347795825776
"30065",0.00121852440085717
"30067",0.000385966957916512
"30069",0.00178435367834814
"30071",0.0015757269612869
"30073",0.00623533058294713
"30075",0.000279323830388296
"30077",0.000151443945710783
"30079",0.00185308438312287
"30081",0.00031154775510867
"30083",0.00630799791329098
"30085",0.00563729633533606
"30087",0.00134694570623608
"30089",6.38136063569815e-05
"30091",0.00695992025686014
"30093",0
"30095",0.00286562944133456
"30097",0.000225027789044876
"30099",0.00413769102545061
"30101",0.00568795679453643
"30103",0.00376924817645081
"30105",0.0024267793233555
"30107",0.00216073043940453
"30109",0.00229301800855201
"30111",0.00709014641049385
"31001",0.178961437244129
"31003",0.136567016602447
"31005",0.00254125077176134
"31007",0.0184040953496494
"31009",0.0026715546223733
"31011",0.148862256004565
"31013",0.0680999902824936
"31015",0.0338338528775574
"31017",0.0164500371661878
"31019",0.10415668585737
"31021",0.184215791759988
"31023",0.189341031964626
"31025",0.189136109299526
"31027",0.155285106263474
"31029",0.104005860534418
"31031",0.00213604173538384
"31033",0.0274209937078575
"31035",0.187678444229008
"31037",0.200236938575928
"31039",0.187935912973455
"31041",0.0475836606927806
"31043",0.163715796843958
"31045",0.00434830884036992
"31047",0.0921264074819908
"31049",0.0435663893554295
"31051",0.150183438868381
"31053",0.213329163617556
"31055",0.0732905545235776
"31057",0.070218006641319
"31059",0.210509341640365
"31061",0.0853961857639854
"31063",0.0512913407514375
"31065",0.0901879980454446
"31067",0.143850739771961
"31069",0.013523971471923
"31071",0.0129129228871602
"31073",0.105313414535838
"31075",9.01556372580595e-05
"31077",0.0661743497928114
"31079",0.154762506282542
"31081",0.228537931012662
"31083",0.113207124882859
"31085",0.0539259303176535
"31087",0.0457479110303574
"31089",0.0488375999447714
"31091",9.81601538900314e-05
"31093",0.0862281154834483
"31095",0.132019242313898
"31097",0.0929658963467278
"31099",0.194664307537553
"31101",0.0523914686077226
"31103",0.0106120270764452
"31105",0.02150033666992
"31107",0.0735026810313003
"31109",0.136461912404573
"31111",0.0453665230105052
"31113",0.0213999252539457
"31115",0.00696112146453982
"31117",0.00261172944854299
"31119",0.163703476325769
"31121",0.176256969369804
"31123",0.0381716722384616
"31125",0.124942628344689
"31127",0.152690666811187
"31129",0.126432476411069
"31131",0.155803337563411
"31133",0.0881397438888245
"31135",0.112841709836868
"31137",0.198276082698827
"31139",0.153698740339785
"31141",0.213712180818
"31143",0.207355424457334
"31145",0.0679764924850241
"31147",0.139792620360974
"31149",0.0136765116378629
"31151",0.166681992475628
"31153",0.124202654171374
"31155",0.188678466091357
"31157",0.0814538662055502
"31159",0.190266983597452
"31161",0.0136066696153347
"31163",0.0641793839345467
"31165",0.00589757509683124
"31167",0.137347158758014
"31169",0.159788813912314
"31171",0.000693589582375259
"31173",0.161244071597486
"31175",0.0646549919347338
"31177",0.179175114903934
"31179",0.189877129588446
"31181",0.0837268345377185
"31183",0.0321020459411833
"31185",0.242026024632757
"32001",0.000262663250131462
"32003",5.01498964509732e-05
"32005",0.000318478844855029
"32007",9.00894404031513e-05
"32009",0.000115653128009363
"32011",0
"32013",0.00137150861878205
"32015",0
"32017",0.000184202534997611
"32019",0.000888713486982976
"32021",0
"32023",6.40161268251002e-05
"32027",0.00011819376954099
"32029",0
"32031",2.68025660918455e-05
"32033",0.000215331252996964
"32510",0.00011676845422433
"33001",0.00113954623662026
"33003",0.000370629392837848
"33005",0.00153554356379541
"33007",0.000439684823868813
"33009",0.00102245039938575
"33011",0.00352732152993608
"33013",0.00285114346723712
"33015",0.00562018577808326
"33017",0.00188573155080516
"33019",0.00213328174755682
"34001",0.00570747418177363
"34003",0.000724948741250338
"34005",0.0191511604841514
"34007",0.00658006948555942
"34009",0.00204433988018296
"34011",0.0382846754697614
"34013",0.000191197102890375
"34015",0.0755504952278174
"34017",0
"34019",0.0276274415436201
"34021",0.0172548325916879
"34023",0.0141938199689072
"34025",0.0113005949738655
"34027",0.00723662609713219
"34029",0.00142382448042323
"34031",0.00090201927686857
"34033",0.0912811701350913
"34035",0.0098664103393492
"34037",0.0103280092219735
"34039",0.000132948736489881
"34041",0.0446656839251826
"35001",0.00033399492251795
"35003",3.24136016163346e-05
"35005",0.0040990301089673
"35006",2.65794416430957e-05
"35007",9.63184545350527e-06
"35009",0.01342275897603
"35011",0.000132988229256319
"35013",0.025534283992329
"35015",0.00427258045567006
"35017",4.79180725501951e-05
"35019",2.99935199389624e-05
"35021",1.66519124806354e-05
"35023",0.00126009644023039
"35025",0.00359292389629165
"35027",6.70996924314473e-05
"35028",0
"35029",0.0123245287769275
"35031",6.4500169600745e-05
"35033",2.08250864023783e-05
"35035",0.000732590557177562
"35037",0.00158561510029459
"35039",0.000143285273502744
"35041",0.00980466173918693
"35043",0.000203985986226582
"35045",0.000608128197668074
"35047",1.73981696400266e-05
"35049",0.000554812674529987
"35051",0.00322640393906596
"35053",0.000358460288902674
"35055",7.92290144197672e-05
"35057",0.00143135588046681
"35059",0.00240846005746157
"35061",0.00184011093804957
"36001",0.00607741502631324
"36003",0.00983408737876969
"36005",0
"36007",0.00380782029708383
"36009",0.0106877546617241
"36011",0.0609673708076796
"36013",0.0223433120135864
"36015",0.00753132756702639
"36017",0.00823240114012715
"36019",0.0408330912498041
"36021",0.0383860758446181
"36023",0.0137003754331576
"36025",0.0029828783506593
"36027",0.0140659910351441
"36029",0.0136368104959545
"36031",0.00225860993813681
"36033",0.0119586465880229
"36035",0.00451973992318389
"36037",0.064166117710176
"36039",0.00543535408467393
"36041",1.40513265027458e-05
"36043",0.00572280919862507
"36045",0.0215578557330383
"36047",2.27174355607019e-05
"36049",0.0133352288281991
"36051",0.054327407228858
"36053",0.0233891224839351
"36055",0.0453151247378418
"36057",0.021310774575128
"36059",0.000728900979397013
"36061",0
"36063",0.0851039371605543
"36065",0.0185187172724822
"36067",0.0381351208255181
"36069",0.0528763344350596
"36071",0.0169262406994002
"36073",0.166402390456194
"36075",0.0190865142206956
"36077",0.00845734170826262
"36079",0.00334587447498755
"36081",0.000118583121414268
"36083",0.0142177458574163
"36085",0
"36087",0.00279481712402766
"36089",0.00951794581228685
"36091",0.00931608403144383
"36093",0.00553385160268634
"36095",0.0107717255118317
"36097",0.0124552287591155
"36099",0.0640312537598534
"36101",0.0309052363882978
"36103",0.0572646987554241
"36105",0.00126871818034628
"36107",0.00644307232312383
"36109",0.0154317712553557
"36111",0.0361529968250633
"36113",8.72154653121895e-05
"36115",0.0196172759152907
"36117",0.285434331486499
"36119",0.00108185519730683
"36121",0.058051379645891
"36123",0.0405873071070031
"37001",0.0104545376628855
"37003",0.0150236706295786
"37005",0.00709386826552057
"37007",0.015572911763041
"37009",0.003922464654198
"37011",0.00872134604157645
"37013",0.0814509641400767
"37015",0.0629991597109009
"37017",0.0300535353229852
"37019",0.0110223374185678
"37021",0.00379851607772475
"37023",0.00394972896071576
"37025",0.0111890700964849
"37027",0.00221407796133875
"37029",0.0809943095526613
"37031",0.046058846785817
"37033",0.0108828788141314
"37035",0.010583270044509
"37037",0.0046964406884374
"37039",0.00248682678049416
"37041",0.105872842318073
"37043",0.00328866792432476
"37045",0.0150496618907045
"37047",0.0533787906549766
"37049",0.0391786393696218
"37051",0.0344630786161594
"37053",0.0406625279602918
"37055",0.00246294115352181
"37057",0.016083940595362
"37059",0.0281725274590914
"37061",0.0788552909574514
"37063",0.00305746980578139
"37065",0.0927461023680284
"37067",0.00828525226347632
"37069",0.019865632036645
"37071",0.00357876304325234
"37073",0.0481240453621975
"37075",0.000250611941318388
"37077",0.0142711175499777
"37079",0.112020435391973
"37081",0.010925135146419
"37083",0.0773922833616564
"37085",0.0517030941558387
"37087",0.00499021427413616
"37089",0.0972107758248273
"37091",0.0719534817370513
"37093",0.0440577935073859
"37095",0.0737108878645068
"37097",0.0368411851234012
"37099",0.000395014475569955
"37101",0.0394881138677247
"37103",0.057435133436405
"37105",0.0177244223107114
"37107",0.127593111551121
"37109",0.01411195891497
"37111",0.00184386744661165
"37113",0.00114051380939034
"37115",0.00280012694306041
"37117",0.0954266626862554
"37119",0.00140041006639407
"37121",0.00291708842064657
"37123",0.0031062218193326
"37125",0.00427753852137945
"37127",0.055193911540669
"37129",0.00364951034694449
"37131",0.0841722035122164
"37133",0.0229825873936187
"37135",0.0070319842698015
"37137",0.0534010664119646
"37139",0.131399387137474
"37141",0.0170115382803323
"37143",0.113438433852107
"37145",0.0228301234726619
"37147",0.08172285412944
"37149",0.00538870881590402
"37151",0.0144116907311066
"37153",0.00984802770939166
"37155",0.0924693321506091
"37157",0.0129969090696507
"37159",0.0290607290460765
"37161",0.00315249264270559
"37163",0.0865528583402135
"37165",0.0428218364369835
"37167",0.0472057489455882
"37169",0.0091287568507342
"37171",0.0227196403428786
"37173",0.000213283915345318
"37175",0.00220364406276858
"37177",0.0710953268530895
"37179",0.0564486741123269
"37181",0.0151854025354644
"37183",0.00985129931765401
"37185",0.0162525641893022
"37187",0.114443230888042
"37189",0.00468129015347116
"37191",0.097551602205741
"37193",0.00787872872358291
"37195",0.0950531958807747
"37197",0.0406502912052371
"37199",0.0020199729437316
"38001",0.0143663097267688
"38003",0.109815998391191
"38005",0.037835771045671
"38007",0.00221740132205049
"38009",0.00743187819064153
"38011",0.0096354574926171
"38013",0.00364882006855642
"38015",0.0175601764936681
"38017",0.157911834246303
"38019",0.0135232829050157
"38021",0.116433653385272
"38023",0.00381140010841121
"38025",0.0104345067267542
"38027",0.0270848977767542
"38029",0.0336623515452502
"38031",0.0498789815677425
"38033",0.00787591894042116
"38035",0.0823589398905069
"38037",0.0113413264182758
"38039",0.0635432311575188
"38041",0.0194036306604453
"38043",0.034509638426323
"38045",0.141813589079038
"38047",0.0436153781095411
"38049",0.0109546741252053
"38051",0.0496326358808002
"38053",0.00837563575727068
"38055",0.0256669501749511
"38057",0.0126615856252543
"38059",0.0134950525089724
"38061",0.00326766915651125
"38063",0.0304627985534279
"38065",0.0238493338446289
"38067",0.119288450252221
"38069",0.0267286614988301
"38071",0.0371788076016862
"38073",0.0951917660954705
"38075",0.00703720270872076
"38077",0.175405694360721
"38079",0.0203054518077876
"38081",0.137058102536498
"38083",0.012352165776753
"38085",0.00505377139403318
"38087",0.00639439567279491
"38089",0.0151771547810364
"38091",0.121721590017586
"38093",0.0459374821590313
"38095",0.0210641313226673
"38097",0.164237398773013
"38099",0.125285314962025
"38101",0.0100519452160919
"38103",0.0333763788927553
"38105",0.00997632323343367
"39001",0.0207133433445317
"39003",0.163717226123055
"39005",0.0697248879782874
"39007",0.0295540919768705
"39009",0.00396121473212099
"39011",0.169210041520714
"39013",0.001104997131413
"39015",0.061631473238884
"39017",0.0613648613107957
"39019",0.0140324846852623
"39021",0.164488346739656
"39023",0.146125616244164
"39025",0.0489779782459633
"39027",0.15993537739478
"39029",0.031546467185756
"39031",0.0209698571702698
"39033",0.16814468386778
"39035",0.000138992101131329
"39037",0.197744617554896
"39039",0.161669496661279
"39041",0.0959540747207728
"39043",0.100385092177218
"39045",0.103093491018898
"39047",0.176532752931843
"39049",0.0328666194069734
"39051",0.194921180726493
"39053",0.00452423292535671
"39055",0.00942747802046994
"39057",0.11501404551802
"39059",0.00494560278180413
"39061",0.00738567755834627
"39063",0.172479807165085
"39065",0.178479944207651
"39067",0.00468026003310227
"39069",0.200084456162913
"39071",0.0736134933482075
"39073",0.00438346372814523
"39075",0.0317424076965586
"39077",0.122581071992933
"39079",0.00519788831615529
"39081",0.00203296627229513
"39083",0.0772304459494304
"39085",0.00373738338743756
"39087",0.00183808977820225
"39089",0.0737459343308913
"39091",0.142292724993492
"39093",0.058710863470973
"39095",0.0703954007630322
"39097",0.179324493936142
"39099",0.02844090675104
"39101",0.148377702575435
"39103",0.0408853852320948
"39105",0.00570417863583803
"39107",0.198478262851687
"39109",0.161985675565592
"39111",0.00180390040269522
"39113",0.0702177921283327
"39115",0.00560948001191097
"39117",0.1051867529358
"39119",0.0174291649299782
"39121",0.00105697867202078
"39123",0.108134265361373
"39125",0.184470686291137
"39127",0.0311699286279948
"39129",0.167597134235202
"39131",0.0163549734829041
"39133",0.0255978744426845
"39135",0.154296543797058
"39137",0.202969315537685
"39139",0.0625937925736653
"39141",0.0619074457302168
"39143",0.141177366220838
"39145",0.0114247851682527
"39147",0.136919760441072
"39149",0.169971730828785
"39151",0.0389988953499742
"39153",0.00452520167571981
"39155",0.0279615087109566
"39157",0.0179117427952655
"39159",0.141830643745319
"39161",0.21195555998844
"39163",0.00196237567194523
"39165",0.0573708839571383
"39167",0.0111956183462242
"39169",0.0807525859501846
"39171",0.144255673177996
"39173",0.169992099560384
"39175",0.15020978579197
"40001",0.000920128613120782
"40003",0.0247369819826188
"40005",0.00292391397202714
"40007",0.00876200154594053
"40009",0.0105171653491701
"40011",0.0201349458778173
"40013",0.017134843892406
"40015",0.0208864712009569
"40017",0.0279138138851
"40019",0.0148856701444847
"40021",2.7907165278015e-05
"40023",0.00819146568165798
"40025",0.0175120987910354
"40027",0.00245449602888824
"40029",0.0130476773911065
"40031",0.00831695677898762
"40033",0.0187053638086537
"40035",0.0162818926897015
"40037",0.000639174726216074
"40039",0.0244530903974143
"40041",0.00246922177144958
"40043",0.0085526167613913
"40045",0.0081481975495291
"40047",0.0345996655480274
"40049",0.0254183514168997
"40051",0.0122583155703363
"40053",0.0351714020623454
"40055",0.0215436631559924
"40057",0.0337537472100396
"40059",0.00698768593576108
"40061",0.00156265675202349
"40063",0.00176541171522005
"40065",0.0765003372117313
"40067",0.0144449259720311
"40069",0.0108107110756188
"40071",0.0440754635160647
"40073",0.0309710988754615
"40075",0.0315563284948376
"40077",1.11397484812394e-05
"40079",0.00864350519908479
"40081",0.00148659682275664
"40083",0.00997695758675099
"40085",0.0174586360940606
"40087",0.00713749414316779
"40089",0.0103547206049218
"40091",0.00156064833078953
"40093",0.0113751563708567
"40095",0.0109684098554669
"40097",0.00876563509201702
"40099",0.00964193210359748
"40101",0.014998796740494
"40103",0.0192001590420529
"40105",0.00719676884546974
"40107",0.00118205541699606
"40109",0.00269745701506073
"40111",0.0040648677336121
"40113",0.00245715438593641
"40115",0.037847519681489
"40117",0.00398114155500876
"40119",0.0042362754708976
"40121",0.000921165489848294
"40123",0.0168516127313706
"40125",0.00372537609563372
"40127",2.88135195801417e-06
"40129",0.00351459728397842
"40131",0.00448125961938846
"40133",0.000849073527885801
"40135",0.0137621273172937
"40137",0.00403093458534809
"40139",0.0361207060036459
"40141",0.0591104507419831
"40143",0.00471980863448991
"40145",0.0252677739936427
"40147",0.0127185329237212
"40149",0.0296584406293602
"40151",0.00938340199315975
"40153",0.00419282222069292
"41001",0.00434099134195977
"41003",0.00286793268877511
"41005",0.00207210192750232
"41007",7.37384651972722e-05
"41009",0.000663221651882716
"41011",0.000172348237785002
"41013",0.000214926877180898
"41015",0.000142839466996629
"41017",8.50169233136504e-05
"41019",0.000268335290876327
"41021",0.0227358204056272
"41023",6.60762423261708e-05
"41025",1.65112026476743e-05
"41027",0.141097540007102
"41029",0.010695295941322
"41031",0.00117622442209475
"41033",0.000338005683035631
"41035",0.00313300221843427
"41037",1.09701732273955e-05
"41039",0.000927847106382826
"41041",0.000197859005943602
"41043",0.00181062880309726
"41045",0.00276835630702636
"41047",0.0100424399057099
"41049",0.0422368350101447
"41051",0.00566594081437308
"41053",0.00630658069053588
"41055",0.0360366742023332
"41057",0.00022615817181822
"41059",0.0229430600765047
"41061",0.00398712641737037
"41063",0.000544316569122728
"41065",0.0160560392515414
"41067",0.0111722076438079
"41069",1.07891685848288e-05
"41071",0.00699811716327215
"42001",0.213437996019772
"42003",0.00295716621465831
"42005",0.0145740680490981
"42007",0.0112058534654361
"42009",0.0249260725558121
"42011",0.0706890601977686
"42013",0.0409486716959078
"42015",0.0171952451501178
"42017",0.0259639818192574
"42019",0.0191893286657499
"42021",0.020062994512429
"42023",0.000477067809455427
"42025",0.00544040715278142
"42027",0.0203203485767981
"42029",0.0500328024923341
"42031",0.0170264858381572
"42033",0.00375304049058054
"42035",0.0094543406053769
"42037",0.041914925642058
"42039",0.0135385120706386
"42041",0.0603484406928385
"42043",0.0352363046387593
"42045",0.00284398276201251
"42047",0.00133000516704981
"42049",0.0383017947747973
"42051",0.0104096950622876
"42053",0.000683520165443543
"42055",0.0759553047596401
"42057",0.0167511925885973
"42059",0.00339936068051743
"42061",0.018715277734109
"42063",0.0206485439287773
"42065",0.00911851983255394
"42067",0.0373403667715387
"42069",0.0055631138776163
"42071",0.159571821793228
"42073",0.0330465174059468
"42075",0.104099552782292
"42077",0.0851509208860133
"42079",0.0147363123565846
"42081",0.0164857244710892
"42083",0.000995619162946782
"42085",0.0184561960896554
"42087",0.0374761442618278
"42089",0.00630902570535625
"42091",0.0140046932750566
"42093",0.0587773110552536
"42095",0.0691097762486779
"42097",0.0700528912090467
"42099",0.0312594022560425
"42101",6.59813762885189e-05
"42103",0.00164872586562769
"42105",0.00464034885236265
"42107",0.0419176154821564
"42109",0.0560609590862881
"42111",0.0196614920174834
"42113",0.00515407506973152
"42115",0.00772108458672107
"42117",0.00882428239119659
"42119",0.0440015263362839
"42121",0.0039533962957992
"42123",0.00207341598968672
"42125",0.00825414160459858
"42127",0.00340994492289642
"42129",0.0175764200727731
"42131",0.0161939054467093
"42133",0.0677268932856548
"44001",0.00286279549812393
"44003",0.00139370701505586
"44005",0.0224219868642523
"44007",0.00303089296928546
"44009",0.00109698589849702
"45001",0.000669107687508665
"45003",0.00622679200057297
"45005",0.0353691000228708
"45007",0.00257585297926224
"45009",0.0492683901214717
"45011",0.0285364558526002
"45013",0.0045349955501232
"45015",0.00256131778312222
"45017",0.0625774164897901
"45019",0.00388628317727135
"45021",0.00097510660437343
"45023",0.00288002013990187
"45025",0.00899632043378281
"45027",0.0607708106874805
"45029",0.0122329075435017
"45031",0.0659382237702255
"45033",0.0634925180067198
"45035",0.0239054624108638
"45037",0.00410221920134184
"45039",0.000147683440870086
"45041",0.0363847030707528
"45043",0.00419221849915657
"45045",0.00105629038368869
"45047",0.000442232772226205
"45049",0.0345329436564261
"45051",0.0246024914577336
"45053",0.00120045935141412
"45055",0.00360915572816452
"45057",0.00200816438173756
"45059",0.000517242747133667
"45061",0.0810077681962038
"45063",0.015338044045122
"45065",1.11989942128663e-05
"45067",0.0213694528745518
"45069",0.0489663095838702
"45071",0.00752113993867291
"45073",0.00253385523505297
"45075",0.0476431022811208
"45077",0.000479639029398592
"45079",0.00970055515433664
"45081",0.00356196593354433
"45083",0.00274788275782683
"45085",0.044188073428364
"45087",7.66565383079429e-05
"45089",0.0303011538118778
"45091",0.0038659166945222
"46003",0.0768141171051393
"46005",0.103988815228157
"46007",0.00782306402493496
"46009",0.133893113617636
"46011",0.135512763772407
"46013",0.150963366305702
"46015",0.0597624707455378
"46017",0.0273214863081373
"46019",0.00195526489105733
"46021",0.0530805889617752
"46023",0.0936234905366001
"46025",0.0908584909911439
"46027",0.175541312905613
"46029",0.0835952668162683
"46031",0.00727060357602284
"46033",0.000354401577786455
"46035",0.135362377036195
"46037",0.0748497179100332
"46039",0.0869800323139726
"46041",0.00467536662391954
"46043",0.123383485778783
"46045",0.116587355867481
"46047",0.000704097127469829
"46049",0.104316500734445
"46051",0.101479574391721
"46053",0.0397063030172296
"46055",0.00511274190515063
"46057",0.129011518218113
"46059",0.0628228503458888
"46061",0.156041146701882
"46063",0.000768433897025564
"46065",0.0364365575130468
"46067",0.146589402960712
"46069",0.0260114224281271
"46071",0.00195752752272905
"46073",0.061626972202665
"46075",0.0145458441197748
"46077",0.143793191796708
"46079",0.162817347298709
"46081",0.000269455162378313
"46083",0.189949303506551
"46085",0.0234724185538444
"46087",0.181342624807923
"46089",0.0496026283933228
"46091",0.072931653984193
"46093",0.00148547764061046
"46095",0.00470946859196189
"46097",0.115691242911762
"46099",0.157382413136434
"46101",0.180626196914081
"46103",0.00215684748131646
"46105",0.0040980066339706
"46107",0.0725196474302959
"46109",0.0900812440938469
"46111",0.0864085609590196
"46113",0.0014874436704494
"46115",0.159380877233738
"46117",0.00565402840975438
"46119",0.054089337225219
"46121",0.00555830381000718
"46123",0.0400706379178745
"46125",0.17619486229831
"46127",0.19076801456988
"46129",0.0675928959144758
"46135",0.139766639581463
"46137",0.00253215040481381
"47001",0.000267202245013772
"47003",0.0199908045616174
"47005",0.0111919415020475
"47007",0.00825506461267967
"47009",0.004057124685583
"47011",0.00526527858552185
"47013",0.000479085160037013
"47015",0.0287037029986322
"47017",0.115095942578901
"47019",0.00182940382020869
"47021",0.00869176203914644
"47023",0.0384431750111991
"47025",0.00347050151151687
"47027",0.00653607213243086
"47029",0.00372050603764684
"47031",0.0351918255467137
"47033",0.421990345572774
"47035",0.00250635754867051
"47037",0.000569731124995784
"47039",0.00666691601703885
"47041",0.0139760074246392
"47043",0.00265173019928379
"47045",0.206541635220686
"47047",0.118283034117803
"47049",0.00142126114552331
"47051",0.0412457770199702
"47053",0.231042322486929
"47055",0.0282553765766341
"47057",0.00297557148521026
"47059",0.00816447907207091
"47061",0.00456701372882539
"47063",0.0118975762144365
"47065",0.000971309194548861
"47067",0.00145796851762316
"47069",0.0528846087379274
"47071",0.0186214959140803
"47073",0.00588201339006109
"47075",0.35326695754832
"47077",0.0309549629995853
"47079",0.0699890518597654
"47081",0.00556828139039139
"47083",0.00140565309316011
"47085",0.0100967753160037
"47087",0.00280196873783731
"47089",0.0091332661444309
"47091",0.00238234692743669
"47093",0.000887924590232481
"47095",0.243539771235966
"47097",0.188364204280299
"47099",0.0289646705579448
"47101",0.000966661113602445
"47103",0.108646685045023
"47105",0.0128333704916978
"47107",0.00834253887387387
"47109",0.0319230664308176
"47111",0.0288314534950761
"47113",0.142389934018946
"47115",0.00481503543791151
"47117",0.0144653670874838
"47119",0.0216293817803523
"47121",0.00404411474936194
"47123",0.00521685439923533
"47125",0.0349782521455539
"47127",0.00499846237544142
"47129",0.000417455087725178
"47131",0.144418988015961
"47133",0.00195953285365285
"47135",0.0028181221718616
"47137",0.00347951064631026
"47139",0.00411186733432871
"47141",0.00279956277024438
"47143",0.00539947508788424
"47145",0.000544120080046279
"47147",0.0913331963011098
"47149",0.0243184879889559
"47151",0.000246316943751953
"47153",0.00241745137520155
"47155",0.00102091641631505
"47157",0.0510405955080362
"47159",0.0120059616898513
"47161",0.00561785143215843
"47163",0.00237404491734061
"47165",0.0229592931865644
"47167",0.204442179975991
"47169",0.0087979939134477
"47171",0.00101538449874216
"47173",0.000752028424603405
"47175",0.000976734320233589
"47177",0.013578589053496
"47179",0.0111614925987472
"47181",0.00298478174976161
"47183",0.119150826533003
"47185",0.00596440528157049
"47187",0.00853808447720187
"47189",0.00290425634628591
"48001",0.00267066028955338
"48003",0.00413843948662513
"48005",0.000669494055154859
"48007",0.00127322613349651
"48009",0.00487912650037094
"48011",0.00466023763216695
"48013",0.0107035594745522
"48015",0.0218492252026141
"48017",0.0274548337792308
"48019",0.000502380275913309
"48021",0.00786038955061082
"48023",0.0159553151950607
"48025",0.0396332357483309
"48027",0.0732876803693204
"48029",0.0133935564967764
"48031",0.000259714517791774
"48033",0.0072779632151197
"48035",0.00337797625175742
"48037",0.0110949009886656
"48039",0.0148487405052426
"48041",0.0402227263111109
"48043",0.000101462270039796
"48045",0.016655988457235
"48047",0.00220756476092473
"48049",0.00719009942076357
"48051",0.0595155917783087
"48053",0.00103797827479554
"48055",0.0341471264899702
"48057",0.0649959274318983
"48059",0.00233879971362425
"48061",0.0754584354192904
"48063",0.00777983386824698
"48065",0.0305424846049043
"48067",0.000142510330806375
"48069",0.0840743706944373
"48071",0.00444933691828676
"48073",0.000394201175690679
"48075",0.0153701808553093
"48077",0.00486371318520386
"48079",0.0394308090805005
"48081",0.00145878462058543
"48083",0.0062332475664899
"48085",0.0401775922865464
"48087",0.0148738654408666
"48089",0.0446060019434123
"48091",0.00347500865504806
"48093",0.0364038361784292
"48095",0.0168725158128507
"48097",0.010640037915443
"48099",0.0112208412708898
"48101",0.00604514819063186
"48103",6.04511941519365e-05
"48105",1.71917049563517e-06
"48107",0.0653825189127373
"48109",0.000176158409180957
"48111",0.0497569551072037
"48113",0.00557161025749693
"48115",0.072803717623508
"48117",0.0213466716776852
"48119",0.0640840956544664
"48121",0.0113042992976406
"48123",0.0171446276726533
"48125",0.00603022849378893
"48127",0.00268089194125171
"48129",0.00550898128518502
"48131",0.00293903047423326
"48133",0.0120063299209508
"48135",0.000207885285554245
"48137",0.000363096243547333
"48139",0.0642084757293082
"48141",0.0251394983783338
"48143",0.0048927988816061
"48145",0.103542841628532
"48147",0.0253655985298096
"48149",0.0192465096103138
"48151",0.0257561329794354
"48153",0.0820056412004116
"48155",0.00837955413814937
"48157",0.0606738269230062
"48159",0.00410404643094073
"48161",0.000471957112013556
"48163",0.0210415884371784
"48165",0.0647529411623263
"48167",0.000622910140109808
"48169",0.00811841017055028
"48171",0.00490283088415954
"48173",0.0237118169346666
"48175",0.0136515594080614
"48177",0.0144687285068752
"48179",0.0122875376259215
"48181",0.0312135294818544
"48183",0.000155988352823301
"48185",0.0140423787653812
"48187",0.0545650064930995
"48189",0.120084033295618
"48191",0.0163736074425877
"48193",0.00408870552946635
"48195",0.0402569889084884
"48197",0.0134523335605742
"48199",0.000120128414210647
"48201",0.00226088417490569
"48203",8.31236846506088e-05
"48205",0.0430729157747864
"48207",0.0360519697313199
"48209",0.00692049367967446
"48211",0.000609750503014501
"48213",0.000355354493419918
"48215",0.110297462382854
"48217",0.0847108528555666
"48219",0.0711213982239129
"48221",0.0107412178293565
"48223",0.00682361271476006
"48225",0.00588854155225258
"48227",0.0288018407400644
"48229",0.00257504289499472
"48231",0.0173766255520232
"48233",0.0154844619567626
"48235",0.000569877719126988
"48237",0.00112177874676151
"48239",0.0973563923009338
"48241",0.000499499845776815
"48243",7.81448765136344e-06
"48245",0.00473560963607195
"48247",5.66395250107528e-06
"48249",0.0542842295937548
"48251",0.0125880536372119
"48253",0.0343043126732533
"48255",0.0291201030416116
"48257",0.0112914055280909
"48259",0.000665405197299532
"48261",5.5157578182518e-07
"48263",0.00145722924794489
"48265",0.000667813926568164
"48267",0.00176695151708211
"48269",0.000611979090503386
"48271",0.000542342408793517
"48273",0.0438940675270923
"48275",0.0370434505317782
"48277",0.0365911339989418
"48279",0.0924649396916822
"48281",0.00264726030560855
"48283",0.00406872024291979
"48285",0.0113070012633098
"48287",0.00390542265816768
"48289",0.000810262166236003
"48291",0.00331634800335285
"48293",0.0160442542601084
"48295",0.00610503039674605
"48297",0.0110711812815958
"48299",0.000372894443840731
"48301",0
"48303",0.0894499859605136
"48305",0.0774934478547997
"48307",0.0064261363781573
"48309",0.0761409759894006
"48311",0.000381919507241658
"48313",0.00462539690458055
"48315",5.91330887243576e-05
"48317",0.0276310094185637
"48319",0.00213478437547216
"48321",0.0367816022085974
"48323",0.000721217037695549
"48325",0.0470851031469721
"48327",0.00175049155261835
"48329",0.00912845600993855
"48331",0.0533228429863658
"48333",0.00966208058084011
"48335",0.0140041697714642
"48337",0.0069610432077281
"48339",0.000393025951697569
"48341",0.0439744079529805
"48343",0.000306448320336528
"48345",0.00438133495972629
"48347",8.83804982443018e-05
"48349",0.0331470796258998
"48351",0.000205902652675033
"48353",0.0123435532374284
"48355",0.178355316866025
"48357",0.0270277753622024
"48359",0.00108606193238225
"48361",3.85713486519075e-05
"48363",0.00417743516280535
"48365",0.000115377231787421
"48367",0.00316150440967203
"48369",0.0793439934921172
"48371",0.00212802552472298
"48373",0.000379706516085466
"48375",0.00161164470883744
"48377",0.000270822231659601
"48379",0.000532859167349453
"48381",0.0105336348279677
"48383",0.0111537077599341
"48385",0.000507342187265355
"48387",0.0122056194860638
"48389",0.00140830223924489
"48391",0.0783138886987027
"48393",0.0024469343394841
"48395",0.0449265430967621
"48397",0.0204140382385046
"48399",0.0273472543104063
"48401",0.000310773698306435
"48403",2.94650303221474e-05
"48405",0.000189477138324128
"48407",0.000241634595199238
"48409",0.222678500184224
"48411",0.0145919390669358
"48413",0.00419610335344453
"48415",0.0150980296924768
"48417",0.00191882026863038
"48419",0.0017127288484252
"48421",0.0560237850930174
"48423",0.000658200772456719
"48425",0.00420171886871211
"48427",0.00729293312582759
"48429",0.000603697522811866
"48431",8.79768117546753e-05
"48433",0.00506427630146577
"48435",0.000222958197465575
"48437",0.0492282355085814
"48439",0.00208171644064784
"48441",0.0130178111408473
"48443",0
"48445",0.074961064801012
"48447",0.00505606004370162
"48449",0.000132724687377377
"48451",0.0339023957340926
"48453",0.0245529235606725
"48455",7.88597726189241e-05
"48457",0.000363688524494114
"48459",0.000111767786136647
"48461",0.0068286325430884
"48463",0.0315869668517515
"48465",1.7393360097517e-05
"48467",0.00170316318262938
"48469",0.0435789652886966
"48471",0.00694345373122163
"48473",0.0548039271983685
"48475",0.000292640758798248
"48477",0.00529279047811036
"48479",1.91434363375043e-05
"48481",0.118936850995105
"48483",0.00531254972081985
"48485",0.0195131498439863
"48487",0.0205112309418403
"48489",0.0951082629947191
"48491",0.0967050373933391
"48493",0.0265202971843572
"48495",4.1122348533936e-05
"48497",0.00611007189536522
"48499",0.000741754898545851
"48501",0.0486153048276683
"48503",0.00429955378245421
"48505",9.66790012539913e-06
"48507",0.016281561689087
"49001",0.000227037939418686
"49003",0.00109900248434252
"49005",0.00296459506214731
"49007",5.82137003974092e-05
"49009",2.30818707115518e-06
"49011",0.00145111172355952
"49013",0.000456674606737644
"49015",8.00356625508649e-05
"49017",1.24345530600476e-06
"49019",1.94985397942137e-05
"49021",0.000188853369115786
"49023",0.000162190483061825
"49025",1.20952299980778e-06
"49027",0.000415014100230635
"49029",0.000112233520013811
"49031",8.49182910151568e-06
"49033",0
"49035",0.000353272126249413
"49037",0.000211484101808511
"49039",0.000679862881032757
"49041",0.000512373587817537
"49043",1.59009620381412e-05
"49045",3.88205281970525e-05
"49047",0.000193387390190578
"49049",0.00353356713570248
"49051",3.07928731026175e-05
"49053",2.88419801921233e-05
"49055",6.21097625544092e-06
"49057",0.00134881384268614
"50001",0.018172724243141
"50003",0.00394336124496281
"50005",0.00250537843799574
"50007",0.00564107738335961
"50009",0.00125699742885251
"50011",0.0163412918760172
"50013",0.0221026988831983
"50015",0.00205303818509784
"50017",0.00458485691492742
"50019",0.00557510355993882
"50021",0.00349236880516967
"50023",0.00237720491358098
"50025",0.00464822166281466
"50027",0.00210941221895309
"51001",0.0553192169428834
"51003",0.00529259831499001
"51005",0.000409902692160336
"51007",0.0130006951880125
"51009",0.000955545188869477
"51011",0.00374338411885471
"51013",0
"51015",0.0169543628574073
"51017",0.00205062989653689
"51019",0.00346952190797689
"51021",0.00274328696391548
"51023",0.0087200183083981
"51025",0.00658082129490456
"51027",4.47976697436632e-05
"51029",0.00117259037636338
"51031",0.00518674022237019
"51033",0.0240286090113735
"51035",0.010504424282602
"51036",0.0342181260985485
"51037",0.00804258793404184
"51041",0.00233733316973661
"51043",0.0373934376720571
"51045",0.00147189823166957
"51047",0.0249839933924921
"51049",0.00381014637983355
"51051",0.00026526117428368
"51053",0.012018192871413
"51057",0.0548311508605155
"51059",0.00116037264463423
"51061",0.0204346984962007
"51063",0.00531995546807914
"51065",0.00455619276760896
"51067",0.0159786239416558
"51069",0.0832982834074171
"51071",0.0015102693628009
"51073",0.0238646913494516
"51075",0.0132969845749753
"51077",0.00331993350813215
"51079",0.00159078055198213
"51081",0.0384280545356213
"51083",0.00833256733293472
"51085",0.02809530463641
"51087",0.0109730125725476
"51089",0.00071952168457422
"51091",0.000906766016870767
"51093",0.0675285631725029
"51095",0.00871372419180644
"51097",0.0343076924361973
"51099",0.0133752697039662
"51101",0.0332274186503663
"51103",0.0256133577501563
"51105",0.00478359448308298
"51107",0.0165646575296134
"51109",0.00437602898952247
"51111",0.00643603042529665
"51113",0.0224345082319092
"51115",0.0122067074173639
"51117",0.00942129747116238
"51119",0.040519573024266
"51121",0.00707287487069804
"51125",0.0092984578516751
"51127",0.0180298646497385
"51131",0.069120971298099
"51133",0.06733328241612
"51135",0.00632978429131997
"51137",0.0143534989879924
"51139",0.0120272840103885
"51141",0.00947413407048841
"51143",0.0135333170737434
"51145",0.00514983550360399
"51147",0.00362931299350878
"51149",0.0129292795550401
"51153",0.00674297020380378
"51155",0.00381998148462234
"51157",0.00846597017301025
"51159",0.0493485054336474
"51161",0.00338103866039566
"51163",0.00479349865724331
"51165",0.0392182654255085
"51167",0.00264152711179866
"51169",0.00291693077340827
"51171",0.0303917179977862
"51173",0.00548884534735405
"51175",0.0721201599991794
"51177",0.00573789361952963
"51179",0.00740508596511449
"51181",0.0244875805762583
"51183",0.0234018455055893
"51185",0.00173016062087787
"51187",0.00344790362295927
"51191",0.00659878241677437
"51193",0.059570508404178
"51195",0.000385043091350045
"51197",0.0095360457595859
"51199",0.000867482556706114
"51510",0
"51515",0
"51520",0
"51530",0
"51540",0
"51550",0.0200646288872995
"51570",0
"51580",0
"51590",0
"51595",0
"51600",0
"51610",0
"51620",0
"51630",0
"51640",0
"51650",0
"51660",0
"51670",0
"51678",0
"51680",0
"51683",0
"51685",0
"51690",0
"51700",0
"51710",0
"51720",0
"51730",0
"51735",0
"51740",0
"51750",0
"51760",0
"51770",0
"51775",0
"51790",0
"51800",0.0512013475007164
"51810",0.0206993139597456
"51820",0
"51830",0
"51840",0
"53001",0.0632148799599918
"53003",0.00790581397497117
"53005",0.121595463028512
"53007",0.0305790836332223
"53009",0.000347973816617376
"53011",0.00440807096516874
"53013",0.0186919723771119
"53015",0.000980670323063991
"53017",0.0304797257966225
"53019",0.000168312273327375
"53021",0.104333404184086
"53023",0.0204137676730652
"53025",0.0959147083220751
"53027",0.00100989993964334
"53029",0.00246196324000915
"53031",0.000114611849138807
"53033",0.0010159458871369
"53035",0.000814682657240786
"53037",0.00209281927728959
"53039",0.00775616581735213
"53041",0.000631370672829749
"53043",0.032067318007354
"53045",0.000101446872380136
"53047",0.0189510824941989
"53049",2.32863835135709e-05
"53051",8.38858933296381e-05
"53053",0.000676455612971007
"53055",0.00348734574121458
"53057",0.0227625097511673
"53059",0.000740406209967282
"53061",0.00221127110009887
"53063",0.0306174516973194
"53065",0.000968073265119977
"53067",0.000818906470536497
"53069",0.00020462606628698
"53071",0.11357120652853
"53073",0.0118572818700834
"53075",0.0394282007319442
"53077",0.0685462446653153
"54001",0.000228772027591512
"54003",0.0654715409129762
"54005",7.21713853547951e-05
"54007",0.000114953571878369
"54009",0.00282238230994152
"54011",0.000641172048291094
"54013",0.000443598220882916
"54015",0.000152922861789831
"54017",0.0004981453576567
"54019",0.000115510544995339
"54021",0.000285153972047515
"54023",0.000633564295285517
"54025",0.00115895313587571
"54027",0.0104867811823343
"54029",0.000837397746210058
"54031",0.00609591480705361
"54033",0.000373178253683423
"54035",0.00117968004734596
"54037",0.0565004897152591
"54039",7.58354007525988e-05
"54041",0.000854755177277786
"54043",0.000301845256754355
"54045",7.09114714765014e-06
"54047",0.000547354536972121
"54049",0.000541923731787239
"54051",0.00098759493756364
"54053",0.0086012459305286
"54055",0.000301407174960759
"54057",0.00161695309624399
"54059",7.60446086784572e-05
"54061",0.000460204257646368
"54063",0.00296057845868447
"54065",0.00531282763118453
"54067",0.000307164858923499
"54069",0.00259967495511246
"54071",0.00206858760721827
"54073",0.000673906877307467
"54075",0.000764784670110307
"54077",0.00221301691667758
"54079",0.000523579683526726
"54081",0.000209947411364096
"54083",0.000909072375124357
"54085",0.000286521218988136
"54087",0.000136402236282208
"54089",0.000406139295391074
"54091",0.000446952208414607
"54093",0.000476188841041212
"54095",0.000448805633536746
"54097",0.000866440601636975
"54099",0.000219384317296499
"54101",9.01072788610483e-05
"54103",0.00016174607541131
"54105",0.000498176715740036
"54107",0.00123426247633739
"54109",9.66311895213363e-06
"55001",0.0895667472151922
"55003",0.000880553788469605
"55005",0.0480141076656416
"55007",0.000720633604625959
"55009",0.0593108530635432
"55011",0.0517812928785724
"55013",0.00843579620790584
"55015",0.080605729651108
"55017",0.0461054540668483
"55019",0.0381367173254106
"55021",0.101686250544014
"55023",0.032501612205604
"55025",0.10146991980646
"55027",0.112338841896502
"55029",0.0266208183036881
"55031",0.000346636374261069
"55033",0.0763743913996898
"55035",0.0387057800002116
"55037",0.000459696902620879
"55039",0.0783191645658254
"55041",0.000331566261976115
"55043",0.064668098709849
"55045",0.114502960475543
"55047",0.0705863328105877
"55049",0.0648604240183544
"55051",0.000367086077316465
"55053",0.0288160056105644
"55055",0.126902672020616
"55057",0.0346913171768209
"55059",0.0886860406724512
"55061",0.067801472932931
"55063",0.0403519764103271
"55065",0.0963254428834274
"55067",0.0537502975258622
"55069",0.00554388784363494
"55071",0.0599021876803654
"55073",0.039498825587671
"55075",0.00947368280511672
"55077",0.0454217880102407
"55078",0
"55079",0.00556129808973552
"55081",0.0331315089568143
"55083",0.0233482262963082
"55085",0.0038579430528975
"55087",0.0863083255738094
"55089",0.0543863530265749
"55091",0.0677184149538975
"55093",0.072322157017686
"55095",0.0303502863118215
"55097",0.132102641790333
"55099",0.00171408330167749
"55101",0.102870687442168
"55103",0.0302977878432065
"55105",0.149351925251784
"55107",0.0115173532336436
"55109",0.0679591082321329
"55111",0.0564535395933676
"55113",0.0021240177535814
"55115",0.0317209519152566
"55117",0.0558399616425272
"55119",0.0248547583096466
"55121",0.0589320773331605
"55123",0.0424017322268213
"55125",0.000178416166727371
"55127",0.121560947227316
"55129",0.00700023313376941
"55131",0.0607061897424095
"55133",0.0426446399029066
"55135",0.0426473727823488
"55137",0.097130076292256
"55139",0.0683455615583243
"55141",0.0244432558097323
"56001",2.55965451054165e-05
"56003",0.00247075421719507
"56005",0.000128628038883888
"56007",2.09813775079735e-05
"56009",0.000242738186337909
"56011",0.000167954216484352
"56013",0.000264336330880612
"56015",0.00927204659278602
"56017",2.16738871019893e-05
"56019",2.96257698320211e-05
"56021",0.00461799326913912
"56023",2.2299299725712e-05
"56025",8.58550159708574e-05
"56027",0.000562077148395726
"56029",0.00100795360676467
"56031",0.00423221658159038
"56033",0.00025559180417035
"56035",0
"56037",2.53811821316385e-05
"56039",0
"56041",0
"56043",0.00189654644239788
"56045",4.76303473654787e-05
