"route_uniq","quad_poly_id"
"C840S02R001",305
"C840S02R002",305
"C840S02R003",305
"C840S02R004",330
"C840S02R005",330
"C840S02R006",305
"C840S02R007",306
"C840S02R008",331
"C840S02R009",306
"C840S02R010",331
"C840S02R011",331
"C840S02R012",331
"C840S02R013",331
"C840S02R014",330
"C840S02R015",330
"C840S02R016",330
"C840S02R017",330
"C840S02R018",330
"C840S02R019",329
"C840S02R020",351
"C840S02R021",352
"C840S02R022",352
"C840S02R023",352
"C840S02R024",353
"C840S02R025",352
"C840S02R026",353
"C840S02R027",353
"C840S02R028",331
"C840S02R029",354
"C840S02R030",369
"C840S02R031",370
"C840S02R032",353
"C840S02R033",353
"C840S02R034",369
"C840S02R035",368
"C840S02R036",352
"C840S02R037",368
"C840S02R038",368
"C840S02R039",368
"C840S02R040",384
"C840S02R041",384
"C840S02R042",368
"C840S02R043",330
"C840S02R044",330
"C840S02R045",330
"C840S02R046",305
"C840S02R047",330
"C840S02R048",352
"C840S02R049",352
"C840S02R050",352
"C840S02R051",353
"C840S02R052",367
"C840S02R053",352
"C840S02R054",369
"C840S02R055",353
"C840S02R056",331
"C840S02R057",305
"C840S02R058",306
"C840S02R059",330
"C840S02R060",330
"C840S02R061",331
"C840S02R062",331
"C840S02R063",352
"C840S02R064",353
"C840S02R065",353
"C840S02R066",368
"C840S02R067",369
"C840S02R068",369
"C840S02R069",368
"C840S02R070",384
"C840S02R071",305
"C840S02R072",305
"C840S02R073",306
"C840S02R102",305
"C840S02R105",330
"C840S02R109",306
"C840S02R111",331
"C840S02R137",368
"C840S02R140",384
"C840S02R141",384
"C840S02R142",368
"C840S02R156",331
"C840S02R162",331
"C840S02R164",353
"C840S02R201",330
"C840S02R203",305
"C840S02R204",306
"C840S02R205",329
"C840S02R206",330
"C840S02R207",331
"C840S02R208",331
"C840S02R209",331
"C840S02R210",352
"C840S02R211",353
"C840S02R212",353
"C840S02R213",368
"C840S02R214",352
"C840S02R215",353
"C840S02R216",353
"C840S02R217",368
"C840S02R218",368
"C840S02R306",330
"C840S02R750",305
"C840S02R751",331
"C840S02R752",352
"C840S02R753",368
"C840S02R754",368
"C840S02R900",305
"C840S02R901",304
"C840S06R001",235
"C840S06R002",236
"C840S06R003",265
"C840S06R004",237
"C840S06R005",266
"C840S06R006",263
"C840S06R007",263
"C840S06R008",264
"C840S06R009",264
"C840S06R010",265
"C840S06R011",266
"C840S06R012",263
"C840S06R013",263
"C840S06R014",290
"C840S06R015",290
"C840S06R016",291
"C840S06R017",291
"C840S06R018",289
"C840S06R019",289
"C840S06R020",290
"C840S06R021",315
"C840S06R022",291
"C840S06R023",317
"C840S06R024",313
"C840S06R025",314
"C840S06R026",314
"C840S06R027",315
"C840S06R028",338
"C840S06R029",338
"C840S06R030",336
"C840S06R031",337
"C840S06R032",337
"C840S06R033",338
"C840S06R051",236
"C840S06R052",236
"C840S06R053",237
"C840S06R054",265
"C840S06R055",266
"C840S06R056",263
"C840S06R057",263
"C840S06R058",264
"C840S06R059",264
"C840S06R060",265
"C840S06R061",265
"C840S06R063",289
"C840S06R064",290
"C840S06R065",291
"C840S06R066",291
"C840S06R067",291
"C840S06R068",288
"C840S06R069",314
"C840S06R070",314
"C840S06R071",290
"C840S06R072",316
"C840S06R073",317
"C840S06R074",313
"C840S06R076",315
"C840S06R077",315
"C840S06R078",316
"C840S06R079",316
"C840S06R080",314
"C840S06R081",337
"C840S06R082",337
"C840S06R083",338
"C840S06R101",235
"C840S06R103",237
"C840S06R105",266
"C840S06R106",263
"C840S06R107",263
"C840S06R108",264
"C840S06R115",290
"C840S06R116",291
"C840S06R119",289
"C840S06R121",315
"C840S06R122",316
"C840S06R123",317
"C840S06R126",314
"C840S06R127",315
"C840S06R130",336
"C840S06R133",338
"C840S06R161",266
"C840S06R170",314
"C840S06R172",316
"C840S06R176",314
"C840S06R177",315
"C840S06R206",263
"C840S06R219",289
"C840S06R233",338
"C840S06R900",338
"C840S06R901",338
"C840S07R001",327
"C840S07R002",350
"C840S07R003",327
"C840S07R004",327
"C840S07R005",326
"C840S07R006",326
"C840S07R007",326
"C840S07R008",303
"C840S07R009",302
"C840S07R010",327
"C840S07R011",327
"C840S07R012",327
"C840S07R013",326
"C840S07R014",301
"C840S07R015",301
"C840S07R016",303
"C840S07R017",303
"C840S07R018",302
"C840S07R019",302
"C840S07R020",302
"C840S07R021",302
"C840S07R022",301
"C840S07R023",301
"C840S07R024",301
"C840S07R025",277
"C840S07R026",276
"C840S07R027",276
"C840S07R028",275
"C840S07R029",275
"C840S07R030",275
"C840S07R031",275
"C840S07R032",276
"C840S07R033",277
"C840S07R034",277
"C840S07R035",277
"C840S07R036",303
"C840S07R037",302
"C840S07R038",302
"C840S07R039",301
"C840S07R040",326
"C840S07R041",301
"C840S07R042",327
"C840S07R043",327
"C840S07R045",326
"C840S07R046",348
"C840S07R047",327
"C840S07R048",328
"C840S07R049",301
"C840S07R102",350
"C840S07R103",327
"C840S07R109",302
"C840S07R111",302
"C840S07R112",327
"C840S07R114",301
"C840S07R117",303
"C840S07R118",302
"C840S07R900",301
"C840S07R901",301
"C840S07R902",301
"C840S07R903",327
"C840S07R904",303
"C840S14R001",84
"C840S14R002",114
"C840S14R003",115
"C840S14R004",83
"C840S14R005",113
"C840S14R006",113
"C840S14R007",114
"C840S14R008",115
"C840S14R009",115
"C840S14R010",144
"C840S14R011",145
"C840S14R012",145
"C840S14R013",146
"C840S14R014",144
"C840S14R015",145
"C840S14R016",174
"C840S14R017",175
"C840S14R018",175
"C840S14R019",173
"C840S14R020",174
"C840S14R021",174
"C840S14R022",204
"C840S14R023",205
"C840S14R024",204
"C840S14R025",203
"C840S14R026",203
"C840S14R027",204
"C840S14R028",232
"C840S14R029",233
"C840S14R030",233
"C840S14R031",233
"C840S14R032",231
"C840S14R033",232
"C840S14R034",233
"C840S14R035",261
"C840S14R036",261
"C840S14R037",262
"C840S14R038",259
"C840S14R039",260
"C840S14R040",260
"C840S14R041",261
"C840S14R042",260
"C840S14R043",262
"C840S14R044",289
"C840S14R045",286
"C840S14R046",287
"C840S14R047",287
"C840S14R048",313
"C840S14R049",288
"C840S14R050",312
"C840S14R051",287
"C840S14R052",203
"C840S14R053",203
"C840S14R054",204
"C840S14R055",232
"C840S14R056",233
"C840S14R057",231
"C840S14R058",205
"C840S14R059",233
"C840S14R060",261
"C840S14R061",261
"C840S14R062",262
"C840S14R063",233
"C840S14R064",234
"C840S14R065",262
"C840S14R066",261
"C840S14R067",262
"C840S14R068",262
"C840S14R069",288
"C840S14R070",288
"C840S14R071",173
"C840S14R072",145
"C840S14R073",115
"C840S14R074",83
"C840S14R075",113
"C840S14R076",115
"C840S14R077",114
"C840S14R078",146
"C840S14R079",145
"C840S14R080",145
"C840S14R081",144
"C840S14R082",175
"C840S14R083",173
"C840S14R084",205
"C840S14R085",261
"C840S14R086",289
"C840S14R087",262
"C840S14R088",288
"C840S14R089",288
"C840S14R090",288
"C840S14R091",287
"C840S14R092",313
"C840S14R093",313
"C840S14R094",261
"C840S14R095",175
"C840S14R096",175
"C840S14R097",114
"C840S14R098",174
"C840S14R099",286
"C840S14R100",288
"C840S14R103",260
"C840S14R104",260
"C840S14R105",287
"C840S14R106",287
"C840S14R107",287
"C840S14R108",203
"C840S14R109",262
"C840S14R110",232
"C840S14R111",261
"C840S14R112",260
"C840S14R113",287
"C840S14R114",259
"C840S14R116",233
"C840S14R117",232
"C840S14R118",260
"C840S14R119",287
"C840S14R120",287
"C840S14R121",287
"C840S14R122",287
"C840S14R123",231
"C840S14R124",233
"C840S14R125",232
"C840S14R126",287
"C840S14R127",204
"C840S14R128",232
"C840S14R129",261
"C840S14R130",261
"C840S14R131",287
"C840S14R132",204
"C840S14R133",260
"C840S14R134",260
"C840S14R135",259
"C840S14R136",259
"C840S14R137",312
"C840S14R138",231
"C840S14R139",234
"C840S14R140",232
"C840S14R141",232
"C840S14R142",260
"C840S14R145",232
"C840S14R147",232
"C840S14R148",145
"C840S14R149",203
"C840S14R150",313
"C840S14R151",115
"C840S14R152",174
"C840S14R153",175
"C840S14R154",205
"C840S14R155",174
"C840S14R156",175
"C840S14R157",175
"C840S14R158",146
"C840S14R159",145
"C840S14R160",144
"C840S14R161",114
"C840S14R162",115
"C840S14R163",114
"C840S14R164",114
"C840S14R165",115
"C840S14R166",85
"C840S14R167",84
"C840S14R168",85
"C840S14R169",114
"C840S14R170",175
"C840S14R171",204
"C840S14R172",174
"C840S14R173",231
"C840S14R174",84
"C840S14R175",114
"C840S14R176",85
"C840S14R177",115
"C840S14R178",113
"C840S14R179",114
"C840S14R180",145
"C840S14R181",146
"C840S14R182",144
"C840S14R183",145
"C840S14R184",146
"C840S14R185",146
"C840S14R186",144
"C840S14R187",145
"C840S14R188",175
"C840S14R189",203
"C840S14R190",175
"C840S14R191",204
"C840S14R192",205
"C840S14R193",173
"C840S14R194",203
"C840S14R195",203
"C840S14R196",203
"C840S14R197",232
"C840S14R198",84
"C840S14R199",115
"C840S14R200",113
"C840S14R201",115
"C840S14R202",174
"C840S14R203",174
"C840S14R204",204
"C840S14R205",204
"C840S14R210",144
"C840S14R213",146
"C840S14R220",287
"C840S14R221",287
"C840S14R225",203
"C840S14R226",287
"C840S14R231",287
"C840S14R235",259
"C840S14R240",260
"C840S14R245",232
"C840S14R252",203
"C840S14R260",261
"C840S14R267",84
"C840S14R302",174
"C840S14R303",174
"C840S14R308",115
"C840S14R313",287
"C840S14R319",202
"C840S14R320",174
"C840S14R341",232
"C840S14R345",286
"C840S14R352",174
"C840S14R357",175
"C840S14R366",261
"C840S14R401",83
"C840S14R402",84
"C840S14R403",114
"C840S14R404",114
"C840S14R405",115
"C840S14R406",85
"C840S14R407",85
"C840S14R408",115
"C840S14R409",114
"C840S14R410",114
"C840S14R411",114
"C840S14R412",115
"C840S14R413",115
"C840S14R414",115
"C840S14R415",146
"C840S14R416",146
"C840S14R417",146
"C840S14R418",146
"C840S14R419",175
"C840S14R420",175
"C840S14R421",175
"C840S14R422",204
"C840S14R423",233
"C840S14R424",232
"C840S14R425",232
"C840S14R426",204
"C840S14R427",260
"C840S14R428",84
"C840S14R429",114
"C840S14R430",85
"C840S14R431",114
"C840S14R432",145
"C840S14R433",146
"C840S14R434",175
"C840S14R435",114
"C840S14R436",146
"C840S14R437",145
"C840S14R503",174
"C840S14R518",146
"C840S14R536",146
"C840S14R900",84
"C840S14R901",84
"C840S14R902",84
"C840S14R903",113
"C840S14R905",113
"C840S14R907",288
"C840S14R908",83
"C840S14R909",203
"C840S14R918",83
"C840S14R953",113
"C840S17R001",182
"C840S17R002",153
"C840S17R003",183
"C840S17R004",184
"C840S17R005",184
"C840S17R006",184
"C840S17R007",185
"C840S17R008",181
"C840S17R009",182
"C840S17R010",212
"C840S17R011",212
"C840S17R012",213
"C840S17R013",184
"C840S17R014",214
"C840S17R015",211
"C840S17R016",211
"C840S17R017",211
"C840S17R018",240
"C840S17R019",213
"C840S17R020",214
"C840S17R021",242
"C840S17R022",238
"C840S17R023",239
"C840S17R024",239
"C840S17R025",240
"C840S17R026",241
"C840S17R027",242
"C840S17R028",242
"C840S17R031",182
"C840S17R032",182
"C840S17R033",183
"C840S17R034",183
"C840S17R035",184
"C840S17R036",185
"C840S17R037",185
"C840S17R038",210
"C840S17R039",182
"C840S17R040",212
"C840S17R041",212
"C840S17R042",184
"C840S17R043",214
"C840S17R044",214
"C840S17R045",210
"C840S17R046",211
"C840S17R047",212
"C840S17R048",212
"C840S17R049",213
"C840S17R050",241
"C840S17R051",214
"C840S17R052",239
"C840S17R053",239
"C840S17R054",240
"C840S17R055",240
"C840S17R056",269
"C840S17R057",241
"C840S17R058",270
"C840S17R116",211
"C840S17R122",238
"C840S17R124",239
"C840S17R125",240
"C840S17R126",241
"C840S17R138",211
"C840S17R153",239
"C840S17R154",240
"C840S17R201",182
"C840S17R202",182
"C840S17R203",183
"C840S17R204",183
"C840S17R205",184
"C840S17R206",184
"C840S17R207",185
"C840S17R208",182
"C840S17R209",182
"C840S17R210",212
"C840S17R211",183
"C840S17R212",184
"C840S17R213",213
"C840S17R214",214
"C840S17R215",211
"C840S17R216",211
"C840S17R217",212
"C840S17R218",212
"C840S17R219",241
"C840S17R220",241
"C840S17R221",242
"C840S17R222",239
"C840S17R223",239
"C840S17R224",240
"C840S17R225",240
"C840S17R226",241
"C840S17R227",242
"C840S17R228",270
"C840S17R253",239
"C840S17R301",182
"C840S17R302",182
"C840S17R303",183
"C840S17R304",183
"C840S17R305",184
"C840S17R306",184
"C840S17R307",185
"C840S17R308",181
"C840S17R309",211
"C840S17R310",212
"C840S17R311",212
"C840S17R312",213
"C840S17R313",214
"C840S17R314",214
"C840S17R315",210
"C840S17R316",211
"C840S17R317",212
"C840S17R318",212
"C840S17R319",213
"C840S17R320",213
"C840S17R321",242
"C840S17R322",238
"C840S17R323",239
"C840S17R324",239
"C840S17R325",240
"C840S17R326",241
"C840S17R327",241
"C840S17R328",242
"C840S17R351",182
"C840S17R352",182
"C840S17R353",183
"C840S17R354",183
"C840S17R358",182
"C840S17R359",182
"C840S17R360",183
"C840S17R361",183
"C840S17R362",213
"C840S17R365",210
"C840S17R366",211
"C840S17R367",239
"C840S17R368",240
"C840S17R372",238
"C840S17R373",239
"C840S17R374",240
"C840S17R375",240
"C840S17R376",241
"C840S17R377",182
"C840S17R378",183
"C840S17R410",212
"C840S17R412",184
"C840S17R419",241
"C840S17R422",238
"C840S17R423",239
"C840S17R425",240
"C840S17R453",183
"C840S17R900",184
"C840S17R901",184
"C840S17R902",183
"C840S17R903",238
"C840S17R904",183
"C840S18R001",142
"C840S18R002",141
"C840S18R003",141
"C840S18R004",142
"C840S18R005",111
"C840S18R006",142
"C840S18R007",142
"C840S18R008",141
"C840S18R009",141
"C840S18R010",141
"C840S18R011",141
"C840S18R012",141
"C840S18R013",141
"C840S18R014",141
"C840S18R015",141
"C840S18R016",141
"C840S18R102",141
"C840S18R105",111
"C840S18R112",141
"C840S18R116",141
"C840S21R001",200
"C840S21R002",171
"C840S21R003",200
"C840S21R004",200
"C840S21R005",200
"C840S21R006",201
"C840S21R007",201
"C840S21R008",200
"C840S21R009",201
"C840S21R010",200
"C840S21R105",200
"C840S21R107",201
"C840S21R108",200
"C840S21R109",200
"C840S21R900",200
"C840S21R901",200
"C840S21R921",200
"C840S25R001",368
"C840S25R002",369
"C840S25R003",369
"C840S25R004",370
"C840S25R005",370
"C840S25R006",370
"C840S25R007",369
"C840S25R008",370
"C840S25R009",385
"C840S25R010",370
"C840S25R011",386
"C840S25R012",371
"C840S25R013",387
"C840S25R014",386
"C840S25R015",385
"C840S25R016",394
"C840S25R017",394
"C840S25R018",372
"C840S25R019",372
"C840S25R020",394
"C840S25R021",372
"C840S25R022",394
"C840S25R023",387
"C840S25R024",394
"C840S25R025",388
"C840S25R026",399
"C840S25R027",394
"C840S25R028",400
"C840S25R029",394
"C840S25R030",395
"C840S25R031",395
"C840S25R032",399
"C840S25R033",400
"C840S25R035",400
"C840S25R036",403
"C840S25R037",372
"C840S25R038",372
"C840S25R039",400
"C840S25R040",400
"C840S25R051",368
"C840S25R052",369
"C840S25R053",369
"C840S25R054",370
"C840S25R055",369
"C840S25R056",371
"C840S25R057",370
"C840S25R058",371
"C840S25R059",371
"C840S25R060",372
"C840S25R061",371
"C840S25R062",385
"C840S25R063",387
"C840S25R064",387
"C840S25R065",387
"C840S25R066",387
"C840S25R067",395
"C840S25R068",387
"C840S25R069",387
"C840S25R070",394
"C840S25R071",394
"C840S25R072",394
"C840S25R073",394
"C840S25R074",395
"C840S25R075",395
"C840S25R076",400
"C840S25R077",400
"C840S25R078",400
"C840S25R079",400
"C840S25R080",400
"C840S25R081",400
"C840S25R082",399
"C840S25R083",403
"C840S25R084",386
"C840S25R085",393
"C840S25R086",399
"C840S25R087",399
"C840S25R088",400
"C840S25R105",370
"C840S25R107",369
"C840S25R108",370
"C840S25R109",385
"C840S25R113",387
"C840S25R116",394
"C840S25R117",394
"C840S25R123",387
"C840S25R129",394
"C840S25R132",399
"C840S25R135",403
"C840S25R137",372
"C840S25R138",372
"C840S25R151",369
"C840S25R159",371
"C840S25R165",387
"C840S25R170",394
"C840S25R172",394
"C840S25R175",395
"C840S25R176",400
"C840S25R178",400
"C840S25R180",403
"C840S25R183",403
"C840S25R207",369
"C840S25R283",403
"C840S25R901",370
"C840S25R902",371
"C840S25R903",387
"C840S25R904",370
"C840S25R905",387
"C840S25R906",394
"C840S25R907",403
"C840S25R908",387
"C840S25R909",386
"C840S25R910",399
"C840S25R911",395
"C840S25R912",400
"C840S25R913",399
"C840S25R915",388
"C840S25R916",394
"C840S25R917",371
"C840S25R918",387
"C840S25R919",395
"C840S25R920",369
"C840S25R921",385
"C840S25R922",386
"C840S25R923",368
"C840S25R925",388
"C840S27R001",372
"C840S27R002",372
"C840S27R003",356
"C840S27R004",371
"C840S27R005",355
"C840S27R006",370
"C840S27R007",355
"C840S27R008",356
"C840S27R009",354
"C840S27R010",354
"C840S27R011",356
"C840S27R012",355
"C840S27R013",333
"C840S27R014",354
"C840S27R015",332
"C840S27R016",332
"C840S27R017",355
"C840S27R018",371
"C840S27R019",333
"C840S27R020",333
"C840S27R021",370
"C840S27R022",332
"C840S27R023",331
"C840S27R024",307
"C840S27R025",370
"C840S27R026",306
"C840S27R027",332
"C840S27R028",354
"C840S27R029",354
"C840S27R030",307
"C840S27R031",333
"C840S27R032",333
"C840S27R033",354
"C840S27R034",334
"C840S27R035",332
"C840S27R036",331
"C840S27R037",306
"C840S27R038",354
"C840S27R039",306
"C840S27R040",307
"C840S27R041",307
"C840S27R042",307
"C840S27R043",332
"C840S27R044",332
"C840S27R045",332
"C840S27R046",332
"C840S27R047",333
"C840S27R048",333
"C840S27R049",354
"C840S27R050",355
"C840S27R051",333
"C840S27R052",354
"C840S27R053",355
"C840S27R054",334
"C840S27R055",355
"C840S27R056",356
"C840S27R057",370
"C840S27R058",371
"C840S27R102",372
"C840S27R111",356
"C840S27R112",355
"C840S27R117",355
"C840S27R119",333
"C840S27R122",332
"C840S27R123",331
"C840S27R142",307
"C840S27R155",355
"C840S27R156",356
"C840S27R158",371
"C840S27R301",372
"C840S27R302",371
"C840S27R303",371
"C840S27R304",372
"C840S27R305",356
"C840S27R306",371
"C840S27R307",355
"C840S27R308",333
"C840S27R309",333
"C840S27R310",334
"C840S27R311",371
"C840S27R312",371
"C840S27R313",371
"C840S27R314",355
"C840S27R315",355
"C840S27R316",370
"C840S27R317",354
"C840S27R318",354
"C840S27R319",354
"C840S27R320",333
"C840S27R321",354
"C840S27R322",332
"C840S27R323",333
"C840S27R324",333
"C840S27R325",333
"C840S27R326",332
"C840S27R327",332
"C840S27R328",332
"C840S27R329",331
"C840S27R330",331
"C840S27R331",307
"C840S27R332",308
"C840S27R333",307
"C840S27R334",332
"C840S27R335",307
"C840S27R336",306
"C840S27R337",306
"C840S27R430",331
"C840S27R900",332
"C840S33R001",7
"C840S33R002",16
"C840S33R003",17
"C840S33R004",35
"C840S33R005",36
"C840S33R006",36
"C840S33R007",35
"C840S33R008",36
"C840S33R009",36
"C840S33R010",62
"C840S33R011",60
"C840S33R012",61
"C840S33R013",61
"C840S33R014",61
"C840S33R015",90
"C840S33R016",91
"C840S33R017",88
"C840S33R018",88
"C840S33R019",89
"C840S33R020",89
"C840S33R021",90
"C840S33R022",90
"C840S33R023",88
"C840S33R024",88
"C840S33R025",119
"C840S33R026",119
"C840S33R027",120
"C840S33R028",120
"C840S33R029",6
"C840S33R030",36
"C840S33R109",36
"C840S33R111",60
"C840S33R119",89
"C840S33R124",88
"C840S33R128",120
"C840S33R202",17
"C840S33R204",35
"C840S33R205",36
"C840S33R207",35
"C840S33R208",35
"C840S33R209",61
"C840S33R211",60
"C840S33R212",61
"C840S33R213",61
"C840S33R214",90
"C840S33R217",88
"C840S33R218",88
"C840S33R219",89
"C840S33R220",89
"C840S33R221",90
"C840S33R222",91
"C840S33R223",87
"C840S33R224",88
"C840S33R225",119
"C840S33R226",119
"C840S33R227",120
"C840S33R228",120
"C840S33R319",89
"C840S33R901",90
"C840S33R902",90
"C840S33R903",90
"C840S33R904",90
"C840S33R905",90
"C840S33R906",17
"C840S33R907",16
"C840S34R001",163
"C840S34R002",163
"C840S34R003",163
"C840S34R004",164
"C840S34R005",164
"C840S34R006",164
"C840S34R007",163
"C840S34R008",163
"C840S34R009",192
"C840S34R010",163
"C840S34R011",163
"C840S34R012",164
"C840S34R013",193
"C840S34R014",164
"C840S34R015",164
"C840S34R016",164
"C840S34R017",164
"C840S34R018",164
"C840S34R019",191
"C840S34R020",191
"C840S34R021",192
"C840S34R022",191
"C840S34R023",192
"C840S34R024",192
"C840S34R025",192
"C840S34R026",192
"C840S34R027",192
"C840S34R028",192
"C840S34R029",193
"C840S34R030",193
"C840S34R031",193
"C840S34R032",193
"C840S34R033",193
"C840S34R034",193
"C840S34R035",220
"C840S34R036",192
"C840S34R037",221
"C840S34R038",221
"C840S34R039",221
"C840S34R040",221
"C840S34R041",221
"C840S34R042",222
"C840S34R043",221
"C840S34R044",193
"C840S34R045",222
"C840S34R046",222
"C840S34R047",222
"C840S34R048",222
"C840S34R049",249
"C840S34R050",249
"C840S34R051",221
"C840S34R052",221
"C840S34R053",250
"C840S34R054",250
"C840S34R055",250
"C840S34R056",222
"C840S34R057",222
"C840S34R058",222
"C840S34R059",250
"C840S34R060",249
"C840S34R061",250
"C840S34R062",250
"C840S34R063",278
"C840S34R064",222
"C840S34R065",163
"C840S34R066",164
"C840S34R067",163
"C840S34R068",163
"C840S34R069",164
"C840S34R070",191
"C840S34R071",192
"C840S34R072",192
"C840S34R073",193
"C840S34R074",221
"C840S34R075",221
"C840S34R076",222
"C840S34R077",222
"C840S34R078",249
"C840S34R079",250
"C840S34R080",250
"C840S34R081",250
"C840S34R082",164
"C840S34R104",164
"C840S34R135",220
"C840S34R301",163
"C840S34R302",163
"C840S34R303",164
"C840S34R304",192
"C840S34R305",163
"C840S34R306",164
"C840S34R307",192
"C840S34R308",193
"C840S34R309",193
"C840S34R310",193
"C840S34R311",191
"C840S34R312",221
"C840S34R313",193
"C840S34R314",193
"C840S34R315",222
"C840S34R316",221
"C840S34R317",222
"C840S34R318",250
"C840S34R319",250
"C840S34R900",192
"C840S35R001",164
"C840S35R002",165
"C840S35R003",165
"C840S35R004",165
"C840S35R005",165
"C840S35R006",165
"C840S35R007",166
"C840S35R008",165
"C840S35R009",166
"C840S35R010",193
"C840S35R011",194
"C840S35R012",194
"C840S35R013",194
"C840S35R014",194
"C840S35R015",194
"C840S35R016",195
"C840S35R017",195
"C840S35R018",194
"C840S35R019",194
"C840S35R020",195
"C840S35R021",223
"C840S35R022",223
"C840S35R023",223
"C840S35R024",223
"C840S35R025",194
"C840S35R026",223
"C840S35R027",223
"C840S35R028",195
"C840S35R029",224
"C840S35R030",223
"C840S35R031",224
"C840S35R032",223
"C840S35R033",223
"C840S35R034",251
"C840S35R035",223
"C840S35R036",223
"C840S35R037",223
"C840S35R038",223
"C840S35R039",251
"C840S35R040",224
"C840S35R041",224
"C840S35R042",251
"C840S35R101",165
"C840S35R103",165
"C840S35R108",165
"C840S35R115",194
"C840S35R117",195
"C840S35R201",165
"C840S35R301",164
"C840S35R302",165
"C840S35R303",165
"C840S35R304",166
"C840S35R305",194
"C840S35R306",194
"C840S35R307",195
"C840S35R308",195
"C840S35R309",194
"C840S35R310",194
"C840S35R311",195
"C840S35R312",195
"C840S35R313",223
"C840S35R314",223
"C840S35R315",224
"C840S35R316",251
"C840S35R410",194
"C840S35R900",223
"C840S35R901",165
"C840S35R903",193
"C840S36R001",191
"C840S36R002",190
"C840S36R003",190
"C840S36R004",189
"C840S36R005",189
"C840S36R006",163
"C840S36R007",162
"C840S36R008",162
"C840S36R009",162
"C840S36R010",162
"C840S36R011",161
"C840S36R012",161
"C840S36R013",161
"C840S36R014",161
"C840S36R015",160
"C840S36R016",189
"C840S36R017",163
"C840S36R018",162
"C840S36R019",162
"C840S36R020",162
"C840S36R021",162
"C840S36R022",130
"C840S36R023",161
"C840S36R024",160
"C840S36R025",161
"C840S36R026",160
"C840S36R027",160
"C840S36R028",159
"C840S36R029",131
"C840S36R030",131
"C840S36R031",130
"C840S36R032",130
"C840S36R033",129
"C840S36R034",129
"C840S36R105",189
"C840S36R108",162
"C840S36R118",162
"C840S36R123",161
"C840S36R131",130
"C840S38R001",274
"C840S38R002",246
"C840S38R003",246
"C840S38R004",245
"C840S38R005",246
"C840S38R006",273
"C840S38R007",273
"C840S38R008",244
"C840S38R009",244
"C840S38R010",272
"C840S38R011",271
"C840S38R012",243
"C840S38R013",218
"C840S38R014",218
"C840S38R015",246
"C840S38R016",217
"C840S38R017",245
"C840S38R018",217
"C840S38R019",217
"C840S38R020",244
"C840S38R021",245
"C840S38R022",244
"C840S38R023",216
"C840S38R024",214
"C840S38R025",215
"C840S38R026",218
"C840S38R027",218
"C840S38R028",217
"C840S38R029",218
"C840S38R030",217
"C840S38R031",217
"C840S38R032",216
"C840S38R033",216
"C840S38R034",216
"C840S38R035",216
"C840S38R036",215
"C840S38R037",243
"C840S38R038",214
"C840S38R105",274
"C840S38R118",217
"C840S38R133",216
"C840S38R301",274
"C840S38R302",246
"C840S38R303",245
"C840S38R304",245
"C840S38R305",244
"C840S38R306",244
"C840S38R307",243
"C840S38R308",243
"C840S38R309",246
"C840S38R310",246
"C840S38R311",245
"C840S38R312",245
"C840S38R313",216
"C840S38R314",244
"C840S38R315",243
"C840S38R316",243
"C840S38R317",218
"C840S38R318",217
"C840S38R319",217
"C840S38R320",216
"C840S38R321",216
"C840S38R322",215
"C840S38R323",214
"C840S38R420",216
"C840S39R001",281
"C840S39R002",278
"C840S39R003",278
"C840S39R004",278
"C840S39R005",279
"C840S39R006",251
"C840S39R007",279
"C840S39R008",280
"C840S39R009",280
"C840S39R010",280
"C840S39R011",280
"C840S39R012",278
"C840S39R013",254
"C840S39R014",253
"C840S39R015",253
"C840S39R016",253
"C840S39R017",253
"C840S39R018",253
"C840S39R019",253
"C840S39R020",252
"C840S39R021",252
"C840S39R022",252
"C840S39R023",252
"C840S39R024",252
"C840S39R025",252
"C840S39R026",252
"C840S39R027",252
"C840S39R028",251
"C840S39R029",251
"C840S39R030",251
"C840S39R031",251
"C840S39R032",251
"C840S39R033",251
"C840S39R034",251
"C840S39R035",251
"C840S39R036",250
"C840S39R037",224
"C840S39R038",224
"C840S39R039",224
"C840S39R040",224
"C840S39R041",224
"C840S39R042",253
"C840S39R043",225
"C840S39R044",225
"C840S39R045",225
"C840S39R046",225
"C840S39R107",279
"C840S39R112",278
"C840S39R113",254
"C840S39R114",253
"C840S39R117",253
"C840S39R118",253
"C840S39R119",253
"C840S39R120",251
"C840S39R124",252
"C840S39R127",252
"C840S39R132",251
"C840S39R133",251
"C840S39R134",251
"C840S39R137",224
"C840S39R145",225
"C840S39R146",225
"C840S39R214",253
"C840S39R900",251
"C840S39R901",251
"C840S42R001",383
"C840S42R002",383
"C840S42R003",382
"C840S42R004",382
"C840S42R005",382
"C840S42R006",381
"C840S42R007",381
"C840S42R008",383
"C840S42R009",366
"C840S42R010",366
"C840S42R011",381
"C840S42R012",366
"C840S42R013",365
"C840S42R014",365
"C840S42R015",380
"C840S42R016",364
"C840S42R017",365
"C840S42R018",350
"C840S42R019",365
"C840S42R020",365
"C840S42R021",365
"C840S42R022",364
"C840S42R023",349
"C840S42R024",349
"C840S42R025",349
"C840S42R026",349
"C840S42R027",348
"C840S42R028",348
"C840S42R029",382
"C840S42R030",381
"C840S42R031",381
"C840S42R032",366
"C840S42R033",382
"C840S42R034",381
"C840S42R036",365
"C840S42R037",364
"C840S42R038",350
"C840S42R039",349
"C840S42R040",348
"C840S42R050",382
"C840S42R051",381
"C840S42R052",381
"C840S42R053",382
"C840S42R054",366
"C840S42R055",381
"C840S42R056",380
"C840S42R057",365
"C840S42R058",349
"C840S42R059",364
"C840S42R060",350
"C840S42R061",349
"C840S42R062",348
"C840S42R101",383
"C840S42R102",383
"C840S42R104",382
"C840S42R105",382
"C840S42R106",381
"C840S42R107",380
"C840S42R108",383
"C840S42R113",365
"C840S42R114",365
"C840S42R119",365
"C840S42R121",365
"C840S42R122",364
"C840S42R123",349
"C840S42R124",349
"C840S42R125",349
"C840S42R128",348
"C840S42R137",364
"C840S42R139",349
"C840S42R140",348
"C840S42R206",381
"C840S42R207",380
"C840S42R208",383
"C840S42R214",365
"C840S42R221",364
"C840S42R240",348
"C840S42R301",348
"C840S42R302",349
"C840S42R303",349
"C840S42R304",348
"C840S42R305",349
"C840S42R306",365
"C840S42R307",380
"C840S42R308",381
"C840S42R309",382
"C840S42R310",366
"C840S42R311",381
"C840S42R312",382
"C840S42R313",382
"C840S42R314",365
"C840S42R405",349
"C840S42R407",380
"C840S42R410",366
"C840S42R411",381
"C840S42R414",365
"C840S42R901",365
"C840S42R902",365
"C840S42R903",382
"C840S42R904",350
"C840S42R905",381
"C840S42R906",382
"C840S44R001",81
"C840S44R002",81
"C840S44R003",81
"C840S44R004",81
"C840S44R005",82
"C840S44R006",53
"C840S44R007",53
"C840S44R008",81
"C840S44R009",81
"C840S44R010",53
"C840S44R011",53
"C840S44R012",81
"C840S44R013",53
"C840S44R014",81
"C840S44R015",53
"C840S44R016",54
"C840S44R017",54
"C840S44R018",54
"C840S44R019",53
"C840S44R020",53
"C840S44R021",54
"C840S44R022",54
"C840S44R023",54
"C840S44R024",54
"C840S44R025",54
"C840S44R026",54
"C840S44R027",54
"C840S44R028",54
"C840S44R029",54
"C840S44R030",29
"C840S44R031",53
"C840S44R032",53
"C840S44R033",54
"C840S44R034",29
"C840S44R035",29
"C840S44R036",53
"C840S44R037",53
"C840S44R038",30
"C840S44R039",30
"C840S44R040",30
"C840S44R041",30
"C840S44R042",54
"C840S44R043",30
"C840S44R044",30
"C840S44R045",30
"C840S44R046",29
"C840S44R047",29
"C840S44R048",30
"C840S44R049",11
"C840S44R050",29
"C840S44R051",30
"C840S44R052",30
"C840S44R053",11
"C840S44R054",11
"C840S44R055",10
"C840S44R056",29
"C840S44R057",29
"C840S44R058",29
"C840S44R059",29
"C840S44R060",10
"C840S44R108",81
"C840S44R115",53
"C840S44R117",54
"C840S44R120",53
"C840S44R129",54
"C840S44R134",29
"C840S44R144",30
"C840S44R146",29
"C840S44R147",29
"C840S44R155",10
"C840S44R159",29
"C840S44R301",29
"C840S44R302",10
"C840S44R303",30
"C840S44R304",53
"C840S44R305",30
"C840S44R306",53
"C840S44R307",53
"C840S44R308",54
"C840S44R309",54
"C840S44R310",81
"C840S44R410",81
"C840S46R001",198
"C840S46R002",198
"C840S46R003",198
"C840S46R004",198
"C840S46R005",198
"C840S46R006",199
"C840S46R007",199
"C840S46R008",199
"C840S46R009",199
"C840S46R010",199
"C840S46R011",199
"C840S46R012",199
"C840S46R013",199
"C840S46R014",199
"C840S46R015",199
"C840S46R016",199
"C840S46R017",199
"C840S46R018",200
"C840S46R019",200
"C840S46R020",200
"C840S46R021",200
"C840S46R022",200
"C840S46R023",200
"C840S46R024",200
"C840S46R025",229
"C840S46R026",200
"C840S46R027",229
"C840S46R028",229
"C840S46R029",229
"C840S46R030",199
"C840S46R031",200
"C840S46R032",200
"C840S46R033",200
"C840S46R034",200
"C840S46R035",200
"C840S46R036",200
"C840S46R037",200
"C840S46R038",200
"C840S46R039",200
"C840S46R040",200
"C840S46R041",200
"C840S46R042",229
"C840S46R043",200
"C840S46R044",200
"C840S46R045",229
"C840S46R046",200
"C840S46R047",229
"C840S46R048",230
"C840S46R049",230
"C840S46R050",229
"C840S46R051",198
"C840S46R052",198
"C840S46R053",198
"C840S46R054",199
"C840S46R055",199
"C840S46R056",229
"C840S46R057",200
"C840S46R058",229
"C840S46R059",229
"C840S46R102",198
"C840S46R110",199
"C840S46R112",199
"C840S46R121",200
"C840S46R123",200
"C840S46R124",200
"C840S46R125",229
"C840S46R126",200
"C840S46R145",229
"C840S46R149",201
"C840S46R150",229
"C840S46R151",200
"C840S46R152",200
"C840S46R900",200
"C840S46R901",200
"C840S46R902",200
"C840S46R903",200
"C840S46R909",200
"C840S46R910",200
"C840S46R911",199
"C840S46R912",200
"C840S46R920",200
"C840S46R922",200
"C840S46R925",170
"C840S47R001",112
"C840S47R002",143
"C840S47R003",111
"C840S47R004",112
"C840S47R005",111
"C840S47R006",111
"C840S47R007",111
"C840S47R008",111
"C840S47R009",111
"C840S47R010",111
"C840S47R011",111
"C840S47R012",111
"C840S47R013",111
"C840S47R014",110
"C840S47R015",110
"C840S47R016",111
"C840S47R017",110
"C840S47R018",110
"C840S47R019",110
"C840S47R020",110
"C840S47R021",110
"C840S47R022",110
"C840S47R102",142
"C840S47R104",112
"C840S47R112",111
"C840S47R113",111
"C840S47R115",110
"C840S47R118",110
"C840S47R120",110
"C840S47R900",111
"C840S47R901",112
"C840S49R001",49
"C840S49R002",49
"C840S49R003",74
"C840S49R004",50
"C840S49R005",75
"C840S49R006",50
"C840S49R007",75
"C840S49R008",74
"C840S49R009",75
"C840S49R010",75
"C840S49R011",50
"C840S49R012",75
"C840S49R013",75
"C840S49R014",76
"C840S49R015",76
"C840S49R016",75
"C840S49R017",104
"C840S49R018",104
"C840S49R019",134
"C840S49R020",165
"C840S49R021",134
"C840S49R022",165
"C840S49R023",51
"C840S49R024",51
"C840S49R025",76
"C840S49R026",76
"C840S49R027",104
"C840S49R028",104
"C840S49R029",104
"C840S49R030",104
"C840S49R031",104
"C840S49R032",135
"C840S49R033",134
"C840S49R034",134
"C840S49R035",165
"C840S49R036",165
"C840S49R037",134
"C840S49R038",134
"C840S49R039",165
"C840S49R040",51
"C840S49R041",77
"C840S49R042",77
"C840S49R043",76
"C840S49R044",77
"C840S49R045",105
"C840S49R046",105
"C840S49R047",105
"C840S49R048",105
"C840S49R049",135
"C840S49R050",105
"C840S49R051",135
"C840S49R052",135
"C840S49R053",135
"C840S49R054",135
"C840S49R055",166
"C840S49R056",135
"C840S49R057",166
"C840S49R058",166
"C840S49R059",77
"C840S49R060",77
"C840S49R061",105
"C840S49R062",77
"C840S49R063",135
"C840S49R064",105
"C840S49R065",136
"C840S49R066",135
"C840S49R067",135
"C840S49R068",136
"C840S49R069",136
"C840S49R070",106
"C840S49R071",106
"C840S49R072",136
"C840S49R073",136
"C840S49R116",75
"C840S49R126",104
"C840S49R128",104
"C840S49R130",104
"C840S49R131",104
"C840S49R134",134
"C840S49R143",76
"C840S49R146",104
"C840S49R162",77
"C840S49R165",136
"C840S49R166",136
"C840S49R167",135
"C840S49R168",136
"C840S49R172",136
"C840S49R230",104
"C840S49R267",135
"C840S49R900",104
"C840S49R901",74
"C840S49R902",76
"C840S49R903",51
"C840S49R904",51
"C840S49R905",165
"C840S49R906",76
"C840S49R907",134
"C840S49R908",74
"C840S49R909",134
"C840S49R910",134
"C840S49R911",75
"C840S49R912",75
"C840S49R913",75
"C840S49R914",76
"C840S49R915",76
"C840S49R916",134
"C840S50R001",131
"C840S50R002",131
"C840S50R003",130
"C840S50R004",130
"C840S50R005",129
"C840S50R006",129
"C840S50R007",101
"C840S50R008",100
"C840S50R009",100
"C840S50R010",100
"C840S50R011",100
"C840S50R012",99
"C840S50R013",99
"C840S50R014",99
"C840S50R015",72
"C840S50R016",100
"C840S50R017",100
"C840S50R018",72
"C840S50R019",99
"C840S50R020",99
"C840S50R021",71
"C840S50R022",72
"C840S50R023",72
"C840S50R024",72
"C840S50R025",46
"C840S50R026",72
"C840S50R027",71
"C840S50R028",71
"C840S50R029",45
"C840S50R030",70
"C840S50R031",49
"C840S50R032",48
"C840S50R033",48
"C840S50R034",48
"C840S50R035",47
"C840S50R036",47
"C840S50R037",47
"C840S50R038",47
"C840S50R039",47
"C840S50R040",46
"C840S50R041",46
"C840S50R042",46
"C840S50R043",45
"C840S50R044",46
"C840S50R045",28
"C840S50R046",28
"C840S50R047",27
"C840S50R048",27
"C840S50R049",46
"C840S50R050",27
"C840S50R051",27
"C840S50R052",26
"C840S50R053",131
"C840S50R054",131
"C840S50R055",130
"C840S50R056",130
"C840S50R057",129
"C840S50R058",101
"C840S50R059",100
"C840S50R060",99
"C840S50R061",99
"C840S50R062",99
"C840S50R063",72
"C840S50R064",99
"C840S50R065",71
"C840S50R066",71
"C840S50R067",72
"C840S50R068",72
"C840S50R069",72
"C840S50R070",71
"C840S50R071",48
"C840S50R072",48
"C840S50R073",48
"C840S50R074",47
"C840S50R075",47
"C840S50R076",46
"C840S50R077",45
"C840S50R078",28
"C840S50R079",28
"C840S50R080",27
"C840S50R081",27
"C840S50R082",27
"C840S50R102",131
"C840S50R139",46
"C840S50R140",46
"C840S50R153",131
"C840S50R179",28
"C840S50R900",72
"C840S50R902",46
"C840S50R903",101
"C840S50R904",98
"C840S51R001",366
"C840S51R002",366
"C840S51R003",328
"C840S51R004",303
"C840S51R005",328
"C840S51R006",350
"C840S51R007",328
"C840S51R008",350
"C840S51R009",366
"C840S51R010",366
"C840S51R011",303
"C840S51R012",303
"C840S51R013",329
"C840S51R014",329
"C840S51R015",351
"C840S51R016",351
"C840S51R017",367
"C840S51R018",367
"C840S51R019",367
"C840S51R020",367
"C840S51R021",304
"C840S51R022",329
"C840S51R023",329
"C840S51R024",351
"C840S51R025",329
"C840S51R026",351
"C840S51R027",367
"C840S51R028",367
"C840S51R029",383
"C840S51R030",367
"C840S51R031",367
"C840S51R032",350
"C840S51R033",366
"C840S51R034",328
"C840S51R035",350
"C840S51R036",350
"C840S51R037",367
"C840S51R038",329
"C840S51R039",329
"C840S51R040",328
"C840S51R041",329
"C840S51R042",304
"C840S51R043",366
"C840S51R101",365
"C840S51R104",328
"C840S51R105",328
"C840S51R111",303
"C840S51R113",329
"C840S51R119",367
"C840S51R124",351
"C840S51R129",367
"C840S51R205",328
"C840S51R224",351
"C840S51R229",367
"C840S51R900",366
"C840S51R901",351
"C840S51R902",351
"C840S51R903",350
"C840S51R904",328
"C840S51R905",328
"C840S51R906",329
"C840S51R907",366
"C840S51R908",350
"C840S51R909",350
"C840S51R910",351
"C840S51R911",329
"C840S51R912",329
"C840S51R913",329
"C840S51R914",350
"C840S51R915",350
"C840S51R916",350
"C840S51R917",350
"C840S51R918",328
"C840S51R919",350
"C840S51R920",350
"C840S52R001",278
"C840S52R002",277
"C840S52R003",276
"C840S52R004",276
"C840S52R005",275
"C840S52R006",275
"C840S52R007",249
"C840S52R008",249
"C840S52R009",249
"C840S52R010",248
"C840S52R011",248
"C840S52R012",248
"C840S52R013",247
"C840S52R014",247
"C840S52R015",247
"C840S52R016",275
"C840S52R017",249
"C840S52R018",248
"C840S52R019",220
"C840S52R020",247
"C840S52R021",248
"C840S52R022",247
"C840S52R023",247
"C840S52R024",219
"C840S52R025",220
"C840S52R026",220
"C840S52R027",220
"C840S52R028",220
"C840S52R029",219
"C840S52R030",219
"C840S52R031",219
"C840S52R032",218
"C840S52R033",191
"C840S52R034",191
"C840S52R035",190
"C840S52R036",189
"C840S52R037",189
"C840S52R052",277
"C840S52R053",277
"C840S52R054",275
"C840S52R055",275
"C840S52R056",249
"C840S52R057",249
"C840S52R058",249
"C840S52R059",248
"C840S52R061",248
"C840S52R062",248
"C840S52R064",220
"C840S52R066",219
"C840S52R067",219
"C840S52R068",191
"C840S52R070",190
"C840S52R071",189
"C840S52R109",249
"C840S52R112",248
"C840S52R117",249
"C840S52R122",247
"C840S52R124",247
"C840S52R126",220
"C840S52R130",219
"C840S52R131",219
"C840S52R133",191
"C840S52R136",189
"C840S52R137",189
"C840S52R138",189
"C840S52R139",190
"C840S52R140",190
"C840S52R141",191
"C840S52R142",191
"C840S52R143",218
"C840S52R144",219
"C840S52R145",220
"C840S52R146",220
"C840S52R147",221
"C840S52R148",247
"C840S52R149",247
"C840S52R150",248
"C840S52R151",248
"C840S52R152",249
"C840S52R153",247
"C840S52R154",247
"C840S52R155",248
"C840S52R156",248
"C840S52R157",249
"C840S52R158",277
"C840S52R159",275
"C840S52R160",275
"C840S52R161",276
"C840S52R162",276
"C840S52R163",277
"C840S52R164",277
"C840S52R212",248
"C840S52R217",249
"C840S52R317",249
"C840S53R001",7
"C840S53R002",17
"C840S53R003",8
"C840S53R004",9
"C840S53R005",9
"C840S53R006",20
"C840S53R007",20
"C840S53R008",20
"C840S53R009",21
"C840S53R010",21
"C840S53R011",22
"C840S53R012",22
"C840S53R013",17
"C840S53R014",18
"C840S53R015",18
"C840S53R016",18
"C840S53R017",19
"C840S53R018",19
"C840S53R019",20
"C840S53R020",39
"C840S53R021",40
"C840S53R022",40
"C840S53R023",41
"C840S53R024",42
"C840S53R025",17
"C840S53R026",37
"C840S53R027",37
"C840S53R028",37
"C840S53R029",38
"C840S53R030",39
"C840S53R031",39
"C840S53R032",40
"C840S53R033",65
"C840S53R034",41
"C840S53R035",66
"C840S53R036",36
"C840S53R037",62
"C840S53R038",38
"C840S53R039",63
"C840S53R040",64
"C840S53R041",64
"C840S53R042",65
"C840S53R043",65
"C840S53R044",66
"C840S53R045",66
"C840S53R046",62
"C840S53R047",63
"C840S53R063",17
"C840S53R064",17
"C840S53R074",18
"C840S53R075",17
"C840S53R076",37
"C840S53R086",36
"C840S53R087",62
"C840S53R097",62
"C840S53R101",17
"C840S53R103",8
"C840S53R105",9
"C840S53R131",39
"C840S53R137",62
"C840S53R138",38
"C840S53R176",37
"C840S53R231",39
"C840S53R300",7
"C840S53R301",8
"C840S53R302",8
"C840S53R303",18
"C840S53R304",19
"C840S53R305",20
"C840S53R306",20
"C840S53R307",21
"C840S53R308",21
"C840S53R309",22
"C840S53R310",22
"C840S53R311",23
"C840S53R312",18
"C840S53R313",38
"C840S53R314",19
"C840S53R315",38
"C840S53R316",20
"C840S53R317",40
"C840S53R318",40
"C840S53R319",41
"C840S53R320",41
"C840S53R321",22
"C840S53R322",37
"C840S53R323",37
"C840S53R324",38
"C840S53R325",38
"C840S53R326",39
"C840S53R327",39
"C840S53R328",65
"C840S53R329",40
"C840S53R330",66
"C840S53R331",41
"C840S53R332",62
"C840S53R333",63
"C840S53R334",63
"C840S53R335",64
"C840S53R336",64
"C840S53R337",65
"C840S53R338",65
"C840S53R339",66
"C840S53R340",66
"C840S53R341",63
"C840S53R800",8
"C840S53R900",8
"C840S53R901",36
"C840S53R902",37
"C840S53R903",37
"C840S53R904",37
"C840S53R905",18
"C840S53R906",37
"C840S53R907",64
"C840S53R908",39
"C840S53R955",18
"C840S53R956",18
"C840S54R001",189
"C840S54R002",189
"C840S54R003",188
"C840S54R004",188
"C840S54R005",188
"C840S54R006",187
"C840S54R007",187
"C840S54R008",187
"C840S54R009",186
"C840S54R010",186
"C840S54R011",186
"C840S54R012",189
"C840S54R013",189
"C840S54R014",188
"C840S54R015",159
"C840S54R016",158
"C840S54R017",159
"C840S54R018",158
"C840S54R019",187
"C840S54R020",186
"C840S54R021",156
"C840S54R022",159
"C840S54R023",128
"C840S54R024",159
"C840S54R025",127
"C840S54R026",158
"C840S54R027",158
"C840S54R028",158
"C840S54R029",157
"C840S54R030",155
"C840S54R031",126
"C840S54R032",186
"C840S54R033",155
"C840S54R034",125
"C840S54R035",186
"C840S54R036",186
"C840S54R037",157
"C840S54R038",157
"C840S54R039",156
"C840S54R040",155
"C840S54R041",157
"C840S54R042",157
"C840S54R043",156
"C840S54R044",125
"C840S54R103",188
"C840S54R116",158
"C840S54R119",187
"C840S54R124",159
"C840S54R130",155
"C840S54R203",188
"C840S54R219",187
"C840S54R900",124
"C840S54R901",125
"C840S55R001",116
"C840S55R002",116
"C840S55R003",117
"C840S55R004",117
"C840S55R005",149
"C840S55R006",119
"C840S55R007",146
"C840S55R008",147
"C840S55R009",148
"C840S55R010",148
"C840S55R011",149
"C840S55R012",149
"C840S55R013",146
"C840S55R014",176
"C840S55R015",177
"C840S55R016",177
"C840S55R017",178
"C840S55R018",178
"C840S55R019",175
"C840S55R020",176
"C840S55R021",177
"C840S55R022",177
"C840S55R023",206
"C840S55R024",178
"C840S55R025",205
"C840S55R027",207
"C840S55R028",207
"C840S55R029",234
"C840S55R030",234
"C840S55R031",235
"C840S55R032",262
"C840S55R033",263
"C840S55R037",118
"C840S55R043",149
"C840S55R045",147
"C840S55R101",116
"C840S55R103",117
"C840S55R108",147
"C840S55R114",147
"C840S55R119",175
"C840S55R120",176
"C840S55R121",177
"C840S55R125",205
"C840S55R130",234
"C840S55R143",149
"C840S55R208",147
"C840S55R901",178
"C840S55R902",118
"C840S55R903",116
"C840S55R904",147
"C840S55R905",177
"C840S55R906",234
"C840S55R907",116
"C840S55R908",207
"C840S55R909",147
"C840S58R001",111
"C840S58R002",111
"C840S58R003",110
"C840S58R004",81
"C840S58R005",81
"C840S58R006",81
"C840S58R007",81
"C840S58R008",81
"C840S58R009",81
"C840S58R010",81
"C840S58R011",80
"C840S58R012",81
"C840S58R013",110
"C840S58R014",110
"C840S58R015",80
"C840S58R016",81
"C840S58R017",81
"C840S58R018",80
"C840S58R019",53
"C840S58R020",52
"C840S58R021",53
"C840S58R022",52
"C840S58R023",81
"C840S58R102",111
"C840S58R116",81
"C840S59R001",171
"C840S59R002",200
"C840S59R003",200
"C840S59R004",200
"C840S59R005",172
"C840S59R006",171
"C840S59R007",172
"C840S59R008",172
"C840S59R009",201
"C840S59R010",171
"C840S59R011",172
"C840S59R012",172
"C840S59R013",172
"C840S59R014",171
"C840S59R015",172
"C840S59R016",171
"C840S59R017",141
"C840S59R018",141
"C840S59R019",140
"C840S59R020",171
"C840S59R021",140
"C840S59R022",141
"C840S59R023",171
"C840S59R024",172
"C840S59R025",172
"C840S59R026",172
"C840S59R027",172
"C840S59R028",172
"C840S59R029",201
"C840S59R030",201
"C840S59R031",201
"C840S59R032",172
"C840S59R033",172
"C840S59R104",171
"C840S59R107",172
"C840S59R109",171
"C840S59R111",172
"C840S59R114",171
"C840S59R116",171
"C840S59R131",201
"C840S59R132",172
"C840S59R204",171
"C840S59R231",201
"C840S59R232",172
"C840S60R001",239
"C840S60R002",267
"C840S60R003",268
"C840S60R004",268
"C840S60R005",269
"C840S60R006",269
"C840S60R007",266
"C840S60R008",267
"C840S60R009",294
"C840S60R010",294
"C840S60R011",269
"C840S60R012",295
"C840S60R013",292
"C840S60R014",293
"C840S60R015",293
"C840S60R016",319
"C840S60R017",320
"C840S60R018",320
"C840S60R019",317
"C840S60R020",318
"C840S60R021",318
"C840S60R022",319
"C840S60R023",319
"C840S60R024",320
"C840S60R025",339
"C840S60R026",339
"C840S60R027",340
"C840S60R028",319
"C840S60R029",341
"C840S60R030",342
"C840S60R031",339
"C840S60R051",266
"C840S60R052",267
"C840S60R053",267
"C840S60R054",268
"C840S60R055",269
"C840S60R056",269
"C840S60R057",292
"C840S60R058",293
"C840S60R059",267
"C840S60R060",268
"C840S60R061",295
"C840S60R062",269
"C840S60R063",292
"C840S60R064",318
"C840S60R065",293
"C840S60R066",319
"C840S60R067",294
"C840S60R068",295
"C840S60R069",317
"C840S60R070",318
"C840S60R071",318
"C840S60R072",319
"C840S60R073",319
"C840S60R074",320
"C840S60R075",339
"C840S60R076",317
"C840S60R077",340
"C840S60R078",341
"C840S60R079",341
"C840S60R080",342
"C840S60R081",339
"C840S60R082",339
"C840S60R101",239
"C840S60R107",292
"C840S60R111",295
"C840S60R112",295
"C840S60R114",293
"C840S60R115",318
"C840S60R116",319
"C840S60R121",318
"C840S60R126",340
"C840S60R130",342
"C840S60R153",267
"C840S60R154",268
"C840S60R155",269
"C840S60R158",293
"C840S60R163",292
"C840S60R164",293
"C840S60R166",319
"C840S60R201",239
"C840S60R221",318
"C840S60R263",292
"C840S60R301",239
"C840S60R900",269
"C840S61R001",142
"C840S61R002",141
"C840S61R003",141
"C840S61R004",172
"C840S61R005",141
"C840S61R006",141
"C840S61R007",141
"C840S61R008",141
"C840S61R009",141
"C840S61R010",141
"C840S61R011",141
"C840S61R012",141
"C840S61R013",140
"C840S61R014",140
"C840S61R015",140
"C840S61R016",110
"C840S61R017",110
"C840S61R018",110
"C840S61R019",110
"C840S61R020",110
"C840S61R021",109
"C840S61R022",109
"C840S61R023",109
"C840S61R024",109
"C840S61R025",109
"C840S61R026",109
"C840S61R027",109
"C840S61R028",141
"C840S61R029",109
"C840S61R030",140
"C840S61R031",140
"C840S61R032",109
"C840S61R033",140
"C840S61R034",109
"C840S61R035",109
"C840S61R036",140
"C840S61R037",108
"C840S61R038",140
"C840S61R039",139
"C840S61R040",108
"C840S61R041",139
"C840S61R042",108
"C840S61R043",139
"C840S61R044",140
"C840S61R045",138
"C840S61R046",139
"C840S61R047",108
"C840S61R048",108
"C840S61R049",139
"C840S61R050",139
"C840S61R051",108
"C840S61R052",138
"C840S61R053",138
"C840S61R054",107
"C840S61R055",138
"C840S61R056",138
"C840S61R057",138
"C840S61R058",138
"C840S61R059",138
"C840S61R060",138
"C840S61R061",138
"C840S61R062",138
"C840S61R063",138
"C840S61R064",107
"C840S61R065",107
"C840S61R066",107
"C840S61R067",107
"C840S61R068",108
"C840S61R069",108
"C840S61R070",108
"C840S61R071",78
"C840S61R072",108
"C840S61R073",109
"C840S61R074",109
"C840S61R075",108
"C840S61R076",109
"C840S61R077",109
"C840S61R078",109
"C840S61R079",109
"C840S61R080",109
"C840S61R081",109
"C840S61R082",109
"C840S61R083",79
"C840S61R084",79
"C840S61R085",109
"C840S61R086",109
"C840S61R087",79
"C840S61R088",79
"C840S61R089",110
"C840S61R090",110
"C840S61R091",110
"C840S61R092",79
"C840S61R093",79
"C840S61R094",78
"C840S61R095",79
"C840S61R096",78
"C840S61R097",79
"C840S61R098",79
"C840S61R099",79
"C840S61R100",79
"C840S61R101",79
"C840S61R102",79
"C840S61R103",79
"C840S61R104",79
"C840S61R105",79
"C840S61R106",79
"C840S61R107",79
"C840S61R108",79
"C840S61R109",79
"C840S61R110",139
"C840S61R111",138
"C840S61R112",79
"C840S61R113",78
"C840S61R114",79
"C840S61R120",110
"C840S61R121",140
"C840S61R123",109
"C840S61R127",109
"C840S61R136",140
"C840S61R146",139
"C840S61R154",107
"C840S61R169",108
"C840S61R182",109
"C840S61R199",79
"C840S61R206",79
"C840S61R207",141
"C840S61R210",141
"C840S61R212",141
"C840S61R301",79
"C840S63R001",310
"C840S63R002",285
"C840S63R003",311
"C840S63R004",310
"C840S63R005",310
"C840S63R006",310
"C840S63R007",258
"C840S63R008",285
"C840S63R009",285
"C840S63R010",257
"C840S63R011",285
"C840S63R012",284
"C840S63R013",284
"C840S63R014",283
"C840S63R015",283
"C840S63R016",283
"C840S63R017",283
"C840S63R018",282
"C840S63R019",282
"C840S63R020",282
"C840S63R021",282
"C840S63R022",281
"C840S63R023",257
"C840S63R024",256
"C840S63R025",284
"C840S63R026",255
"C840S63R027",283
"C840S63R028",282
"C840S63R029",258
"C840S63R030",307
"C840S63R031",282
"C840S63R101",310
"C840S63R106",310
"C840S63R107",258
"C840S63R108",285
"C840S63R109",285
"C840S63R116",283
"C840S63R118",282
"C840S63R119",282
"C840S63R121",282
"C840S63R123",257
"C840S63R126",255
"C840S63R129",258
"C840S63R202",285
"C840S63R203",285
"C840S63R204",311
"C840S63R205",311
"C840S63R206",284
"C840S63R207",309
"C840S63R208",285
"C840S63R210",285
"C840S63R211",285
"C840S63R212",284
"C840S63R213",284
"C840S63R214",284
"C840S63R215",283
"C840S63R216",283
"C840S63R217",283
"C840S63R218",282
"C840S63R219",282
"C840S63R220",282
"C840S63R221",282
"C840S63R222",307
"C840S63R223",257
"C840S63R224",256
"C840S63R225",284
"C840S63R226",255
"C840S63R227",283
"C840S63R228",282
"C840S63R229",257
"C840S63R230",257
"C840S63R231",257
"C840S63R232",256
"C840S63R233",255
"C840S63R234",255
"C840S63R301",254
"C840S63R302",283
"C840S63R303",256
"C840S63R304",256
"C840S63R305",256
"C840S63R306",257
"C840S63R307",307
"C840S63R308",308
"C840S63R309",282
"C840S63R310",283
"C840S63R311",285
"C840S63R312",284
"C840S63R313",285
"C840S63R314",284
"C840S63R315",284
"C840S63R316",284
"C840S63R317",285
"C840S63R318",284
"C840S63R319",285
"C840S63R329",257
"C840S63R419",285
"C840S63R900",284
"C840S63R902",285
"C840S63R903",285
"C840S63R904",283
"C840S63R905",257
"C840S63R906",281
"C840S63R907",282
"C840S63R908",282
"C840S63R909",282
"C840S63R910",307
"C840S63R911",307
"C840S63R912",307
"C840S63R913",285
"C840S63R914",310
"C840S63R915",285
"C840S63R916",257
"C840S63R917",281
"C840S64R001",70
"C840S64R002",70
"C840S64R003",44
"C840S64R004",69
"C840S64R005",44
"C840S64R006",69
"C840S64R007",45
"C840S64R008",45
"C840S64R009",45
"C840S64R010",44
"C840S64R011",44
"C840S64R012",44
"C840S64R013",26
"C840S64R014",26
"C840S64R015",44
"C840S64R016",25
"C840S64R017",25
"C840S64R018",25
"C840S64R019",43
"C840S64R020",68
"C840S64R021",42
"C840S64R022",42
"C840S64R023",24
"C840S64R024",24
"C840S64R025",23
"C840S64R026",23
"C840S64R027",70
"C840S64R028",24
"C840S64R029",68
"C840S64R030",67
"C840S64R031",43
"C840S64R032",42
"C840S64R033",42
"C840S64R034",68
"C840S64R035",42
"C840S64R036",68
"C840S64R037",43
"C840S64R038",23
"C840S64R039",23
"C840S64R040",24
"C840S64R041",43
"C840S64R042",44
"C840S64R043",69
"C840S64R044",25
"C840S64R103",44
"C840S64R113",26
"C840S64R115",44
"C840S64R120",68
"C840S64R127",70
"C840S64R129",68
"C840S66R001",166
"C840S66R002",166
"C840S66R003",166
"C840S66R005",167
"C840S66R006",167
"C840S66R007",167
"C840S66R008",166
"C840S66R011",167
"C840S66R012",167
"C840S66R013",167
"C840S66R015",168
"C840S66R016",168
"C840S66R017",168
"C840S66R018",167
"C840S66R021",168
"C840S66R022",168
"C840S66R024",195
"C840S66R025",166
"C840S66R026",195
"C840S66R027",195
"C840S66R031",196
"C840S66R032",196
"C840S66R033",196
"C840S66R034",196
"C840S66R035",196
"C840S66R039",196
"C840S66R040",167
"C840S66R041",196
"C840S66R042",196
"C840S66R043",197
"C840S66R046",168
"C840S66R047",168
"C840S66R048",197
"C840S66R049",197
"C840S66R050",197
"C840S66R051",197
"C840S66R056",197
"C840S66R057",168
"C840S66R058",195
"C840S66R059",224
"C840S66R060",224
"C840S66R061",195
"C840S66R064",225
"C840S66R065",196
"C840S66R066",196
"C840S66R067",196
"C840S66R068",195
"C840S66R072",225
"C840S66R073",197
"C840S66R074",225
"C840S66R075",196
"C840S66R076",225
"C840S66R080",197
"C840S66R081",197
"C840S66R082",197
"C840S66R083",197
"C840S66R085",225
"C840S66R086",225
"C840S66R087",225
"C840S66R088",225
"C840S66R107",167
"C840S66R112",167
"C840S66R113",167
"C840S66R116",168
"C840S66R118",167
"C840S66R126",195
"C840S66R141",196
"C840S66R148",197
"C840S66R150",197
"C840S66R151",197
"C840S66R157",168
"C840S66R159",195
"C840S66R161",195
"C840S66R165",196
"C840S66R166",196
"C840S66R168",195
"C840S66R181",197
"C840S66R188",225
"C840S66R251",197
"C840S66R901",225
"C840S66R902",225
"C840S66R903",196
"C840S66R904",196
"C840S66R905",225
"C840S66R906",197
"C840S66R907",225
"C840S66R908",167
"C840S66R952",225
"C840S67R001",325
"C840S67R002",300
"C840S67R003",300
"C840S67R004",325
"C840S67R005",324
"C840S67R006",324
"C840S67R007",324
"C840S67R008",323
"C840S67R009",323
"C840S67R010",297
"C840S67R011",300
"C840S67R012",300
"C840S67R013",300
"C840S67R014",299
"C840S67R015",300
"C840S67R016",299
"C840S67R017",299
"C840S67R018",298
"C840S67R019",298
"C840S67R020",297
"C840S67R021",297
"C840S67R022",274
"C840S67R023",274
"C840S67R024",274
"C840S67R025",274
"C840S67R026",274
"C840S67R027",273
"C840S67R028",273
"C840S67R029",272
"C840S67R030",272
"C840S67R031",272
"C840S67R032",271
"C840S67R033",271
"C840S67R034",270
"C840S67R035",271
"C840S67R050",326
"C840S67R051",325
"C840S67R052",325
"C840S67R053",325
"C840S67R054",324
"C840S67R055",298
"C840S67R056",297
"C840S67R057",301
"C840S67R058",300
"C840S67R059",300
"C840S67R060",299
"C840S67R061",298
"C840S67R062",298
"C840S67R063",274
"C840S67R064",274
"C840S67R065",273
"C840S67R066",273
"C840S67R067",272
"C840S67R068",272
"C840S67R069",271
"C840S67R070",271
"C840S67R071",270
"C840S67R103",325
"C840S67R106",324
"C840S67R125",274
"C840S67R129",272
"C840S67R161",298
"C840S67R900",301
"C840S67R901",298
"C840S67R902",298
"C840S67R903",298
"C840S67R904",298
"C840S67R905",325
"C840S67R906",325
"C840S67R907",298
"C840S67R908",298
"C840S69R001",13
"C840S69R002",32
"C840S69R003",32
"C840S69R004",33
"C840S69R005",34
"C840S69R006",34
"C840S69R007",35
"C840S69R008",35
"C840S69R009",31
"C840S69R010",32
"C840S69R011",57
"C840S69R012",58
"C840S69R013",58
"C840S69R014",59
"C840S69R015",59
"C840S69R017",56
"C840S69R018",56
"C840S69R019",57
"C840S69R020",57
"C840S69R021",58
"C840S69R022",58
"C840S69R023",59
"C840S69R024",87
"C840S69R025",55
"C840S69R026",56
"C840S69R027",84
"C840S69R028",85
"C840S69R029",85
"C840S69R030",86
"C840S69R031",86
"C840S69R032",87
"C840S69R033",32
"C840S69R034",32
"C840S69R035",35
"C840S69R036",58
"C840S69R038",59
"C840S69R039",85
"C840S69R040",32
"C840S69R041",32
"C840S69R042",13
"C840S69R043",33
"C840S69R044",33
"C840S69R045",33
"C840S69R046",34
"C840S69R047",32
"C840S69R048",59
"C840S69R049",34
"C840S69R050",56
"C840S69R051",57
"C840S69R052",57
"C840S69R053",58
"C840S69R054",58
"C840S69R055",87
"C840S69R056",87
"C840S69R057",83
"C840S69R058",84
"C840S69R059",84
"C840S69R060",85
"C840S69R061",86
"C840S69R062",86
"C840S69R063",117
"C840S69R064",87
"C840S69R105",34
"C840S69R112",58
"C840S69R117",56
"C840S69R120",57
"C840S69R127",84
"C840S69R130",86
"C840S69R136",58
"C840S69R139",85
"C840S69R142",13
"C840S69R147",32
"C840S69R155",87
"C840S69R159",84
"C840S69R160",85
"C840S69R164",87
"C840S69R201",12
"C840S69R202",32
"C840S69R203",33
"C840S69R204",33
"C840S69R205",33
"C840S69R206",34
"C840S69R207",35
"C840S69R208",60
"C840S69R209",31
"C840S69R210",32
"C840S69R211",33
"C840S69R212",58
"C840S69R213",58
"C840S69R214",59
"C840S69R215",60
"C840S69R217",56
"C840S69R218",56
"C840S69R219",57
"C840S69R220",57
"C840S69R221",58
"C840S69R222",86
"C840S69R223",59
"C840S69R224",59
"C840S69R225",56
"C840S69R226",84
"C840S69R227",84
"C840S69R228",85
"C840S69R229",85
"C840S69R230",86
"C840S69R231",86
"C840S69R232",87
"C840S69R233",31
"C840S69R234",34
"C840S69R235",35
"C840S69R236",31
"C840S69R237",32
"C840S69R238",32
"C840S69R239",33
"C840S69R240",33
"C840S69R241",34
"C840S69R242",59
"C840S69R243",56
"C840S69R244",56
"C840S69R245",57
"C840S69R246",58
"C840S69R247",58
"C840S69R248",59
"C840S69R249",87
"C840S69R250",84
"C840S69R251",56
"C840S69R252",57
"C840S69R253",86
"C840S69R254",86
"C840S69R255",116
"C840S69R256",87
"C840S69R309",31
"C840S69R334",34
"C840S69R336",31
"C840S69R339",33
"C840S69R409",31
"C840S69R436",31
"C840S69R900",32
"C840S69R901",32
"C840S69R902",31
"C840S69R903",32
"C840S69R904",13
"C840S69R905",35
"C840S69R906",32
"C840S72R001",168
"C840S72R002",168
"C840S72R003",168
"C840S72R004",168
"C840S72R005",137
"C840S72R006",169
"C840S72R007",138
"C840S72R008",137
"C840S72R009",169
"C840S72R010",138
"C840S72R011",169
"C840S72R012",169
"C840S72R013",170
"C840S72R014",138
"C840S72R015",138
"C840S72R016",169
"C840S72R017",169
"C840S72R018",138
"C840S72R019",138
"C840S72R020",138
"C840S72R021",170
"C840S72R022",139
"C840S72R023",139
"C840S72R024",139
"C840S72R025",170
"C840S72R026",139
"C840S72R027",170
"C840S72R028",139
"C840S72R029",139
"C840S72R030",139
"C840S72R031",140
"C840S72R032",139
"C840S72R033",140
"C840S72R034",139
"C840S72R035",139
"C840S72R036",170
"C840S72R037",140
"C840S72R038",140
"C840S72R039",140
"C840S72R040",140
"C840S72R041",140
"C840S72R042",140
"C840S72R043",140
"C840S72R044",140
"C840S72R045",168
"C840S72R046",168
"C840S72R047",197
"C840S72R048",197
"C840S72R049",169
"C840S72R050",169
"C840S72R051",169
"C840S72R052",169
"C840S72R053",169
"C840S72R054",169
"C840S72R055",198
"C840S72R056",169
"C840S72R057",169
"C840S72R058",169
"C840S72R059",170
"C840S72R060",170
"C840S72R061",170
"C840S72R062",170
"C840S72R063",170
"C840S72R064",170
"C840S72R065",170
"C840S72R066",170
"C840S72R067",170
"C840S72R068",170
"C840S72R069",170
"C840S72R070",170
"C840S72R071",170
"C840S72R072",170
"C840S72R073",170
"C840S72R074",171
"C840S72R075",171
"C840S72R076",170
"C840S72R077",171
"C840S72R078",171
"C840S72R079",170
"C840S72R080",171
"C840S72R081",171
"C840S72R082",171
"C840S72R083",171
"C840S72R084",171
"C840S72R085",171
"C840S72R086",171
"C840S72R087",171
"C840S72R088",198
"C840S72R089",198
"C840S72R090",198
"C840S72R091",198
"C840S72R092",199
"C840S72R093",170
"C840S72R094",199
"C840S72R095",200
"C840S72R096",170
"C840S72R097",171
"C840S72R098",171
"C840S72R101",169
"C840S72R107",138
"C840S72R126",139
"C840S72R127",170
"C840S72R132",139
"C840S72R137",140
"C840S72R140",140
"C840S72R145",168
"C840S72R151",169
"C840S72R155",198
"C840S72R165",170
"C840S72R166",170
"C840S72R173",170
"C840S72R174",171
"C840S72R175",171
"C840S72R177",171
"C840S72R178",171
"C840S72R180",171
"C840S72R181",171
"C840S72R182",171
"C840S72R187",171
"C840S72R189",198
"C840S72R192",199
"C840S72R193",170
"C840S72R194",199
"C840S72R195",200
"C840S72R196",170
"C840S72R198",171
"C840S72R275",171
"C840S72R901",139
"C840S72R902",171
"C840S72R903",171
"C840S72R904",170
"C840S72R905",170
"C840S72R906",170
"C840S72R907",140
"C840S72R908",168
"C840S72R909",139
"C840S72R910",170
"C840S72R911",170
"C840S77R001",142
"C840S77R002",142
"C840S77R003",142
"C840S77R004",111
"C840S77R102",111
"C840S77R202",111
"C840S77R800",142
"C840S80R001",334
"C840S80R002",335
"C840S80R003",356
"C840S80R004",310
"C840S80R005",334
"C840S80R006",310
"C840S80R007",309
"C840S80R008",334
"C840S80R009",334
"C840S80R010",310
"C840S80R011",309
"C840S80R012",309
"C840S80R013",334
"C840S80R014",309
"C840S80R015",309
"C840S80R016",308
"C840S80R017",308
"C840S80R018",307
"C840S80R019",308
"C840S80R020",308
"C840S80R021",333
"C840S80R022",310
"C840S80R023",333
"C840S80R024",308
"C840S80R025",308
"C840S80R026",308
"C840S80R027",310
"C840S80R028",310
"C840S80R029",309
"C840S80R030",309
"C840S80R031",307
"C840S80R050",308
"C840S80R051",308
"C840S80R052",308
"C840S80R053",309
"C840S80R054",309
"C840S80R055",334
"C840S80R056",309
"C840S80R057",310
"C840S80R058",334
"C840S80R059",334
"C840S80R101",334
"C840S80R112",309
"C840S80R114",309
"C840S80R116",308
"C840S80R117",308
"C840S80R119",308
"C840S80R120",308
"C840S80R122",310
"C840S80R220",307
"C840S80R900",309
"C840S80R901",334
"C840S81R001",128
"C840S81R002",128
"C840S81R003",128
"C840S81R004",127
"C840S81R005",127
"C840S81R006",127
"C840S81R007",127
"C840S81R008",126
"C840S81R009",125
"C840S81R010",98
"C840S81R011",98
"C840S81R012",128
"C840S81R013",97
"C840S81R014",97
"C840S81R015",97
"C840S81R016",97
"C840S81R017",70
"C840S81R018",70
"C840S81R019",70
"C840S81R020",69
"C840S81R021",98
"C840S81R022",97
"C840S81R023",69
"C840S81R024",96
"C840S81R025",68
"C840S81R026",95
"C840S81R027",95
"C840S81R028",95
"C840S81R029",125
"C840S81R030",96
"C840S81R031",67
"C840S81R032",125
"C840S81R033",96
"C840S81R034",97
"C840S81R035",95
"C840S81R036",67
"C840S81R037",67
"C840S81R038",96
"C840S81R039",68
"C840S81R040",95
"C840S81R041",96
"C840S81R042",125
"C840S81R043",95
"C840S81R044",126
"C840S81R045",126
"C840S81R046",125
"C840S81R047",95
"C840S81R048",94
"C840S81R049",95
"C840S81R050",94
"C840S81R114",97
"C840S81R121",98
"C840S81R127",95
"C840S81R702",125
"C840S81R703",124
"C840S81R704",95
"C840S81R705",125
"C840S81R706",125
"C840S81R900",125
"C840S81R901",124
"C840S81R907",125
"C840S81R908",125
"C840S81R909",95
"C840S81R910",125
"C840S81R911",125
"C840S82R001",278
"C840S82R002",278
"C840S82R003",304
"C840S82R004",304
"C840S82R005",304
"C840S82R006",304
"C840S82R007",278
"C840S82R008",278
"C840S82R009",304
"C840S82R010",304
"C840S82R011",278
"C840S82R012",278
"C840S82R013",279
"C840S82R014",279
"C840S82R015",305
"C840S82R016",279
"C840S82R017",305
"C840S82R018",305
"C840S82R019",279
"C840S82R020",279
"C840S82R021",305
"C840S82R022",279
"C840S82R023",280
"C840S82R024",306
"C840S82R025",280
"C840S82R026",280
"C840S82R027",306
"C840S82R028",306
"C840S82R029",306
"C840S82R030",306
"C840S82R031",281
"C840S82R032",281
"C840S82R033",281
"C840S82R034",281
"C840S82R035",307
"C840S82R036",306
"C840S82R037",281
"C840S82R038",281
"C840S82R039",281
"C840S82R040",281
"C840S82R041",281
"C840S82R042",282
"C840S82R114",279
"C840S82R128",306
"C840S82R130",306
"C840S82R135",307
"C840S82R138",281
"C840S82R139",281
"C840S82R202",278
"C840S82R900",306
"C840S82R901",307
"C840S82R902",307
"C840S82R903",281
"C840S82R904",281
"C840S82R905",305
"C840S82R906",279
"C840S83R001",402
"C840S83R002",397
"C840S83R003",397
"C840S83R004",396
"C840S83R005",397
"C840S83R006",398
"C840S83R007",397
"C840S83R008",397
"C840S83R009",390
"C840S83R010",397
"C840S83R011",392
"C840S83R012",391
"C840S83R013",391
"C840S83R014",391
"C840S83R015",390
"C840S83R016",390
"C840S83R017",390
"C840S83R018",389
"C840S83R019",389
"C840S83R020",380
"C840S83R021",380
"C840S83R022",392
"C840S83R023",379
"C840S83R024",391
"C840S83R025",378
"C840S83R026",378
"C840S83R027",378
"C840S83R028",377
"C840S83R029",377
"C840S83R030",377
"C840S83R031",376
"C840S83R032",364
"C840S83R033",363
"C840S83R034",379
"C840S83R035",363
"C840S83R036",362
"C840S83R037",379
"C840S83R038",362
"C840S83R039",362
"C840S83R040",377
"C840S83R041",361
"C840S83R042",377
"C840S83R043",360
"C840S83R044",363
"C840S83R045",364
"C840S83R046",363
"C840S83R047",363
"C840S83R048",362
"C840S83R049",362
"C840S83R050",362
"C840S83R051",361
"C840S83R052",361
"C840S83R053",361
"C840S83R054",360
"C840S83R055",361
"C840S83R056",347
"C840S83R057",348
"C840S83R058",347
"C840S83R059",347
"C840S83R060",347
"C840S83R061",346
"C840S83R062",346
"C840S83R063",346
"C840S83R064",345
"C840S83R065",345
"C840S83R066",345
"C840S83R067",345
"C840S83R068",325
"C840S83R069",326
"C840S83R070",347
"C840S83R071",347
"C840S83R072",324
"C840S83R073",325
"C840S83R074",346
"C840S83R075",324
"C840S83R076",323
"C840S83R077",323
"C840S83R078",323
"C840S83R079",322
"C840S83R080",389
"C840S83R081",375
"C840S83R082",374
"C840S83R083",374
"C840S83R084",373
"C840S83R085",360
"C840S83R086",359
"C840S83R087",375
"C840S83R088",374
"C840S83R089",357
"C840S83R090",342
"C840S83R091",341
"C840S83R092",343
"C840S83R093",343
"C840S83R094",320
"C840S83R095",297
"C840S83R096",322
"C840S83R097",321
"C840S83R098",402
"C840S83R099",340
"C840S83R100",296
"C840S83R101",296
"C840S83R102",270
"C840S83R103",271
"C840S83R104",271
"C840S83R105",297
"C840S83R106",321
"C840S83R107",322
"C840S83R108",342
"C840S83R109",344
"C840S83R110",358
"C840S83R111",359
"C840S83R112",359
"C840S83R113",360
"C840S83R114",376
"C840S83R115",397
"C840S83R118",389
"C840S83R135",363
"C840S83R136",362
"C840S83R137",379
"C840S83R139",362
"C840S83R140",377
"C840S83R141",378
"C840S83R147",363
"C840S83R149",362
"C840S83R159",347
"C840S83R179",322
"C840S83R184",374
"C840S83R189",358
"C840S83R204",397
"C840S83R209",390
"C840S83R210",358
"C840S83R214",391
"C840S83R237",379
"C840S83R238",378
"C840S83R249",362
"C840S83R273",325
"C840S83R301",401
"C840S83R302",398
"C840S83R303",397
"C840S83R304",396
"C840S83R305",392
"C840S83R306",392
"C840S83R307",391
"C840S83R308",390
"C840S83R309",390
"C840S83R310",389
"C840S83R311",380
"C840S83R312",392
"C840S83R313",379
"C840S83R314",391
"C840S83R315",390
"C840S83R316",376
"C840S83R317",376
"C840S83R318",375
"C840S83R319",374
"C840S83R320",373
"C840S83R321",380
"C840S83R322",379
"C840S83R323",378
"C840S83R324",378
"C840S83R325",377
"C840S83R326",376
"C840S83R327",376
"C840S83R328",375
"C840S83R329",358
"C840S83R330",358
"C840S83R331",358
"C840S83R332",357
"C840S83R333",364
"C840S83R334",364
"C840S83R335",363
"C840S83R336",363
"C840S83R337",362
"C840S83R338",361
"C840S83R339",361
"C840S83R340",360
"C840S83R341",359
"C840S83R342",359
"C840S83R343",358
"C840S83R344",341
"C840S83R345",357
"C840S83R346",340
"C840S83R347",364
"C840S83R348",348
"C840S83R349",347
"C840S83R350",347
"C840S83R351",346
"C840S83R352",345
"C840S83R353",344
"C840S83R354",344
"C840S83R355",343
"C840S83R356",343
"C840S83R357",348
"C840S83R358",325
"C840S83R359",347
"C840S83R360",346
"C840S83R361",323
"C840S83R362",323
"C840S83R363",322
"C840S83R364",322
"C840S83R365",320
"C840S83R366",323
"C840S83R367",322
"C840S83R368",297
"C840S83R369",321
"C840S83R370",296
"C840S83R371",297
"C840S83R372",297
"C840S83R373",270
"C840S83R374",271
"C840S83R375",271
"C840S83R376",270
"C840S83R377",374
"C840S83R378",398
"C840S83R379",401
"C840S83R390",374
"C840S83R391",373
"C840S83R392",358
"C840S83R393",378
"C840S83R402",398
"C840S83R407",391
"C840S83R409",390
"C840S83R410",396
"C840S83R412",392
"C840S83R418",375
"C840S83R432",357
"C840S83R438",361
"C840S83R439",361
"C840S83R448",348
"C840S83R457",348
"C840S83R507",391
"C840S83R510",358
"C840S83R900",374
"C840S83R901",402
"C840S83R902",391
"C840S83R903",391
"C840S83R904",364
"C840S83R905",380
"C840S83R906",380
"C840S83R907",398
"C840S85R001",150
"C840S85R002",151
"C840S85R003",151
"C840S85R004",150
"C840S85R005",150
"C840S85R006",180
"C840S85R007",181
"C840S85R008",152
"C840S85R009",179
"C840S85R010",179
"C840S85R011",180
"C840S85R012",180
"C840S85R013",181
"C840S85R014",208
"C840S85R015",208
"C840S85R016",209
"C840S85R017",209
"C840S85R018",210
"C840S85R019",208
"C840S85R020",236
"C840S85R021",209
"C840S85R022",209
"C840S85R023",238
"C840S85R024",119
"C840S85R025",119
"C840S85R034",180
"C840S85R101",150
"C840S85R102",120
"C840S85R103",151
"C840S85R104",179
"C840S85R105",180
"C840S85R106",180
"C840S85R107",151
"C840S85R108",181
"C840S85R109",179
"C840S85R110",179
"C840S85R112",209
"C840S85R113",181
"C840S85R114",179
"C840S85R115",209
"C840S85R116",209
"C840S85R117",209
"C840S85R118",210
"C840S85R119",207
"C840S85R120",236
"C840S85R121",209
"C840S85R122",237
"C840S85R123",238
"C840S85R151",119
"C840S85R152",151
"C840S85R153",151
"C840S85R155",179
"C840S85R156",151
"C840S85R157",151
"C840S85R158",152
"C840S85R159",179
"C840S85R160",179
"C840S85R161",180
"C840S85R162",180
"C840S85R163",181
"C840S85R164",208
"C840S85R165",208
"C840S85R166",209
"C840S85R167",209
"C840S85R168",210
"C840S85R169",235
"C840S85R170",236
"C840S85R171",237
"C840S85R172",237
"C840S85R173",238
"C840S85R174",180
"C840S85R203",151
"C840S85R206",180
"C840S85R218",210
"C840S85R251",119
"C840S85R257",151
"C840S85R263",210
"C840S85R267",209
"C840S85R268",210
"C840S85R301",119
"C840S85R302",120
"C840S85R303",151
"C840S85R304",150
"C840S85R305",151
"C840S85R306",151
"C840S85R307",180
"C840S85R308",181
"C840S85R309",178
"C840S85R310",180
"C840S85R311",180
"C840S85R312",180
"C840S85R313",210
"C840S85R314",179
"C840S85R315",208
"C840S85R316",209
"C840S85R317",210
"C840S85R318",210
"C840S85R319",208
"C840S85R320",236
"C840S85R321",209
"C840S85R322",237
"C840S85R323",238
"C840S85R368",210
"C840S85R412",180
"C840S85R512",180
"C840S85R901",151
"C840S85R902",151
"C840S85R903",151
"C840S85R904",120
"C840S85R905",210
"C840S85R906",120
"C840S85R907",151
"C840S85R908",208
"C840S85R909",151
"C840S85R910",151
"C840S85R912",210
"C840S87R001",110
"C840S87R002",110
"C840S87R003",110
"C840S87R004",110
"C840S87R005",80
"C840S87R006",80
"C840S87R007",80
"C840S87R008",110
"C840S87R009",80
"C840S87R010",80
"C840S87R011",80
"C840S87R012",52
"C840S87R013",80
"C840S87R014",80
"C840S87R015",80
"C840S87R016",80
"C840S87R017",80
"C840S87R018",80
"C840S87R019",80
"C840S87R020",80
"C840S87R021",80
"C840S87R022",80
"C840S87R023",80
"C840S87R116",80
"C840S87R120",80
"C840S87R121",80
"C840S88R001",199
"C840S88R002",199
"C840S88R003",227
"C840S88R004",227
"C840S88R005",228
"C840S88R006",228
"C840S88R007",199
"C840S88R008",228
"C840S88R009",199
"C840S88R010",228
"C840S88R011",228
"C840S88R012",228
"C840S88R013",254
"C840S88R014",254
"C840S88R015",227
"C840S88R016",255
"C840S88R017",255
"C840S88R018",227
"C840S88R019",227
"C840S88R020",255
"C840S88R021",228
"C840S88R022",228
"C840S88R023",228
"C840S88R024",256
"C840S88R025",256
"C840S88R026",228
"C840S88R027",257
"C840S88R028",256
"C840S88R029",229
"C840S88R030",229
"C840S88R031",257
"C840S88R032",229
"C840S88R033",253
"C840S88R034",253
"C840S88R035",254
"C840S88R036",254
"C840S88R037",255
"C840S88R038",254
"C840S88R039",255
"C840S88R040",256
"C840S88R041",256
"C840S88R042",256
"C840S88R043",257
"C840S88R044",257
"C840S88R045",257
"C840S88R046",257
"C840S88R047",255
"C840S88R048",257
"C840S88R049",256
"C840S88R050",256
"C840S88R051",256
"C840S88R052",256
"C840S88R102",199
"C840S88R116",255
"C840S88R122",228
"C840S88R127",257
"C840S88R133",253
"C840S88R134",253
"C840S88R135",254
"C840S88R900",227
"C840S88R901",227
"C840S88R902",255
"C840S88R903",228
"C840S88R904",227
"C840S88R905",255
"C840S88R906",255
"C840S88R907",228
"C840S88R908",256
"C840S88R909",256
"C840S88R910",229
"C840S88R911",229
"C840S88R912",228
"C840S88R913",229
"C840S88R914",229
"C840S88R915",229
"C840S88R916",230
"C840S88R917",229
"C840S88R918",257
"C840S88R919",228
"C840S88R920",254
"C840S88R921",228
"C840S88R922",228
"C840S88R923",199
"C840S88R924",254
"C840S88R925",254
"C840S88R926",254
"C840S89R001",1
"C840S89R002",3
"C840S89R003",4
"C840S89R004",2
"C840S89R005",5
"C840S89R006",5
"C840S89R007",5
"C840S89R008",6
"C840S89R009",3
"C840S89R010",3
"C840S89R011",4
"C840S89R012",4
"C840S89R013",5
"C840S89R014",15
"C840S89R015",16
"C840S89R016",16
"C840S89R017",13
"C840S89R018",13
"C840S89R019",14
"C840S89R020",14
"C840S89R021",14
"C840S89R022",15
"C840S89R023",35
"C840S89R024",13
"C840S89R025",14
"C840S89R026",14
"C840S89R027",2
"C840S89R028",2
"C840S89R029",5
"C840S89R030",5
"C840S89R031",5
"C840S89R032",6
"C840S89R033",3
"C840S89R034",4
"C840S89R035",4
"C840S89R036",4
"C840S89R037",15
"C840S89R038",5
"C840S89R039",16
"C840S89R040",12
"C840S89R041",3
"C840S89R042",13
"C840S89R043",14
"C840S89R044",14
"C840S89R045",15
"C840S89R046",34
"C840S89R047",35
"C840S89R048",4
"C840S89R049",5
"C840S89R050",5
"C840S89R051",5
"C840S89R052",6
"C840S89R053",3
"C840S89R054",4
"C840S89R055",14
"C840S89R056",5
"C840S89R057",16
"C840S89R058",16
"C840S89R059",13
"C840S89R060",13
"C840S89R061",14
"C840S89R062",14
"C840S89R063",15
"C840S89R064",15
"C840S89R065",16
"C840S89R066",2
"C840S89R067",4
"C840S89R068",5
"C840S89R069",5
"C840S89R070",6
"C840S89R071",6
"C840S89R072",4
"C840S89R073",4
"C840S89R074",4
"C840S89R075",5
"C840S89R076",15
"C840S89R077",6
"C840S89R078",13
"C840S89R079",13
"C840S89R080",14
"C840S89R081",14
"C840S89R082",15
"C840S89R083",15
"C840S89R084",35
"C840S89R085",2
"C840S89R086",4
"C840S89R111",4
"C840S89R113",5
"C840S89R133",3
"C840S89R142",13
"C840S89R145",15
"C840S89R147",35
"C840S89R152",6
"C840S89R162",14
"C840S89R164",15
"C840S89R173",4
"C840S89R182",15
"C840S89R183",34
"C840S89R242",13
"C840S89R262",14
"C840S89R900",15
"C840S89R901",15
"C840S89R902",4
"C840S89R903",2
"C840S89R904",4
"C840S89R905",2
"C840S89R906",16
"C840S89R907",3
"C840S89R908",6
"C840S89R909",14
"C840S89R910",3
"C840S89R950",15
"C840S89R951",15
"C840S90R001",254
"C840S90R002",226
"C840S90R003",255
"C840S90R004",254
"C840S90R005",254
"C840S90R006",254
"C840S90R007",254
"C840S90R008",226
"C840S90R009",254
"C840S90R010",254
"C840S90R011",226
"C840S90R012",226
"C840S90R013",225
"C840S90R014",226
"C840S90R015",226
"C840S90R016",226
"C840S90R017",226
"C840S90R019",226
"C840S90R020",226
"C840S90R021",226
"C840S90R022",227
"C840S90R023",227
"C840S90R024",227
"C840S90R025",227
"C840S90R026",226
"C840S90R027",227
"C840S90R028",226
"C840S90R029",227
"C840S90R030",227
"C840S90R031",227
"C840S90R032",227
"C840S90R033",227
"C840S90R034",226
"C840S90R035",226
"C840S90R036",226
"C840S90R037",197
"C840S90R038",198
"C840S90R039",226
"C840S90R040",198
"C840S90R041",197
"C840S90R042",197
"C840S90R043",197
"C840S90R044",198
"C840S90R045",198
"C840S90R046",198
"C840S90R047",198
"C840S90R048",199
"C840S90R049",199
"C840S90R050",199
"C840S90R051",199
"C840S90R052",197
"C840S90R053",198
"C840S90R112",226
"C840S90R132",227
"C840S90R140",198
"C840S90R147",198
"C840S90R149",198
"C840S90R150",199
"C840S90R901",227
"C840S90R902",227
"C840S90R903",227
"C840S90R904",227
"C840S90R905",227
"C840S90R951",227
"C840S91R001",73
"C840S91R002",73
"C840S91R003",73
"C840S91R004",73
"C840S91R005",48
"C840S91R006",73
"C840S91R007",74
"C840S91R008",74
"C840S91R009",100
"C840S91R010",72
"C840S91R011",72
"C840S91R012",73
"C840S91R013",73
"C840S91R014",101
"C840S91R015",73
"C840S91R016",73
"C840S91R017",101
"C840S91R018",102
"C840S91R019",74
"C840S91R020",74
"C840S91R021",74
"C840S91R022",74
"C840S91R023",74
"C840S91R024",74
"C840S91R025",74
"C840S91R026",74
"C840S91R027",75
"C840S91R028",75
"C840S91R029",75
"C840S91R030",75
"C840S91R031",101
"C840S91R032",101
"C840S91R033",101
"C840S91R034",101
"C840S91R035",101
"C840S91R036",102
"C840S91R037",101
"C840S91R038",102
"C840S91R039",102
"C840S91R040",102
"C840S91R041",102
"C840S91R042",102
"C840S91R043",102
"C840S91R044",102
"C840S91R045",103
"C840S91R046",103
"C840S91R047",102
"C840S91R048",103
"C840S91R049",103
"C840S91R050",131
"C840S91R051",131
"C840S91R052",132
"C840S91R053",132
"C840S91R054",132
"C840S91R055",132
"C840S91R056",132
"C840S91R057",102
"C840S91R058",132
"C840S91R059",133
"C840S91R060",133
"C840S91R061",132
"C840S91R062",133
"C840S91R063",133
"C840S91R064",131
"C840S91R065",163
"C840S91R066",132
"C840S91R067",132
"C840S91R068",133
"C840S91R069",133
"C840S91R070",133
"C840S91R118",102
"C840S91R137",101
"C840S91R146",103
"C840S91R167",132
"C840S91R301",73
"C840S91R302",73
"C840S91R303",74
"C840S91R304",72
"C840S91R305",73
"C840S91R306",73
"C840S91R307",74
"C840S91R308",74
"C840S91R309",100
"C840S91R310",101
"C840S91R311",102
"C840S91R312",102
"C840S91R313",102
"C840S91R314",103
"C840S91R315",131
"C840S91R316",132
"C840S91R317",132
"C840S91R318",103
"C840S91R319",132
"C840S91R320",163
"C840S91R321",133
"C840S91R322",103
"C840S91R421",133
"C840S92R001",63
"C840S92R002",92
"C840S92R003",92
"C840S92R004",92
"C840S92R005",93
"C840S92R006",94
"C840S92R007",94
"C840S92R008",91
"C840S92R009",91
"C840S92R010",122
"C840S92R011",93
"C840S92R012",123
"C840S92R013",124
"C840S92R014",124
"C840S92R015",121
"C840S92R016",121
"C840S92R017",122
"C840S92R018",122
"C840S92R019",123
"C840S92R020",123
"C840S92R021",155
"C840S92R022",152
"C840S92R023",152
"C840S92R024",153
"C840S92R025",153
"C840S92R026",154
"C840S92R027",155
"C840S92R028",155
"C840S92R029",63
"C840S92R030",63
"C840S92R031",91
"C840S92R032",63
"C840S92R033",64
"C840S92R035",64
"C840S92R036",91
"C840S92R037",64
"C840S92R038",92
"C840S92R039",93
"C840S92R040",65
"C840S92R041",92
"C840S92R042",93
"C840S92R043",93
"C840S92R044",93
"C840S92R045",94
"C840S92R046",94
"C840S92R047",94
"C840S92R048",94
"C840S92R049",94
"C840S92R050",94
"C840S92R051",121
"C840S92R052",91
"C840S92R053",91
"C840S92R055",122
"C840S92R056",122
"C840S92R057",92
"C840S92R058",92
"C840S92R059",123
"C840S92R060",122
"C840S92R061",92
"C840S92R062",123
"C840S92R063",93
"C840S92R064",123
"C840S92R065",123
"C840S92R066",93
"C840S92R067",124
"C840S92R068",124
"C840S92R069",94
"C840S92R070",94
"C840S92R071",121
"C840S92R072",121
"C840S92R073",121
"C840S92R074",121
"C840S92R075",121
"C840S92R076",121
"C840S92R077",122
"C840S92R078",122
"C840S92R079",122
"C840S92R080",122
"C840S92R081",122
"C840S92R082",153
"C840S92R083",123
"C840S92R084",154
"C840S92R085",154
"C840S92R086",123
"C840S92R087",155
"C840S92R088",124
"C840S92R089",124
"C840S92R090",124
"C840S92R091",155
"C840S92R092",152
"C840S92R093",152
"C840S92R095",152
"C840S92R096",152
"C840S92R097",152
"C840S92R098",153
"C840S92R099",93
"C840S92R101",153
"C840S92R102",153
"C840S92R103",153
"C840S92R104",154
"C840S92R105",154
"C840S92R106",154
"C840S92R107",155
"C840S92R108",154
"C840S92R109",154
"C840S92R110",155
"C840S92R111",155
"C840S92R112",155
"C840S92R120",123
"C840S92R123",152
"C840S92R124",153
"C840S92R147",94
"C840S92R148",94
"C840S92R150",94
"C840S92R167",124
"C840S92R173",121
"C840S92R180",122
"C840S92R192",152
"C840S92R195",152
"C840S92R198",153
"C840S92R202",153
"C840S92R204",92
"C840S92R206",94
"C840S92R208",91
"C840S92R212",123
"C840S92R214",124
"C840S92R224",153
"C840S92R250",94
"C840S92R324",153
"C840S92R424",153
"C840S92R524",153
"C840S92R900",63
"C840S92R901",63
"C840S92R902",154
