"aou","year","bcr","n_diverg","rhat_high","mcse_high","n_eff_low","n_strata","n_bcr","gamma_mean","gamma_se","gamma_med","gamma_low","gamma_upp"
"02610",2010,10,5,0,0,0,302,9,0.830793348854609,0.468680342051627,0.826378321144476,-0.0996698164429343,1.78353916376593
"02610",2010,11,5,0,0,0,302,9,0.0228918495476698,0.0184534852405905,0.0229167853158756,-0.0146191174797068,0.0580153399408653
"02610",2010,12,5,0,0,0,302,9,0.0559840840861103,0.0848615182415526,0.0556469831049713,-0.114630314794298,0.221085189649916
"02610",2010,17,5,0,0,0,302,9,-0.0354775660169765,0.0403448449951773,-0.0356748130050798,-0.115253272358637,0.0437153919515094
"02610",2010,18,5,0,0,0,302,9,-0.042616349807299,0.0665597866423841,-0.0436370825440186,-0.167951218784932,0.0876946024488776
"02610",2010,19,5,0,0,0,302,9,0.021011695370473,0.0250178208046392,0.0216412604490469,-0.0289200396059026,0.0708757459033943
"02610",2010,22,5,0,0,0,302,9,0.057998051593465,0.017727416544958,0.0582089235887712,0.0227646784681489,0.0935115269432754
"02610",2010,23,5,0,0,0,302,9,-0.0104062736511515,0.112822122227247,-0.00777019193734805,-0.234888178636579,0.20184565445
"02610",2010,24,5,0,0,0,302,9,-0.318668613516902,0.3046386423418,-0.320452806926307,-0.922577064316495,0.28175392217709
"02640",2010,9,19,0,0,0,156,9,-0.056747310357514,0.0356072810243245,-0.0555637518001828,-0.126177918394486,0.0142841021211472
"02640",2010,10,19,0,0,0,156,9,-0.099718467031154,0.105345263868994,-0.0964233128893054,-0.307954030005812,0.111558397203004
"02640",2010,11,19,0,0,0,156,9,0.0631773921667503,0.309203455870095,0.0608713405366591,-0.54081178522388,0.656095882722772
"02640",2010,16,19,0,0,0,156,9,-0.522767775375581,0.272940887037239,-0.513494069855799,-1.06848128214239,0.0171827990387305
"02640",2010,17,19,0,0,0,156,9,0.0204693504198752,0.123793372174727,0.0216620266466893,-0.236890778836278,0.254599785405694
"02640",2010,18,19,0,0,0,156,9,-0.0430911019613134,0.0454368605588268,-0.0430732432541568,-0.130360084280212,0.0441065681074426
"02640",2010,19,19,0,0,0,156,9,-0.0914799148866927,0.193497084059383,-0.0915876348014913,-0.465163517337524,0.272651123779892
"02640",2010,36,19,0,0,0,156,9,0.0999078342895348,0.328812284981799,0.101034199084574,-0.523406249173387,0.733441378766102
"02640",2010,37,19,0,0,0,156,9,0.333728650360379,0.166520540558061,0.329555551876565,0.0282345616173242,0.677049537221462
"02730",2010,5,0,0,0,0,1715,30,-0.0980005887956816,0.0485420568437973,-0.0972466807282753,-0.192046566097376,-0.00406953777541168
"02730",2010,9,0,0,0,0,1715,30,-0.0115821816513795,0.0118759007311926,-0.0115082170491319,-0.0345138017149512,0.011351044904709
"02730",2010,10,0,0,0,0,1715,30,-0.00970764230742181,0.0390801172304615,-0.0100156307283473,-0.0849911305457722,0.0659226695678696
"02730",2010,11,0,0,0,0,1715,30,-0.0110738041629439,0.0100570985785209,-0.0114871031187024,-0.0306366825540832,0.00916575520279398
"02730",2010,12,0,0,0,0,1715,30,0.0334802371761985,0.0224606096602945,0.0332942283573023,-0.0116791053653392,0.0786716340542368
"02730",2010,13,0,0,0,0,1715,30,0.0192085874748306,0.0240587744520875,0.0193838666547864,-0.0285494753195195,0.0669664950585773
"02730",2010,14,0,0,0,0,1715,30,-0.0258245503362166,0.0620831453142228,-0.0263312599974275,-0.149702609740386,0.095786351794348
"02730",2010,15,0,0,0,0,1715,30,0.15916994803365,0.105192138360826,0.154329025834979,-0.0415635959156911,0.36837795405733
"02730",2010,16,0,0,0,0,1715,30,-0.0533519119074495,0.0592797699613344,-0.0545969832130242,-0.164605880692907,0.0602496236093292
"02730",2010,17,0,0,0,0,1715,30,0.0399270782061899,0.0297886521745644,0.0388600349740452,-0.0198034606981248,0.0979772848065038
"02730",2010,18,0,0,0,0,1715,30,-0.0101735997873787,0.0146749202124243,-0.0100673217527438,-0.0386679461090165,0.0196096300821606
"02730",2010,19,0,0,0,0,1715,30,0.0109151239504625,0.0147509922879299,0.0107384846435061,-0.0184269785153086,0.0391096551850773
"02730",2010,20,0,0,0,0,1715,30,0.167569826023674,0.135147690933361,0.165476039785296,-0.102418337408012,0.427954733688628
"02730",2010,21,0,0,0,0,1715,30,-0.0266123532480386,0.0260933820819278,-0.026354740246365,-0.0781065808175678,0.0232426983577926
"02730",2010,22,0,0,0,0,1715,30,0.0167720320912396,0.00825526014127621,0.0168313508053861,0.000337823664622535,0.0328618885408396
"02730",2010,23,0,0,0,0,1715,30,0.0215862643258684,0.0178740551721127,0.0215281081535925,-0.0135303754688163,0.0572471475015959
"02730",2010,24,0,0,0,0,1715,30,0.0033055037879591,0.0113906421302411,0.00328298593721043,-0.0188327317272494,0.0251500164715341
"02730",2010,25,0,0,0,0,1715,30,-0.00708271167440407,0.0275674443947371,-0.00728758174317508,-0.0618306678369163,0.0463414575279422
"02730",2010,26,0,0,0,0,1715,30,0.0104074298313452,0.0120354741244564,0.0103838046275994,-0.0133862278223666,0.0344869628902699
"02730",2010,27,0,0,0,0,1715,30,-0.00633690045809682,0.0115722446727159,-0.00620130481623108,-0.0296308082046585,0.015634316691771
"02730",2010,28,0,0,0,0,1715,30,0.00764719180609173,0.0144723289533139,0.00794355594384439,-0.0214155588581219,0.0349186601174244
"02730",2010,29,0,0,0,0,1715,30,-0.017816772242105,0.0204797741123755,-0.0178995193113011,-0.0591019724438647,0.0227690736496399
"02730",2010,30,0,0,0,0,1715,30,-0.00402965098177421,0.0209482511184305,-0.00403242882972046,-0.0446906527908984,0.0365400289913697
"02730",2010,31,0,0,0,0,1715,30,0.00817722067931652,0.0191450262133578,0.00810467813609096,-0.0291525149146549,0.045899300854765
"02730",2010,32,0,0,0,0,1715,30,0.00391951540334125,0.0161173129534346,0.00385199762380631,-0.0272625198658095,0.0364284532583873
"02730",2010,33,0,0,0,0,1715,30,0.00837128307067033,0.0357222777956875,0.00830615351500081,-0.0644689881780341,0.0779733790710565
"02730",2010,34,0,0,0,0,1715,30,0.350278938704919,0.203214140030279,0.358943621410511,-0.053769873751596,0.738953107520477
"02730",2010,35,0,0,0,0,1715,30,-0.0531171720997644,0.064330631769715,-0.0543051581044058,-0.176749153113542,0.0735938250237726
"02730",2010,36,0,0,0,0,1715,30,-0.0343108232892224,0.0380434962407239,-0.0336192758466457,-0.108939929565615,0.040432614681752
"02730",2010,37,0,0,0,0,1715,30,-0.0190961039123703,0.0325568259117986,-0.0188754943350224,-0.0829648172231289,0.0445956932691972
"04200",2010,5,0,0,0,0,782,28,0.00569902535023782,0.0982276864880982,0.00690192960538113,-0.185764985371871,0.190659114248076
"04200",2010,9,0,0,0,0,782,28,0.0171047461753548,0.0187542637529529,0.0171223383301666,-0.0190524932297131,0.0539037262931366
"04200",2010,10,0,0,0,0,782,28,-0.0163995685344322,0.0558246694361745,-0.0154718320128637,-0.125988941759754,0.0905506165093868
"04200",2010,11,0,0,0,0,782,28,-0.00895728236860715,0.0433654050959956,-0.00962491159114711,-0.0926601298808236,0.0745221639478797
"04200",2010,12,0,0,0,0,782,28,-0.117757899226171,0.181599702163492,-0.123204627709751,-0.483922273102225,0.236907355611326
"04200",2010,13,0,0,0,0,782,28,0.144524096403392,0.348562740865894,0.14777282888853,-0.516014966223103,0.826824122192587
"04200",2010,14,0,0,0,0,782,28,-0.467521853824839,2.02232824368808,-0.43938267610686,-4.65818984803978,3.32147785327219
"04200",2010,15,0,0,0,0,782,28,-0.0388550403616352,0.0706571153800223,-0.0380600013367837,-0.175005495461603,0.0978490729041143
"04200",2010,16,0,0,0,0,782,28,0.0608009454964351,0.0696790936108636,0.0602852569191976,-0.0765515897462059,0.198043549022024
"04200",2010,17,0,0,0,0,782,28,-0.0438096661446157,0.049734659457932,-0.0437773148761963,-0.142823351656587,0.0528993850680701
"04200",2010,18,0,0,0,0,782,28,-0.00793479137622113,0.020968196019111,-0.00834832942208859,-0.0502972364512104,0.0324534470808514
"04200",2010,19,0,0,0,0,782,28,-0.0165798400793099,0.0298730402738395,-0.0156849900593898,-0.0774112274636938,0.0378216670151697
"04200",2010,20,0,0,0,0,782,28,0.0131440819208843,0.144058255074473,0.0124875438504019,-0.270713215151777,0.287366843531994
"04200",2010,21,0,0,0,0,782,28,-0.0364542318127446,0.0432703032398456,-0.0357977402883086,-0.121965649754679,0.0467047703339652
"04200",2010,22,0,0,0,0,782,28,0.027074769963664,0.0266863478365884,0.0280554952359774,-0.0262853488504952,0.0782632756792428
"04200",2010,23,0,0,0,0,782,28,0.114715110303984,0.173172197640457,0.112946793628742,-0.224194114029042,0.450117963042166
"04200",2010,24,0,0,0,0,782,28,-0.035667808436209,0.0669729300684781,-0.0352048706648892,-0.169367062045026,0.0955030557630849
"04200",2010,25,0,0,0,0,782,28,0.0838021631418203,0.0625260269127498,0.0824337897561411,-0.0368334448454391,0.209709692815353
"04200",2010,26,0,0,0,0,782,28,-0.0697597197429016,0.0582705184782246,-0.0691140557732178,-0.184793575105377,0.0405998145991661
"04200",2010,27,0,0,0,0,782,28,0.00317154016187984,0.0288885416701047,0.00286539513720106,-0.052887840286341,0.059386536962351
"04200",2010,28,0,0,0,0,782,28,-0.0165816074047678,0.335724234874798,-0.00734204622154003,-0.678076783843386,0.64716176981255
"04200",2010,30,0,0,0,0,782,28,0.0162477492042728,0.230609895460572,0.0200188082225405,-0.44770911438236,0.468490655616213
"04200",2010,31,0,0,0,0,782,28,0.0127031531548394,0.022994321278741,0.0123233489277404,-0.0321260144031887,0.056863307563422
"04200",2010,32,0,0,0,0,782,28,-0.189458959106505,0.354582372870559,-0.190720116521674,-0.859257516543671,0.521626583282509
"04200",2010,34,0,0,0,0,782,28,0.0485586066802004,0.124213443785859,0.0502254943558759,-0.202971401249084,0.281644629322213
"04200",2010,35,0,0,0,0,782,28,0.0892756610088473,0.0601392938583065,0.0874893796687238,-0.028426480209978,0.206609774876548
"04200",2010,36,0,0,0,0,782,28,-0.0499302741669261,0.0470723446499698,-0.0493733761318886,-0.140132033206437,0.0418806800250925
"04200",2010,37,0,0,0,0,782,28,-0.0114665877235257,0.0497572130520288,-0.0117067852620374,-0.111006810502556,0.0849400999704686
"04230",2010,11,0,0,0,0,1298,20,0.0188883778811874,0.0476924444986608,0.0192395698588346,-0.0704491685410888,0.111620258568944
"04230",2010,12,0,0,0,0,1298,20,-0.00504770987306933,0.0375760485767577,-0.00510821946698886,-0.0785779924839606,0.0682760670629128
"04230",2010,13,0,0,0,0,1298,20,-0.0356247236560323,0.0372940332379915,-0.0353004735303956,-0.111324927703132,0.0356906734034076
"04230",2010,14,0,0,0,0,1298,20,0.052299819693628,0.0571660554131165,0.0542817888465033,-0.0606780201248178,0.158451556227688
"04230",2010,18,0,0,0,0,1298,20,0.103281741482891,0.103212537157807,0.102466428355137,-0.0945009081320636,0.306823800714612
"04230",2010,19,0,0,0,0,1298,20,-0.0244255722105179,0.0314591749461422,-0.0242107923403135,-0.0867046454036612,0.0375985701639865
"04230",2010,20,0,0,0,0,1298,20,0.0443100033027925,0.130155418236999,0.0453911783663523,-0.218760321571063,0.292653457551931
"04230",2010,21,0,0,0,0,1298,20,0.0336104307695381,0.0437490505162161,0.0338708057035513,-0.0507518642054636,0.120434278899836
"04230",2010,22,0,0,0,0,1298,20,-0.0116679648525286,0.0151070064560063,-0.0116069512855251,-0.0417839323320838,0.0183147557095708
"04230",2010,23,0,0,0,0,1298,20,-0.0171576066580704,0.0291076245787885,-0.0172588545972702,-0.0739445653209676,0.0378410992952694
"04230",2010,24,0,0,0,0,1298,20,0.0251632145282255,0.0138345347214979,0.0249142338621682,-0.00104533130881628,0.0525775419527254
"04230",2010,25,0,0,0,0,1298,20,0.0303868057298826,0.0250221684625033,0.0299183954648954,-0.0183065291096383,0.0810649166490816
"04230",2010,26,0,0,0,0,1298,20,-0.0226881086381856,0.0170368774266054,-0.0222482492405686,-0.0574154394399723,0.0104064096288892
"04230",2010,27,0,0,0,0,1298,20,0.0169639876657599,0.011668036416776,0.0167962923476438,-0.00568097902854803,0.0403506833109992
"04230",2010,28,0,0,0,0,1298,20,0.053960262203046,0.0159692927830043,0.0541819408576549,0.0219145562181641,0.0847253488630568
"04230",2010,29,0,0,0,0,1298,20,0.0457491862625869,0.0174560640614598,0.0458994036791102,0.0106526636431278,0.0806736625163471
"04230",2010,30,0,0,0,0,1298,20,0.0121139084996747,0.0191737296758938,0.0124672825620717,-0.0270937273398901,0.0486279447628692
"04230",2010,31,0,0,0,0,1298,20,0.00327036477536811,0.023464325574485,0.00263054498703159,-0.0414285871911667,0.0508626808534644
"04230",2010,36,0,0,0,0,1298,20,0.0866080812384179,0.0722715852199691,0.0868704622959989,-0.0558752637879355,0.228357731454908
"04230",2010,37,0,0,0,0,1298,20,0.0882771699585102,0.0559854727841811,0.0882287564189046,-0.0185895404492004,0.194716700317925
"04430",2010,18,0,0,0,0,293,11,-0.0429868517351426,0.0252238448514063,-0.042740007357522,-0.0925561130899394,0.00516720078560246
"04430",2010,19,0,0,0,0,293,11,0.035501865666881,0.028354398510005,0.0352958585610625,-0.0172165418949963,0.0908741536746994
"04430",2010,20,0,0,0,0,293,11,0.0827513755792391,0.0717445071804436,0.0834007643910527,-0.0583895468597127,0.219937229968241
"04430",2010,21,0,0,0,0,293,11,0.016342463771818,0.0239168993352489,0.0166991828678771,-0.0300612411917918,0.0622757832314518
"04430",2010,22,0,0,0,0,293,11,0.0857598207810027,0.0329236145254626,0.0864161070425308,0.0210145898336723,0.150607047970516
"04430",2010,24,0,0,0,0,293,11,0.0163763401360218,0.03761669682843,0.0169078086486324,-0.058813491547299,0.0888271615631419
"04430",2010,25,0,0,0,0,293,11,-0.0376785805520673,0.0303461225474571,-0.0373594918092844,-0.0963722999871512,0.0239023707827571
"04430",2010,26,0,0,0,0,293,11,-0.105250305864713,0.0705679685510424,-0.106461142498077,-0.240052801570444,0.0344780178645428
"04430",2010,35,0,0,0,0,293,11,-0.112572453461119,0.116622467762997,-0.113820473990609,-0.344984454821897,0.107631253985853
"04430",2010,36,0,0,0,0,293,11,-0.00645930810167896,0.025273694244413,-0.00639343864732916,-0.0558225509379337,0.0416402278686785
"04430",2010,37,0,0,0,0,293,11,-0.0604560690035539,0.0334911141069089,-0.0607074184832279,-0.128762059383895,0.00296435084653797
"04440",2010,9,0,0,0,0,1480,24,-0.0802257339217087,0.0303686208952692,-0.0806339837681993,-0.137809504156928,-0.0229455347835604
"04440",2010,10,0,0,0,0,1480,24,-0.0552298565627428,0.0568646877848315,-0.0546092448709693,-0.167028646079107,0.0497600481298443
"04440",2010,11,0,0,0,0,1480,24,0.000283648162292394,0.0119959375115675,0.000214992337501761,-0.0230189191086196,0.0234389270334537
"04440",2010,12,0,0,0,0,1480,24,0.0429462836601813,0.0233322475067412,0.043003468256288,-0.00284239493024872,0.0871891844028435
"04440",2010,13,0,0,0,0,1480,24,0.00444042052177361,0.0294363756776906,0.00456995025710244,-0.0521440310520269,0.0647258862786522
"04440",2010,14,0,0,0,0,1480,24,-0.018905952858515,0.0471691224305049,-0.018838793577921,-0.107777755368845,0.0797249643224362
"04440",2010,16,0,0,0,0,1480,24,-0.369739647842361,0.283049982740362,-0.364604736282709,-0.915169109017107,0.175773603086402
"04440",2010,17,0,0,0,0,1480,24,0.00443195824819179,0.0305451166294194,0.00384597952133654,-0.0541589919406672,0.0628347589483646
"04440",2010,18,0,0,0,0,1480,24,-0.0428516834727688,0.0277800596378445,-0.0423583806558436,-0.0982139124723822,0.00914056180360934
"04440",2010,19,0,0,0,0,1480,24,0.000846020188749108,0.0157223110108746,0.000781175028591804,-0.0299601705274541,0.0321125173434378
"04440",2010,20,0,0,0,0,1480,24,0.000459831774881256,0.401305918222654,0.00351411016215227,-0.775141658138945,0.784514345641979
"04440",2010,21,0,0,0,0,1480,24,0.0974355447386824,0.0444349154639985,0.0976758196588057,0.0101295716961907,0.186051328329668
"04440",2010,22,0,0,0,0,1480,24,0.024907857021046,0.0103264795715145,0.02470620428099,0.00378034989418313,0.0447677029782952
"04440",2010,23,0,0,0,0,1480,24,0.0266141520187933,0.0243098729467669,0.0270954750975648,-0.0210766478237774,0.0733839806271958
"04440",2010,24,0,0,0,0,1480,24,-0.00385641314258086,0.0108494216727176,-0.00391211493760459,-0.0251876993091199,0.0170881754218935
"04440",2010,25,0,0,0,0,1480,24,-0.0361258160632861,0.020284057874276,-0.0361385244485325,-0.0761959133770777,0.00492374116809365
"04440",2010,26,0,0,0,0,1480,24,-0.0389287158677944,0.018239025828944,-0.0394859136976284,-0.0737013713309897,-0.00273631784427025
"04440",2010,27,0,0,0,0,1480,24,0.00356495450422094,0.00984408626782231,0.00343783351298513,-0.0154537280755713,0.0230200126412073
"04440",2010,28,0,0,0,0,1480,24,0.0206347192192423,0.0151246508119315,0.0207946632929011,-0.00948910744013255,0.0490487472859746
"04440",2010,29,0,0,0,0,1480,24,0.0254104334646503,0.0155600975257251,0.0252565052355301,-0.0051505826148074,0.0558099929740595
"04440",2010,30,0,0,0,0,1480,24,0.0151097641803454,0.0172770549177738,0.015142614980843,-0.018833586375913,0.0490423178398496
"04440",2010,31,0,0,0,0,1480,24,-0.173581767917709,0.070701059814537,-0.170970898217794,-0.320457180338992,-0.0389604836911303
"04440",2010,36,0,0,0,0,1480,24,0.52350113136567,0.175689302381692,0.518013119989187,0.200352894757893,0.886117764743031
"04440",2010,37,0,0,0,0,1480,24,0.00589744267140012,0.0532706250616595,0.00725759017811488,-0.105391738912039,0.106879679928949
"04470",2010,5,0,0,0,1,629,20,-0.052130397263074,0.0562680763315591,-0.0541460165548735,-0.16580633054223,0.0607693182581708
"04470",2010,9,0,0,0,1,629,20,-0.0203586680686011,0.0111690876764176,-0.0201805054210153,-0.0433867096982863,0.00110556210107558
"04470",2010,10,0,0,0,1,629,20,-0.012530573888103,0.0495884455657669,-0.0139570305383874,-0.106070616443062,0.0840916405678385
"04470",2010,11,0,0,0,1,629,20,-0.018137473963799,0.0171416610835561,-0.0180486273219349,-0.0514251339075822,0.0149203561175464
"04470",2010,15,0,0,0,1,629,20,-0.0332236122155067,0.0511267275602341,-0.0344445658157948,-0.130902204551779,0.0698709798086274
"04470",2010,16,0,0,0,1,629,20,0.105681721773202,0.055184636991021,0.102445761080921,0.00583055711239661,0.216504667018969
"04470",2010,17,0,0,0,1,629,20,-0.0516158759434335,0.0290699796646689,-0.0510280823430947,-0.109283311016983,0.00478202906983497
"04470",2010,18,0,0,0,1,629,20,-0.0173799611729137,0.0105832483662651,-0.0175961355488349,-0.0381966927470099,0.00340587956891483
"04470",2010,19,0,0,0,1,629,20,-0.0219123088471983,0.0154601270178932,-0.0212531488639407,-0.0540364048870972,0.00654733755639912
"04470",2010,20,0,0,0,1,629,20,0.036725663626606,0.148018055273281,0.0366367549335012,-0.257778941513,0.324906934887956
"04470",2010,21,0,0,0,1,629,20,-0.0283172899823735,0.0349754418233848,-0.0280929301321925,-0.0977506321579691,0.0407044014441266
"04470",2010,22,0,0,0,1,629,20,-0.0014922349274094,0.0299391637120444,-0.00131151314395006,-0.0615882011994055,0.0571965083425694
"04470",2010,24,0,0,0,1,629,20,-0.508944616978991,0.254980143752869,-0.506588331344192,-1.0149820272061,-0.0279946526405448
"04470",2010,25,0,0,0,1,629,20,0.201211016264147,0.163635596469961,0.201600677809556,-0.117783262312244,0.515201496091394
"04470",2010,32,0,0,0,1,629,20,0.0105031864408821,0.0126306289171208,0.010372201503178,-0.0145258316312109,0.0344914148616968
"04470",2010,33,0,0,0,1,629,20,0.023837740897531,0.0202886822615591,0.0236565350885028,-0.0163545567908924,0.0630322728399861
"04470",2010,34,0,0,0,1,629,20,-0.0476986975857075,0.0488843041536281,-0.0472623813159502,-0.14372408873323,0.0463935095101756
"04470",2010,35,0,0,0,1,629,20,-0.0339562946219215,0.0271091665079088,-0.0339118378075339,-0.0867487940842628,0.0197356048472636
"04470",2010,36,0,0,0,1,629,20,0.00975287756527976,0.0416545835823168,0.0112668385227258,-0.0728708452293461,0.0926455245670793
"04470",2010,37,0,0,0,1,629,20,-0.15436495073886,0.108510510482168,-0.151566872327575,-0.376944238262526,0.0499758561902207
"04660",2010,5,0,0,0,0,699,19,-0.0187372202363407,0.053713272416172,-0.0188878165404125,-0.123839106240297,0.0893491703955993
"04660",2010,9,0,0,0,0,699,19,0.00356194669873834,0.0289249985098474,0.0024077711540739,-0.0548466553336379,0.0600689215728537
"04660",2010,10,0,0,0,0,699,19,0.0682594213164641,0.0370398486779461,0.0678585516499578,-0.00253564381219734,0.140735024630012
"04660",2010,11,0,0,0,0,699,19,-0.0240565736351897,0.0254923404370388,-0.0245094508798316,-0.0746325966872467,0.0256580800133207
"04660",2010,12,0,0,0,0,699,19,0.0534929570182912,0.0423334820376619,0.0533092774456581,-0.0287378344897785,0.13737004201318
"04660",2010,13,0,0,0,0,699,19,0.00191298632928118,0.0272092279707675,0.00148332069467409,-0.0535161810710342,0.0530292787477235
"04660",2010,14,0,0,0,0,699,19,0.129072877562229,0.121491312050023,0.131742024390155,-0.109321844799573,0.36484673880508
"04660",2010,15,0,0,0,0,699,19,0.0364233131910259,0.151023292513578,0.0336129529577725,-0.260162886841673,0.341361108219325
"04660",2010,16,0,0,0,0,699,19,0.00763491464704383,0.104060336473482,0.0092376631805755,-0.197918015332456,0.206576136759375
"04660",2010,17,0,0,0,0,699,19,-0.0219605661097713,0.0759372046451352,-0.021057730384761,-0.167797943485655,0.124548132879319
"04660",2010,19,0,0,0,0,699,19,0.0282185276702876,0.0658409522075398,0.0288039727904199,-0.100964196405922,0.160279754069811
"04660",2010,22,0,0,0,0,699,19,0.0180806748566461,0.0290826045195563,0.018635277390126,-0.0390378902736624,0.0751365379225045
"04660",2010,23,0,0,0,0,699,19,0.029623182407648,0.0294204896455499,0.0294929722435982,-0.0289647888413839,0.0876759867576282
"04660",2010,24,0,0,0,0,699,19,0.0221590817822449,0.0490199416802682,0.0223125519551832,-0.0724454958552542,0.117250231036469
"04660",2010,26,0,0,0,0,699,19,-0.335486490585676,0.259136516470426,-0.324546408849935,-0.859299206395919,0.142047162951734
"04660",2010,28,0,0,0,0,699,19,0.0434909627815985,0.0198278781853999,0.0429308071224069,0.00570553613563976,0.0832971725149134
"04660",2010,29,0,0,0,0,699,19,-0.0226812996873061,0.0476628969021432,-0.021549687398845,-0.116087473224451,0.0667435392689559
"04660",2010,30,0,0,0,0,699,19,-0.0450522040079502,0.0416523484184195,-0.0450676895259198,-0.129746261249105,0.037225515586086
"04660",2010,32,0,0,0,0,699,19,0.00740494672288126,0.0693935451786485,0.00749769643672498,-0.127322093673322,0.142939833860068
"04940",2010,9,0,0,0,0,566,15,-0.39295423078555,0.131138637080563,-0.389941227253404,-0.667517742421318,-0.149835820124717
"04940",2010,10,0,0,0,0,566,15,0.207906028081262,0.136739371402923,0.20576562144513,-0.070668066633343,0.475286795011636
"04940",2010,11,0,0,0,0,566,15,0.00445048399130142,0.0177632603773164,0.00436957047079848,-0.028762271223555,0.0394978001998467
"04940",2010,12,0,0,0,0,566,15,0.0503092863716774,0.0296139219801604,0.0487352021176905,-0.00679324373183865,0.108584984612192
"04940",2010,13,0,0,0,0,566,15,-0.0189717146246265,0.0364193938750685,-0.0191009929077762,-0.090786351855946,0.0532307911901399
"04940",2010,14,0,0,0,0,566,15,0.0260466092782878,0.0510593927314446,0.0271379334603768,-0.0739611306825304,0.12529347034106
"04940",2010,17,0,0,0,0,566,15,0.185676860018803,0.0651669455766315,0.185797678661405,0.0539839722950865,0.30914322379156
"04940",2010,18,0,0,0,0,566,15,0.0426269404718592,0.224185079126675,0.0512967645789482,-0.408681048471942,0.467079480458896
"04940",2010,19,0,0,0,0,566,15,-0.0220970841588655,0.038194913576315,-0.0231097943426745,-0.0962200302652355,0.0530355935037818
"04940",2010,22,0,0,0,0,566,15,-0.00455351120950067,0.0312790451183346,-0.00441689379919226,-0.0662343480316719,0.0564126066621309
"04940",2010,23,0,0,0,0,566,15,-0.0197037902027201,0.0338578226681696,-0.020203615115485,-0.085692759895217,0.0457680057520964
"04940",2010,24,0,0,0,0,566,15,0.128677572348188,0.249281711985178,0.129344866983377,-0.369564330153698,0.630145717288864
"04940",2010,28,0,0,0,0,566,15,-0.0494392322543763,0.0378190149441549,-0.0489310148207983,-0.124372816309969,0.022741517655224
"04940",2010,29,0,0,0,0,566,15,0.00715100845761768,0.102767820032991,0.00659080534111524,-0.192783719623463,0.214265728671816
"04940",2010,30,0,0,0,0,566,15,0.142120732053316,0.149838357851067,0.142249372052632,-0.153620702327968,0.437111879877975
"04970",2010,5,0,0,0,0,326,14,-0.450274719329906,0.386901927101071,-0.446893174488327,-1.24060398490081,0.290912097770619
"04970",2010,9,0,0,0,0,326,14,-0.00753027885808338,0.0307420073605824,-0.00800392878069413,-0.065944857096772,0.0519761630495006
"04970",2010,10,0,0,0,0,326,14,-0.00575432715839617,0.120415495467855,-0.00290177629673287,-0.243908418890466,0.220775987167749
"04970",2010,11,0,0,0,0,326,14,-0.0996375809752252,0.027797346790532,-0.0991676298501204,-0.153302934232322,-0.0456600008554798
"04970",2010,12,0,0,0,0,326,14,-0.0856286708163276,0.351175286738972,-0.0870500902550824,-0.804167251470573,0.630989142556105
"04970",2010,15,0,0,0,0,326,14,-2.7549635238413,1.29384066312439,-2.71447385117476,-5.41156699635988,-0.245214163170766
"04970",2010,16,0,0,0,0,326,14,0.0803495228264172,0.154375968132869,0.0818379169210743,-0.222158032970473,0.38232549769481
"04970",2010,17,0,0,0,0,326,14,-0.0477229426145086,0.0980285674950069,-0.0472175626785512,-0.245749829359312,0.154001002756539
"04970",2010,18,0,0,0,0,326,14,-0.105054917429589,0.0710152753902968,-0.105087898431732,-0.243624275639924,0.0312854426002925
"04970",2010,19,0,0,0,0,326,14,0.102754837079949,0.124159767693574,0.100758453818734,-0.134524577541022,0.361039770203477
"04970",2010,22,0,0,0,0,326,14,-0.319370291888639,0.379805665741737,-0.319661982820662,-1.04122072398886,0.429558562602044
"04970",2010,23,0,0,0,0,326,14,-0.0350051412362531,0.122269884471011,-0.035602977335413,-0.271034916969591,0.200086201406025
"04970",2010,32,0,0,0,0,326,14,1.28651942870647,0.414524821998041,1.26719118512702,0.532684007744644,2.09589820860476
"04970",2010,33,0,0,0,0,326,14,0.0283588868926746,0.0790002490118682,0.0273071567875653,-0.122361165399353,0.190062209037995
"05010",2010,11,0,0,0,0,1247,23,0.0145444980833361,0.134809982095616,0.0148382902087613,-0.253024624408192,0.27861973478838
"05010",2010,12,0,0,0,0,1247,23,0.0217613279803075,0.0283049396983176,0.0219047697881044,-0.0341403193997827,0.0772599085992575
"05010",2010,13,0,0,0,0,1247,23,-0.0421302069840679,0.0297489156384802,-0.042253198072169,-0.102845762178095,0.0164216004093443
"05010",2010,14,0,0,0,0,1247,23,0.157673164368974,0.144369192140828,0.160629736688783,-0.131339202106585,0.431780903151398
"05010",2010,16,0,0,0,0,1247,23,0.132286169156123,0.226569181524244,0.135227879317611,-0.305979836161543,0.571237446304256
"05010",2010,18,0,0,0,0,1247,23,0.0262087412535881,0.0300634690950908,0.0262416415182941,-0.0325294454543789,0.0859670040744894
"05010",2010,19,0,0,0,0,1247,23,0.0108093101988444,0.0222720570288165,0.0106940959454208,-0.0319692099031187,0.0536235057401343
"05010",2010,20,0,0,0,0,1247,23,0.120227141298326,0.230464289560605,0.117128572100303,-0.319982121997919,0.57915283579377
"05010",2010,21,0,0,0,0,1247,23,0.00273844695254879,0.0245299511534336,0.00212212060854762,-0.0458640403882075,0.0508594448198234
"05010",2010,22,0,0,0,0,1247,23,0.0135426516634759,0.00813365532814294,0.0135875140318031,-0.00191296954831127,0.0297734652521436
"05010",2010,23,0,0,0,0,1247,23,-0.0117565364398445,0.0220392527293514,-0.0122175422061094,-0.0557034977381915,0.0302069055383415
"05010",2010,24,0,0,0,0,1247,23,-0.000690961859827476,0.00922617799198851,-0.000739885834818885,-0.0183778731006117,0.0174031619272817
"05010",2010,25,0,0,0,0,1247,23,0.0443000063749644,0.0244448094305418,0.0442872397324385,-0.00376012147618142,0.0922395583065795
"05010",2010,26,0,0,0,0,1247,23,-0.0626565017896575,0.0158900644358477,-0.0626223732494786,-0.0925618986978724,-0.0322632880747726
"05010",2010,27,0,0,0,0,1247,23,-0.018385079773495,0.011384934815382,-0.018650476869808,-0.0401706960845063,0.00370201041002341
"05010",2010,28,0,0,0,0,1247,23,0.0344148181219075,0.01467751851227,0.0351413961408741,0.0055322143839533,0.0623005303624427
"05010",2010,29,0,0,0,0,1247,23,0.0196537573814592,0.0179671901937306,0.019609560201022,-0.0150619387526842,0.0546966577014089
"05010",2010,30,0,0,0,0,1247,23,-0.0730782079735184,0.0373656369693495,-0.0734122481384837,-0.146188091144543,0.00151925799404513
"05010",2010,31,0,0,0,0,1247,23,-0.0198845961045178,0.0150737375601756,-0.0192944845206825,-0.0491718816029417,0.00898208519260147
"05010",2010,34,0,0,0,0,1247,23,0.0407680232217296,0.0905397791800708,0.040657854701359,-0.135680438997825,0.216091267032837
"05010",2010,35,0,0,0,0,1247,23,-0.00829470918596139,0.0450245358276872,-0.00855386175752137,-0.0955162637008886,0.0794057804029004
"05010",2010,36,0,0,0,0,1247,23,-0.0434209450043459,0.0361591348479411,-0.0420042760119057,-0.115415096449963,0.0262834004978757
"05010",2010,37,0,0,0,0,1247,23,-0.020705643240002,0.0300163698126604,-0.0203572870566264,-0.0800582929453964,0.0402602720119606
"05011",2010,5,0,0,2,48,698,17,0.00808706482893181,0.0573899469238238,0.00911346703898927,-0.106830979623016,0.122319110363065
"05011",2010,9,0,0,2,48,698,17,-0.00342483726961839,0.0109681707244564,-0.00351700059581795,-0.024658973149045,0.0167804376274304
"05011",2010,10,0,0,2,48,698,17,0.0135861356343772,0.0305837579427469,0.0136861726981779,-0.046301034366436,0.0758166830772569
"05011",2010,11,0,0,2,48,698,17,-0.0410509999645154,0.010799596036575,-0.0411451632221673,-0.0618949498299229,-0.0189746796020994
"05011",2010,12,0,0,2,48,698,17,0.0383090582048869,0.0647528622848998,0.0383843253974776,-0.0887793395594169,0.164900830336303
"05011",2010,15,0,0,2,48,698,17,-0.0199042054438316,0.0684419838435396,-0.0197153733491842,-0.155430252949532,0.114392006966557
"05011",2010,16,0,0,2,48,698,17,-0.0234201899190728,0.0366066483270508,-0.022747668284693,-0.0946768079204362,0.0454218795618213
"05011",2010,17,0,0,2,48,698,17,0.0212034664784754,0.0259650434720452,0.0203831028820101,-0.0272187347132907,0.0732303622073594
"05011",2010,18,0,0,2,48,698,17,0.00887843325111854,0.0115949472321145,0.00878569292984912,-0.0134426907115273,0.0319626026160596
"05011",2010,19,0,0,2,48,698,17,0.00432870032685442,0.0147265162030682,0.00432356396884431,-0.0240756606073252,0.0340970349991177
"05011",2010,21,0,0,2,48,698,17,-1.04708450233559,0.351310960993412,-1.03980760995674,-1.73761100259335,-0.398298477407392
"05011",2010,22,0,0,2,48,698,17,0.0116186516739146,0.0219152966967388,0.0112918143461447,-0.0307725861588756,0.053762928518806
"05011",2010,23,0,0,2,48,698,17,0.0102126193843204,0.0814720896057546,0.00812638964332817,-0.14703887041751,0.163510886128285
"05011",2010,32,0,0,2,48,698,17,-0.0200417742065042,0.0149442954026894,-0.0207305228493833,-0.0500016845015995,0.0110110480948283
"05011",2010,33,0,0,2,48,698,17,-0.0155361808277034,0.0313318525418967,-0.0153787026610472,-0.0749738488469716,0.0468275977063294
"05011",2010,34,0,0,2,48,698,17,-0.223735899491417,0.344511874997456,-0.225853448041942,-0.896459689882938,0.467050935831795
"05011",2010,35,0,0,2,48,698,17,-0.0475274212439602,0.0487427442471657,-0.048984229137019,-0.142586828833816,0.0466376175489401
"05400",2010,5,0,0,0,0,683,19,0.278979594403199,0.248171988270255,0.276945645975042,-0.206201763964851,0.762233798046086
"05400",2010,9,0,0,0,0,683,19,0.00667603120433984,0.0176164937246179,0.00646381765548903,-0.0280311736669346,0.0407472446171609
"05400",2010,10,0,0,0,0,683,19,-0.0197990795291752,0.0374743436135279,-0.0197131527107162,-0.0919441332164615,0.0547082931508662
"05400",2010,11,0,0,0,0,683,19,-0.0229847803648597,0.0119868411151555,-0.0228506204217597,-0.0461502413116207,-0.000220403269346738
"05400",2010,12,0,0,0,0,683,19,0.00375660508860375,0.0352356484293169,0.00488541128478459,-0.064519350203721,0.072167872994323
"05400",2010,13,0,0,0,0,683,19,0.0406624303460772,0.0680522574958601,0.0414518497102004,-0.0966017375436294,0.170775202498675
"05400",2010,14,0,0,0,0,683,19,0.135331096710506,0.155893508629204,0.132754198803864,-0.181109356208071,0.4375195087918
"05400",2010,15,0,0,0,0,683,19,-0.0725533722498915,0.0666655157281695,-0.069765046045043,-0.206338961932762,0.0542873593134768
"05400",2010,16,0,0,0,0,683,19,0.0370016130265005,0.0485516856091219,0.0371639406409431,-0.0576921423961218,0.130959187463668
"05400",2010,17,0,0,0,0,683,19,0.0957262662092416,0.0467969637934321,0.0953071867074305,0.00592700716184215,0.187950589954485
"05400",2010,18,0,0,0,0,683,19,0.0284722438271248,0.0467706713790722,0.0285777885114495,-0.0629315541395964,0.121160650611113
"05400",2010,19,0,0,0,0,683,19,-0.00973338130998297,0.0712701019707465,-0.00987647483628391,-0.153892113319732,0.125275291511487
"05400",2010,22,0,0,0,0,683,19,-0.00481623123067969,0.0283595670337138,-0.00444661417534186,-0.0632537474087018,0.0495676882370721
"05400",2010,23,0,0,0,0,683,19,0.0476326635538106,0.0287883262994574,0.0479505764180899,-0.0100838147883059,0.102896546901911
"05400",2010,24,0,0,0,0,683,19,0.102840120982217,0.182763551159596,0.0985935696455601,-0.254530774273743,0.461253975010603
"05400",2010,28,0,0,0,0,683,19,0.00877328535997187,0.0602307013348155,0.00979207996769709,-0.113825478266775,0.121462877899644
"05400",2010,29,0,0,0,0,683,19,-0.0375986102198845,0.227957322100824,-0.0392316242870124,-0.479989333446013,0.425253790181884
"05400",2010,30,0,0,0,0,683,19,-0.0145246911355661,0.221536499979861,-0.0179670117638871,-0.458135461382014,0.425804859534764
"05400",2010,34,0,0,0,0,683,19,-0.275324633536253,0.519289455080282,-0.278818699643989,-1.28209406286235,0.756359782603588
"05420",2010,5,0,0,0,0,689,18,0.0114290909122491,0.0417290798706161,0.0121839514019378,-0.0693026128023967,0.0906303462476453
"05420",2010,9,0,0,0,0,689,18,-0.0164922091274709,0.017274630012482,-0.0167103392041784,-0.0496288625069241,0.0168299024558938
"05420",2010,10,0,0,0,0,689,18,-0.0103071067247129,0.0442878485537279,-0.0105279397895453,-0.0984768081979493,0.0751054567876375
"05420",2010,11,0,0,0,0,689,18,-0.0237545643727914,0.0133754609316277,-0.0239905151244391,-0.0486271834910892,0.00440771518246204
"05420",2010,12,0,0,0,0,689,18,0.0153099488983388,0.0210254079168121,0.0152387462921146,-0.0244200791805862,0.055185426833055
"05420",2010,13,0,0,0,0,689,18,-0.00846205811471563,0.0286121238213593,-0.00848873320271257,-0.0644699825789405,0.0475515455925109
"05420",2010,14,0,0,0,0,689,18,0.00558735582466718,0.0482298404651993,0.00442594153299598,-0.0856350900302201,0.100175508765857
"05420",2010,15,0,0,0,0,689,18,1.06306409768139,0.991019636491179,1.0766022401837,-0.921472659429363,2.96599326242129
"05420",2010,16,0,0,0,0,689,18,0.114366576369229,0.0859649669475411,0.115276205391346,-0.0608882528316814,0.283159636411224
"05420",2010,17,0,0,0,0,689,18,0.121704471343803,0.0608688490346487,0.121890598533454,0.00392714079565272,0.242881138620944
"05420",2010,18,0,0,0,0,689,18,0.594185408859945,0.30434165314819,0.583182755509545,0.0162105856137573,1.24068648645988
"05420",2010,22,0,0,0,0,689,18,-0.0186573891208617,0.0350545561708877,-0.018965691765642,-0.0842781117462203,0.0524497379572553
"05420",2010,23,0,0,0,0,689,18,-0.0195053826306675,0.0231496229329251,-0.0191436327158317,-0.0650099122608522,0.0247687764817379
"05420",2010,24,0,0,0,0,689,18,-0.206157821692453,0.259209680407272,-0.20930026459603,-0.71478466767026,0.308425428368306
"05420",2010,28,0,0,0,0,689,18,0.00925123747527284,0.0330939938555824,0.00958329402572732,-0.0587901403358376,0.0741925007740224
"05420",2010,29,0,0,0,0,689,18,-0.0226155081090898,0.125285953421802,-0.0185050926981927,-0.27304901453349,0.215505619213775
"05420",2010,30,0,0,0,0,689,18,-0.0552098711755396,0.105577991285754,-0.054737280662511,-0.269333143500741,0.146392940084135
"05420",2010,32,0,0,0,0,689,18,-0.1578297882929,0.0862417346786891,-0.156251334741511,-0.336193682820208,0.00592756674525614
"05460",2010,5,0,0,0,0,959,25,0.130031602443148,0.0906139508388742,0.129749704754549,-0.0494974842864987,0.308756053637077
"05460",2010,9,0,0,0,0,959,25,0.0348351370992712,0.0434008793943793,0.0349006850609929,-0.0507823073638063,0.120624312228864
"05460",2010,10,0,0,0,0,959,25,0.14779162173313,0.109743340675025,0.14720621010486,-0.0561758418437543,0.365506879685971
"05460",2010,11,0,0,0,0,959,25,-0.00420632434437302,0.0235138285936505,-0.00519718239222122,-0.0487974711833936,0.0432650448073929
"05460",2010,12,0,0,0,0,959,25,0.0579899935511508,0.0676122309923971,0.0597582181194596,-0.083263708417776,0.185505001292873
"05460",2010,13,0,0,0,0,959,25,-0.0697125434701672,0.109893598089239,-0.0687133097758455,-0.289733931727568,0.139483251680276
"05460",2010,16,0,0,0,0,959,25,0.87368603994174,0.506260033520218,0.853885210911695,-0.08700631064157,1.91659511425758
"05460",2010,17,0,0,0,0,959,25,0.0136963738306137,0.0488616985568616,0.0120746970349971,-0.0815346929708405,0.113656960823563
"05460",2010,18,0,0,0,0,959,25,0.0439264505522735,0.0264329169947912,0.0443641676315071,-0.0069421101241724,0.0936437287619589
"05460",2010,19,0,0,0,0,959,25,-0.0268605175725954,0.024745173767866,-0.0268066792539514,-0.0749981808561123,0.0233828197559976
"05460",2010,20,0,0,0,0,959,25,0.490704903062511,0.331474952131781,0.477259365920329,-0.132039923656771,1.15149445243362
"05460",2010,21,0,0,0,0,959,25,0.0746525145404759,0.0548718023642697,0.0725699188700915,-0.0343400400500864,0.180644907773028
"05460",2010,22,0,0,0,0,959,25,0.0105434611706832,0.0166026216952206,0.0102209421613523,-0.0226350796949642,0.0433801809693854
"05460",2010,23,0,0,0,0,959,25,-0.119145587616063,0.0572356679251481,-0.119958778721927,-0.230794559729016,-0.00886985986514891
"05460",2010,24,0,0,0,0,959,25,0.00944725824441963,0.0212887556533744,0.00963341929978367,-0.0330504842460093,0.0505752421652188
"05460",2010,25,0,0,0,0,959,25,-0.316523917841475,0.286031388987758,-0.314405231088111,-0.895892589285234,0.22528797528388
"05460",2010,26,0,0,0,0,959,25,-0.110072955442873,0.0816476645779073,-0.109620175170482,-0.268019647888317,0.043563855765698
"05460",2010,27,0,0,0,0,959,25,0.168405236084077,0.0784793900165799,0.166708378243048,0.0139170494425725,0.329080066901012
"05460",2010,28,0,0,0,0,959,25,0.0342600486687943,0.0350595272025293,0.034237175883189,-0.0322868201352993,0.103648688899307
"05460",2010,29,0,0,0,0,959,25,0.0330033776540027,0.0335402955234342,0.0330645914911891,-0.0330606513143967,0.097482293705618
"05460",2010,30,0,0,0,0,959,25,0.0479102804360754,0.0440809437365383,0.0476185553727402,-0.0382647236103251,0.136011853438684
"05460",2010,32,0,0,0,0,959,25,-0.0221845625461967,0.0697713353456639,-0.0221740482057434,-0.157787738261068,0.113286485276119
"05460",2010,35,0,0,0,0,959,25,-0.0244662901781305,0.278199400238885,-0.0291664177186992,-0.577656527592111,0.522624377118761
"05460",2010,36,0,0,0,0,959,25,-0.189049684907743,0.134258263134364,-0.184185218891595,-0.461124284322787,0.0651123944892753
"05460",2010,37,0,0,0,0,959,25,-0.124099371093553,0.119173392753063,-0.125009787303916,-0.355781467805375,0.103992784392884
"05780",2010,16,5,0,0,1,201,9,0.0998521328925147,0.230350349888008,0.102336316336007,-0.357190223785209,0.558542224796574
"05780",2010,18,5,0,0,1,201,9,0.0246876132388371,0.0246157006327277,0.0245526077782082,-0.0235575953757496,0.0728013008990064
"05780",2010,19,5,0,0,1,201,9,0.0646338997614089,0.0628389291249843,0.064944412722284,-0.0573604846557997,0.184146957758621
"05780",2010,20,5,0,0,1,201,9,0.105876822270553,0.191215593644571,0.108042719358752,-0.267727291185704,0.477106036662709
"05780",2010,21,5,0,0,1,201,9,-0.0665123085070683,0.0940489982237774,-0.0650180366542199,-0.245014939125775,0.116711046437342
"05780",2010,34,5,0,0,1,201,9,0.36160872344572,0.22835678535323,0.368347119911362,-0.0697818068702468,0.819131809190309
"05780",2010,35,5,0,0,1,201,9,-0.229114051495114,0.0724214386460171,-0.227292074035549,-0.382890073929305,-0.0878216148379753
"05780",2010,36,5,0,0,1,201,9,-0.0720164369969488,0.0710961679011933,-0.0731045822364665,-0.210277144093419,0.0690588676491118
"05780",2010,37,5,0,0,1,201,9,0.0467312101444179,0.110685669777806,0.0480896495022351,-0.168271191326816,0.261845223673327
"05840",2010,11,1,0,0,0,281,8,-0.00385682494810813,0.043206495767328,-0.00366316501515599,-0.0896198747939104,0.079971093957145
"05840",2010,12,1,0,0,0,281,8,0.0478579894105345,0.0298848276066667,0.0480547424200348,-0.0108291537804388,0.105085334904402
"05840",2010,13,1,0,0,0,281,8,-0.0392821106674557,0.050782149818922,-0.0409910671274478,-0.133935713232726,0.0604439872341547
"05840",2010,14,1,0,0,0,281,8,-0.0340574097078959,0.0460929323639361,-0.0342513875517351,-0.124147622450912,0.0544758531011724
"05840",2010,22,1,0,0,0,281,8,0.10637024072616,0.0943203578568086,0.106624900566776,-0.0819747798159974,0.293948428872732
"05840",2010,23,1,0,0,0,281,8,0.0223717696729359,0.0357142309696187,0.0224078239233442,-0.0470370547273267,0.0938716371525852
"05840",2010,28,1,0,0,0,281,8,-0.123575596740114,0.0550360153469412,-0.122551775510501,-0.229472428615397,-0.0190603369557121
"05840",2010,30,1,0,0,0,281,8,-0.0796297598142361,0.0490321049286596,-0.0788196082626457,-0.175750881516035,0.014805932400172
"06050",2010,9,9,0,0,77,186,7,0.0803755649889337,0.563919728773606,0.0626444815561021,-1.03225097445987,1.229772530477
"06050",2010,10,9,0,0,77,186,7,-0.265751687904259,0.205659289987084,-0.271376442220312,-0.659337241691219,0.151287918166567
"06050",2010,11,9,0,0,77,186,7,-0.145870976432431,0.11980988967182,-0.145391255583406,-0.382733898246941,0.089288886399125
"06050",2010,16,9,0,0,77,186,7,-1.02514889704354,0.489707135858399,-1.01711876610624,-2.06040496382191,-0.0690431444245566
"06050",2010,17,9,0,0,77,186,7,0.0858784203813703,0.0882384261141543,0.0866091267836133,-0.0869932314977912,0.258064804395132
"06050",2010,18,9,0,0,77,186,7,0.0596589931366404,0.0403721792653214,0.059377438479189,-0.0195515488500849,0.137182140426961
"06050",2010,19,9,0,0,77,186,7,0.0774758887304493,0.0951157649780081,0.0779825471977501,-0.109149164429415,0.259488985075789
"06110",2010,5,0,0,0,0,1050,24,-0.0691898461955636,0.134268282143615,-0.0678778710582413,-0.335485623152553,0.188426905156268
"06110",2010,11,0,0,0,0,1050,24,0.0946968794600683,0.0521354385137184,0.0950055151195965,-0.00673089051556576,0.195423308935357
"06110",2010,12,0,0,0,0,1050,24,0.15588779235119,0.0855274633155303,0.154983016885708,-0.0187023613945183,0.322218903265024
"06110",2010,13,0,0,0,0,1050,24,-0.182712416003368,0.0730879047744226,-0.182951577432852,-0.329252172836319,-0.0356352848509401
"06110",2010,16,0,0,0,0,1050,24,-0.0115910729700295,0.281956364637304,-0.00948888801346667,-0.577235793941984,0.528050351905387
"06110",2010,18,0,0,0,0,1050,24,0.751815974981122,0.260100962100838,0.742045287091171,0.275929432002544,1.27455114316845
"06110",2010,19,0,0,0,0,1050,24,-0.0193380882048478,0.0709565793309302,-0.0198288693553238,-0.161512923477053,0.116813469243435
"06110",2010,20,0,0,0,0,1050,24,-0.1299311102393,0.132700218851822,-0.12990797879641,-0.38315161277123,0.136970727527292
"06110",2010,21,0,0,0,0,1050,24,0.0237767959197562,0.0501801573642732,0.0234983240036934,-0.0743363058136931,0.12002835398978
"06110",2010,22,0,0,0,0,1050,24,0.0207457322876866,0.0216141916670173,0.0205523788956836,-0.0214437058569156,0.0648433925977523
"06110",2010,23,0,0,0,0,1050,24,-0.0100194821640523,0.0664091188758288,-0.00756807110684257,-0.137893133453435,0.125090616069394
"06110",2010,24,0,0,0,0,1050,24,0.0152146995444803,0.0184385186724054,0.0149020849839819,-0.0203847242167928,0.0521586272937194
"06110",2010,25,0,0,0,0,1050,24,-0.03458876184203,0.0321571673178616,-0.0342787042341026,-0.0978470918648623,0.0292869846854324
"06110",2010,26,0,0,0,0,1050,24,-0.0172317566513478,0.0223506483799303,-0.0172404513298556,-0.0611457424329539,0.0275999665592131
"06110",2010,27,0,0,0,0,1050,24,0.0248455946780802,0.0158752867528225,0.024751827691985,-0.00700138246939436,0.0563337906013861
"06110",2010,28,0,0,0,0,1050,24,0.0278891817007537,0.0314600510133496,0.0279328977532258,-0.0339277614833525,0.0893412616811657
"06110",2010,29,0,0,0,0,1050,24,0.054684447249252,0.0292062026500999,0.0549669138318071,-0.00162654107652794,0.111991832932609
"06110",2010,30,0,0,0,0,1050,24,-0.00600397575711478,0.0390612895045271,-0.0063288392905694,-0.0856018129134231,0.06980635084622
"06110",2010,31,0,0,0,0,1050,24,-0.0562137227732326,0.0406840326521457,-0.056226371293795,-0.133187123990442,0.0226533707957518
"06110",2010,32,0,0,0,0,1050,24,0.0603099750390822,0.0670586727967172,0.0608838553783839,-0.0657645036903119,0.194481307808151
"06110",2010,34,0,0,0,0,1050,24,0.0704828826849042,0.113977204826632,0.0732002287703338,-0.149623916761689,0.299494878949649
"06110",2010,35,0,0,0,0,1050,24,0.109906049119786,0.664127443231493,0.0986521421825404,-1.20488130075187,1.43907194422897
"06110",2010,36,0,0,0,0,1050,24,-0.0291089398070195,0.0666993844673453,-0.0298476499509422,-0.165415997267913,0.0975864845373071
"06110",2010,37,0,0,0,0,1050,24,-0.0560500832274962,0.0595130865855327,-0.0566038930977207,-0.175132808217749,0.060832437024258
"06120",2010,5,0,0,0,0,1198,29,-0.0042153359980399,0.0896978102128607,-0.00595904264221746,-0.179173263390489,0.16956046204026
"06120",2010,9,0,0,0,0,1198,29,-0.0355469713186044,0.0314792276548278,-0.0351081718929131,-0.101352734306418,0.0261749638264103
"06120",2010,10,0,0,0,0,1198,29,0.0537345071795268,0.0860336845146179,0.0516429264980044,-0.108140226137882,0.224032629744593
"06120",2010,11,0,0,0,0,1198,29,0.0370185216154749,0.0320460842532412,0.0353563819980372,-0.0230913971391583,0.102130684369332
"06120",2010,12,0,0,0,0,1198,29,0.00316205522283609,0.0638402512877953,0.00259863442941001,-0.117490289393811,0.13387163003098
"06120",2010,13,0,0,0,0,1198,29,-0.0433250149592372,0.124891903803248,-0.0444856930011348,-0.288988417604193,0.212288564089698
"06120",2010,14,0,0,0,0,1198,29,0.0199263313177045,0.157816733946393,0.0123842377625189,-0.285419877869922,0.334513808916975
"06120",2010,15,0,0,0,0,1198,29,-0.0286020177050223,0.074671655125266,-0.0287131155424679,-0.179374935424734,0.117965197431864
"06120",2010,16,0,0,0,0,1198,29,0.0684166918787208,0.111353168511568,0.0662569684406747,-0.152521849857094,0.294275947053531
"06120",2010,17,0,0,0,0,1198,29,0.0107164030014326,0.0838428090245114,0.0118124876892004,-0.147386686531951,0.174852236143474
"06120",2010,18,0,0,0,0,1198,29,0.0187744999051873,0.041600925465427,0.0205303634865219,-0.062842717542133,0.0975579372253432
"06120",2010,19,0,0,0,0,1198,29,0.049710810114366,0.0473059916921916,0.0488159057115535,-0.0431569438969236,0.145211099759735
"06120",2010,20,0,0,0,0,1198,29,0.00454203046543428,0.215980270203781,0.00715616274129461,-0.401353364937086,0.428856029920335
"06120",2010,21,0,0,0,0,1198,29,0.098220493641653,0.0695675440727175,0.0970462665169538,-0.0454952248172372,0.235170132701833
"06120",2010,22,0,0,0,0,1198,29,-0.00891542183291395,0.02967049149236,-0.00873170024343465,-0.0661588359584109,0.0517436715633312
"06120",2010,23,0,0,0,0,1198,29,0.112294826615792,0.0581352455510268,0.112862875745996,-0.000661488801324361,0.221746838551584
"06120",2010,24,0,0,0,0,1198,29,0.144756531018154,0.0410139234386443,0.145344438383689,0.0636603522494632,0.224021321244567
"06120",2010,25,0,0,0,0,1198,29,0.00291049018763496,0.070081027076649,0.00146397947505709,-0.132967350802489,0.140496710604491
"06120",2010,26,0,0,0,0,1198,29,-0.0675238123230897,0.0895974496375949,-0.0686862527923247,-0.239610842490346,0.107611618004932
"06120",2010,27,0,0,0,0,1198,29,-0.00327031227173272,0.0650423836906359,-0.00452802441232614,-0.132701231809467,0.122434338349546
"06120",2010,28,0,0,0,0,1198,29,-0.109235599520872,0.0634664274389577,-0.108259054624392,-0.235005252335519,0.0158935641352044
"06120",2010,29,0,0,0,0,1198,29,0.0360916941810879,0.0869709519252799,0.0334763144244503,-0.133759025990177,0.211313279337556
"06120",2010,30,0,0,0,0,1198,29,-0.174354411545469,0.239356925164719,-0.173371947166192,-0.644620261212501,0.292820602156298
"06120",2010,32,0,0,0,0,1198,29,0.012551201902501,0.0364570680360109,0.0119422784450345,-0.0607722070318261,0.0837736239519902
"06120",2010,33,0,0,0,0,1198,29,-0.069246305350036,0.076640991389342,-0.0727777877489626,-0.216260823204647,0.0844907794707067
"06120",2010,34,0,0,0,0,1198,29,0.282899843745136,0.194681474872434,0.283221660188591,-0.0983587315311935,0.662558610710769
"06120",2010,35,0,0,0,0,1198,29,-0.018760947990069,0.0929223018659875,-0.016180486207789,-0.205592653799457,0.159282900288105
"06120",2010,36,0,0,0,0,1198,29,0.0102263872011729,0.101687187783811,0.00918394657619851,-0.190163127815728,0.210510443441683
"06120",2010,37,0,0,0,0,1198,29,-0.188881930626687,0.104363150071279,-0.188610494570955,-0.390770651927819,0.0142844240102534
"06130",2010,5,0,0,0,1,1769,30,-0.0505769007928409,0.0346091745637242,-0.0506599819100972,-0.117073389746361,0.0169144644427863
"06130",2010,9,0,0,0,1,1769,30,0.0307153544732202,0.0128372344498093,0.0302774977832778,0.00501775599687921,0.0550372340090594
"06130",2010,10,0,0,0,1,1769,30,-0.019606995100648,0.0454680413972933,-0.0202926161352963,-0.10964466358008,0.0714400700946257
"06130",2010,11,0,0,0,1,1769,30,-0.00803152750867648,0.0119313358585619,-0.0079659612907521,-0.0311404012774854,0.0152204581653448
"06130",2010,12,0,0,0,1,1769,30,0.0185209606554845,0.0231454824285366,0.01899505294759,-0.0259233458589163,0.0626885909602552
"06130",2010,13,0,0,0,1,1769,30,0.0187271294915736,0.023444937368132,0.019266817481681,-0.0274072556041268,0.0643528425120448
"06130",2010,14,0,0,0,1,1769,30,-0.0276022367647333,0.0356987599215118,-0.0271835408814068,-0.0978664199093968,0.0441185707495735
"06130",2010,15,0,0,0,1,1769,30,-0.0932669764757115,0.0302339984242259,-0.0932772144800866,-0.152624671127331,-0.0353715250432381
"06130",2010,16,0,0,0,1,1769,30,0.026616347192525,0.0492979838164801,0.0277244617955583,-0.0732293407805841,0.127051278715788
"06130",2010,17,0,0,0,1,1769,30,0.00247006547468628,0.0358963374610807,0.00197739535518658,-0.0684066551819456,0.071810543159187
"06130",2010,18,0,0,0,1,1769,30,-0.00659100798621553,0.0150847497299682,-0.00657192317272487,-0.0366422381083987,0.0225480243525304
"06130",2010,19,0,0,0,1,1769,30,0.0104490676334899,0.0155559961785244,0.0102048946781788,-0.0194576031556532,0.0413057800240791
"06130",2010,20,0,0,0,1,1769,30,0.125862368695635,0.0915334513321192,0.123666806400201,-0.0511217444718061,0.302954429974501
"06130",2010,21,0,0,0,1,1769,30,0.0146419792225345,0.0260208138773297,0.0141378063137456,-0.036134684166976,0.0638482004680167
"06130",2010,22,0,0,0,1,1769,30,-0.000440862503872713,0.00862765503668951,-0.000388494595105148,-0.0174126906448982,0.0167334435065069
"06130",2010,23,0,0,0,1,1769,30,-0.000929736509625939,0.0196012169416015,-0.000830747369837831,-0.0390703575396155,0.0375010269878364
"06130",2010,24,0,0,0,1,1769,30,0.00486684690936403,0.0101534465047287,0.00498575205377134,-0.0158939904726098,0.0246127985215033
"06130",2010,25,0,0,0,1,1769,30,0.00837742828885503,0.0183007636462085,0.00872254022529325,-0.0287933367868738,0.0448231598138072
"06130",2010,26,0,0,0,1,1769,30,-0.0165498164271045,0.0136673522881755,-0.0164034450627139,-0.0429921227962999,0.00942090041582717
"06130",2010,27,0,0,0,1,1769,30,0.0153109397703806,0.00923783345424632,0.0149735377945779,-0.00136188931909918,0.0345483426783733
"06130",2010,28,0,0,0,1,1769,30,0.00237281720351841,0.0107258059824382,0.00259091583601157,-0.0181528545899393,0.0238213270646373
"06130",2010,29,0,0,0,1,1769,30,0.0142934165762207,0.0139283523242511,0.014232710108151,-0.0133401651414816,0.0414126729667611
"06130",2010,30,0,0,0,1,1769,30,0.010953611578552,0.0144403076290116,0.0109085057811889,-0.0177743350021106,0.0396867033828288
"06130",2010,31,0,0,0,1,1769,30,-0.159292449276201,0.0627062992820533,-0.1584498009923,-0.287959899686071,-0.0412576983838742
"06130",2010,32,0,0,0,1,1769,30,0.032754800166827,0.0186782757715518,0.0325780063989696,-0.0039925253675086,0.0707968765782201
"06130",2010,33,0,0,0,1,1769,30,-0.00556791241809231,0.0491486460470024,-0.00635520116995059,-0.102458519652725,0.0903454563212149
"06130",2010,34,0,0,0,1,1769,30,-0.00548892111779501,0.109196760336527,-0.00500001054812863,-0.221534443840548,0.207332766196428
"06130",2010,35,0,0,0,1,1769,30,-0.0509073408614347,0.043253924846506,-0.0505398388921092,-0.134098002081808,0.0346219437920902
"06130",2010,36,0,0,0,1,1769,30,0.0254686164027993,0.040138251079369,0.0260519119290599,-0.0531129034260744,0.100134881435693
"06130",2010,37,0,0,0,1,1769,30,-0.146911143015592,0.0353408487414738,-0.146182723750459,-0.215221731846406,-0.0785638174253523
"06140",2010,5,0,0,0,0,1120,23,-0.0290311244962408,0.0577628554582332,-0.0290531120159383,-0.142235926554293,0.0853008983367104
"06140",2010,9,0,0,0,0,1120,23,-0.0209482953840809,0.0275558679997781,-0.0211174870779417,-0.0728335787443738,0.0345260426423107
"06140",2010,10,0,0,0,0,1120,23,-0.0279717046513205,0.0513916499705237,-0.0276022324756734,-0.129027155055755,0.0725138491008461
"06140",2010,11,0,0,0,0,1120,23,0.0177165337970259,0.0229620322604914,0.0178929556649972,-0.0265216400505878,0.0610474300942286
"06140",2010,12,0,0,0,0,1120,23,-0.0133743522105581,0.0317632913535229,-0.0139974384501123,-0.0747256946558795,0.0488340716969538
"06140",2010,13,0,0,0,0,1120,23,0.0454201917496815,0.0402183651665891,0.0446420869830055,-0.0322955727358094,0.121540784323596
"06140",2010,14,0,0,0,0,1120,23,0.0130364790403358,0.048211703415918,0.0112898170435223,-0.0803190706186348,0.105173771881358
"06140",2010,15,0,0,0,0,1120,23,0.0416453966244651,0.0649105261414801,0.0409572821326075,-0.088536949399388,0.166616297736839
"06140",2010,16,0,0,0,0,1120,23,0.187975542455506,0.0710833486160986,0.18802613235624,0.0517475771451915,0.331967399872884
"06140",2010,17,0,0,0,0,1120,23,-0.0178049522002096,0.066542378211554,-0.019083549508225,-0.14580384968479,0.112028574779031
"06140",2010,18,0,0,0,0,1120,23,-0.191567680435915,0.164178649980145,-0.189878688221485,-0.519996065339918,0.127758168713437
"06140",2010,19,0,0,0,0,1120,23,-0.0387291373337595,0.0485849301171828,-0.0380022542468956,-0.135239027381086,0.0569954080102722
"06140",2010,21,0,0,0,0,1120,23,-0.0968935117663368,0.195406303926907,-0.095477466063616,-0.477423190081551,0.283471638159961
"06140",2010,22,0,0,0,0,1120,23,0.0146054898558382,0.0265461984355613,0.0138535958781275,-0.037643395995647,0.0658791521542216
"06140",2010,23,0,0,0,0,1120,23,0.0368168452038292,0.0323550644957814,0.036694211011939,-0.0282429271796031,0.100154022295406
"06140",2010,24,0,0,0,0,1120,23,-0.00173748589111067,0.027976924728698,-0.00184970483694323,-0.055690501221798,0.0523876987198505
"06140",2010,25,0,0,0,0,1120,23,0.271401134448951,0.208010884707914,0.274196164897597,-0.128380974364307,0.667955446893619
"06140",2010,26,0,0,0,0,1120,23,-0.212837155508896,0.182769093611919,-0.21331406863348,-0.570905015391535,0.139137155981505
"06140",2010,27,0,0,0,0,1120,23,-0.00225509675283948,0.112163058724173,-0.00211028104469255,-0.21810574215859,0.223477382872846
"06140",2010,28,0,0,0,0,1120,23,-0.0331248085799199,0.0197560297840145,-0.0328499642630435,-0.0733364890256086,0.00393968614784158
"06140",2010,29,0,0,0,0,1120,23,0.0215575664956878,0.0393091233096443,0.0219886695193532,-0.0554203044850421,0.0987500493720822
"06140",2010,30,0,0,0,0,1120,23,-0.00734397405490948,0.0245300552581379,-0.00685237866435908,-0.0573821965689461,0.0410397897210023
"06140",2010,32,0,0,0,0,1120,23,0.0110200069430676,0.0265139442657988,0.0113058184393599,-0.0422288373862671,0.0619580964873315
"06160",2010,5,0,0,0,1,470,17,-0.037771383419291,0.321916654505783,-0.0280036462984481,-0.671588823673324,0.587942017904564
"06160",2010,9,0,0,0,1,470,17,0.0164158141115062,0.0571878466393629,0.0158673190171327,-0.0937835935866863,0.128492732331423
"06160",2010,10,0,0,0,1,470,17,-0.0285267840654855,0.236375808427422,-0.0304421470004173,-0.486105733053891,0.429455884308326
"06160",2010,11,0,0,0,1,470,17,0.0266213726408807,0.0552781332857455,0.0271841569551818,-0.0820728739541323,0.131136108238355
"06160",2010,12,0,0,0,1,470,17,-0.248184457817863,0.105496372598026,-0.250068122977035,-0.450751284120843,-0.040953903938617
"06160",2010,13,0,0,0,1,470,17,-0.00879667166452286,0.16853631933426,-0.00691567656543078,-0.340618766471976,0.320407143332608
"06160",2010,14,0,0,0,1,470,17,0.0417874496224384,0.246816635309808,0.0435474194688469,-0.435964530728911,0.532555993076519
"06160",2010,16,0,0,0,1,470,17,0.720710811780302,0.636110828017417,0.717874773427474,-0.525536007701871,1.99561744036221
"06160",2010,17,0,0,0,1,470,17,0.00181898867721397,0.186728872784125,0.00429123244614799,-0.353222057543341,0.363611062799753
"06160",2010,18,0,0,0,1,470,17,0.656670360616899,0.363297687179796,0.656944594616899,-0.031327053516445,1.36814122569979
"06160",2010,19,0,0,0,1,470,17,0.225986802838002,0.155628250546845,0.224304059445504,-0.0779436166944645,0.546925908766441
"06160",2010,22,0,0,0,1,470,17,0.0412965896313102,0.091208237674608,0.0413347268444036,-0.137619440933175,0.218017672203405
"06160",2010,23,0,0,0,1,470,17,0.118717283371673,0.0907836825013672,0.1218121728079,-0.0752371412375598,0.290188815295692
"06160",2010,24,0,0,0,1,470,17,-0.218922491858522,0.136076486901377,-0.222525190547674,-0.484388654331622,0.0388116631178263
"06160",2010,28,0,0,0,1,470,17,-0.173275733841872,0.166445422179953,-0.166653909828227,-0.513323312886423,0.14384346940932
"06160",2010,29,0,0,0,1,470,17,-0.087667339164591,0.465314671991455,-0.0826521944369825,-1.02793435816278,0.805583450201865
"06160",2010,30,0,0,0,1,470,17,-0.0138539598083572,0.094398879660214,-0.0127426244490014,-0.204609802501658,0.17198069643406
"06170",2010,5,0,0,0,0,1407,30,0.0116765284067504,0.112623700323283,0.00960524502334096,-0.201269758544216,0.230230724246833
"06170",2010,9,0,0,0,0,1407,30,0.0163840414880646,0.0324487897582998,0.0168995796290265,-0.0471391278731093,0.0797936237846004
"06170",2010,10,0,0,0,0,1407,30,-0.0472908409989147,0.0921184671419988,-0.047347352468171,-0.22880359153398,0.129148102343216
"06170",2010,11,0,0,0,0,1407,30,-0.0199158670962992,0.0540352742962882,-0.0210003546528737,-0.126042830866485,0.0868318297196485
"06170",2010,12,0,0,0,0,1407,30,0.0820232675921881,0.0780301183071623,0.0810449777200524,-0.0745974351524145,0.230413367276287
"06170",2010,13,0,0,0,0,1407,30,0.0820478598234729,0.088980330737841,0.0830772129701684,-0.0945800646095283,0.25015801090641
"06170",2010,14,0,0,0,0,1407,30,-0.189355607541574,0.201932389955656,-0.188292858771854,-0.589518291026265,0.195753517242997
"06170",2010,15,0,0,0,0,1407,30,-0.171882221057952,0.0758187350328069,-0.170296856736473,-0.3226981693059,-0.0295674535502271
"06170",2010,16,0,0,0,0,1407,30,-0.139625523134317,0.151833584838182,-0.140146821487568,-0.438275078868308,0.144453318919278
"06170",2010,17,0,0,0,0,1407,30,-0.101975895262397,0.108357957351512,-0.102932838378773,-0.315174430380574,0.101846576281336
"06170",2010,18,0,0,0,0,1407,30,0.0462125416051375,0.0673389509236996,0.0462191342009628,-0.0825477227649938,0.176183624624031
"06170",2010,19,0,0,0,0,1407,30,0.130182693949596,0.057200347185189,0.130411152836634,0.0212631253971539,0.244984691202264
"06170",2010,20,0,0,0,0,1407,30,-0.136274862206105,0.284453400988416,-0.13811819217114,-0.694339456645803,0.413384380167685
"06170",2010,21,0,0,0,0,1407,30,-0.0607035559916035,0.107840117139422,-0.0619957739260419,-0.271933606643249,0.149858747573072
"06170",2010,22,0,0,0,0,1407,30,0.00355765667521518,0.0270131086700775,0.00304372834376699,-0.0474204306355531,0.0558385493019988
"06170",2010,23,0,0,0,0,1407,30,-0.0373635611697062,0.0605055680173094,-0.0379451607795671,-0.159098103788109,0.0798041899329193
"06170",2010,24,0,0,0,0,1407,30,-0.0618128895429352,0.0284276849858561,-0.0628450406628268,-0.11546846934897,-0.00546176004714681
"06170",2010,25,0,0,0,0,1407,30,0.0686894619037562,0.0799628825686817,0.0684849281280884,-0.0881066854177361,0.227473443345541
"06170",2010,26,0,0,0,0,1407,30,-0.0336377744190559,0.0564766938217054,-0.0325232366367991,-0.144942368713472,0.07581769668113
"06170",2010,27,0,0,0,0,1407,30,0.0429931255119945,0.0264536298508644,0.0427889753044795,-0.0071281248689467,0.096932971884897
"06170",2010,28,0,0,0,0,1407,30,0.0864883941562867,0.0306530272620941,0.0853578196336692,0.026964751102069,0.148734911143555
"06170",2010,29,0,0,0,0,1407,30,-0.0418158684878325,0.0418667281067307,-0.0418091763553821,-0.122101680011953,0.0398602334942629
"06170",2010,30,0,0,0,0,1407,30,0.0113940931107931,0.0567274271745637,0.0113194694437844,-0.101061698842506,0.123062281633987
"06170",2010,31,0,0,0,0,1407,30,-0.120742400007382,0.0728781005161097,-0.120701914811892,-0.264001273200561,0.0227352091655644
"06170",2010,32,0,0,0,0,1407,30,-0.00788984853694013,0.0371342471934167,-0.00780867746540436,-0.0806989814834159,0.0643903200668561
"06170",2010,33,0,0,0,0,1407,30,-0.00175253484222255,0.0674237397329444,-0.00297887372347388,-0.136660383165494,0.132088790030289
"06170",2010,34,0,0,0,0,1407,30,-0.114106822286494,0.158964340052678,-0.109686478461464,-0.428111822443736,0.192232746562993
"06170",2010,35,0,0,0,0,1407,30,0.182840101895322,0.145440265449069,0.18017529447798,-0.0937679033369059,0.481126274331402
"06170",2010,36,0,0,0,0,1407,30,0.0149396793102207,0.123748421482068,0.0163864325726535,-0.2463257132264,0.253431886684237
"06170",2010,37,0,0,0,0,1407,30,0.0752752579347812,0.133059843534478,0.0733142828794509,-0.183382268932139,0.340097674819723
"07240",2010,11,0,0,0,0,245,7,-0.081681473684907,0.0253696132230847,-0.0813763564079555,-0.132742091210723,-0.0337936628736611
"07240",2010,12,0,0,0,0,245,7,0.0176120970885883,0.0430452717334794,0.0160730549450225,-0.065264244067653,0.103244838428789
"07240",2010,13,0,0,0,0,245,7,-0.628378539589701,0.376793619180955,-0.624348332238334,-1.41033773454864,0.0972618021048681
"07240",2010,17,0,0,0,0,245,7,0.288936773137354,0.662949220967371,0.247964265650435,-0.883437552018651,1.70947524271421
"07240",2010,19,0,0,0,0,245,7,0.218693691985015,0.312520112341187,0.213119994909179,-0.385667121204797,0.850026883662277
"07240",2010,22,0,0,0,0,245,7,0.0234794842764667,0.0659954159718491,0.0217623361665479,-0.101698050052689,0.149843564702351
"07240",2010,23,0,0,0,0,245,7,0.00555863186147256,0.0442163006815939,0.00524332650898461,-0.0836886502043778,0.0932576126029336
"07250",2010,5,0,0,0,0,228,17,0.0171688305577937,0.102065716287991,0.0153619443369677,-0.177420041816884,0.216531164267424
"07250",2010,9,0,0,0,0,228,17,-0.00197629814597728,0.0478311082819404,-0.000667717028652829,-0.0960732548117346,0.0842647099426009
"07250",2010,10,0,0,0,0,228,17,0.139180083479467,0.174629800796933,0.133637088485632,-0.183969791598614,0.495457453141159
"07250",2010,11,0,0,0,0,228,17,-0.0435193436594637,0.0331058781697387,-0.0436950608200507,-0.108177092143342,0.0206803289045705
"07250",2010,12,0,0,0,0,228,17,0.345323241742916,0.174928231181301,0.343211234792814,0.0167297161433908,0.705028472099366
"07250",2010,13,0,0,0,0,228,17,-0.210197917154829,0.37293577510044,-0.20965811276116,-0.927529498713435,0.525878324676061
"07250",2010,14,0,0,0,0,228,17,0.283823894648225,0.504311294638962,0.304981706498138,-0.733602917343876,1.27344110363031
"07250",2010,16,0,0,0,0,228,17,0.187032757558648,0.294116207062611,0.191827936188099,-0.386643019174465,0.753257285314187
"07250",2010,17,0,0,0,0,228,17,0.871503056608134,1.43915983086037,0.911985664951586,-1.98145540169953,3.76035157611978
"07250",2010,18,0,0,0,0,228,17,-0.022514471043162,0.301322301417149,-0.0194400615828419,-0.630701759850891,0.554957659994562
"07250",2010,19,0,0,0,0,228,17,0.130590229682972,0.200606718066648,0.133730569166588,-0.28134480380377,0.51776032033557
"07250",2010,22,0,0,0,0,228,17,-0.156777450389263,0.174778020559305,-0.157396014946385,-0.504330203517253,0.190566080893515
"07250",2010,23,0,0,0,0,228,17,-0.0216408210662007,0.139484708365081,-0.0204204854531768,-0.297693348271856,0.248404990271586
"07250",2010,30,0,0,0,0,228,17,0.0527120793715184,0.077123504001658,0.0536950413647421,-0.098723431119657,0.204596048236694
"07250",2010,32,0,0,0,0,228,17,0.120692185688787,0.0682965509455826,0.12207516440571,-0.0152568650140008,0.250037974368866
"07250",2010,33,0,0,0,0,228,17,-0.0767001635105598,0.141804062544242,-0.0762406976937193,-0.350743688231815,0.212104111140077
"07250",2010,37,0,0,0,0,228,17,1.15833624463707,0.505406343071539,1.15387160386599,0.181416886258065,2.16794219732696
"07660",2010,11,0,0,0,0,1323,20,0.00494819142713219,0.028017101103204,0.00545185770705257,-0.0510067728966943,0.0590920439143721
"07660",2010,12,0,0,0,0,1323,20,0.0225117713041879,0.0257192913715016,0.0219050771556761,-0.0295274205999289,0.0745959906497378
"07660",2010,13,0,0,0,0,1323,20,-0.0291667122427871,0.0260316949382678,-0.0285766202012676,-0.0802465640828649,0.0193863364137076
"07660",2010,14,0,0,0,0,1323,20,-0.0742742592697905,0.0563015094926168,-0.0753634271793655,-0.181294446550611,0.0350959771950511
"07660",2010,17,0,0,0,0,1323,20,0.0118799037468074,0.0708807724962616,0.0137335349736525,-0.12662139446935,0.143606072824286
"07660",2010,18,0,0,0,0,1323,20,0.018815256316819,0.161826335300608,0.0210537990304058,-0.291067366370135,0.33250277135578
"07660",2010,19,0,0,0,0,1323,20,-0.0575080127018355,0.0227700007830062,-0.0567081897167805,-0.104317503931298,-0.0144481903098752
"07660",2010,20,0,0,0,0,1323,20,-0.140935510641935,0.0788970825787425,-0.143001194285914,-0.289820716631346,0.00884570262822468
"07660",2010,21,0,0,0,0,1323,20,0.0329412237242271,0.0235210213978762,0.0327541637602136,-0.0120106384296654,0.0802313025077806
"07660",2010,22,0,0,0,0,1323,20,-0.00281045743968361,0.00937316276152401,-0.00269328028341539,-0.0214006733815105,0.0154195165297502
"07660",2010,23,0,0,0,0,1323,20,0.0498527360680031,0.0202040444926666,0.0494820131476244,0.00917356799231659,0.0898551589037764
"07660",2010,24,0,0,0,0,1323,20,0.00369053509674708,0.00788885454110579,0.00373840160598758,-0.0118959435021148,0.0192197770175716
"07660",2010,25,0,0,0,0,1323,20,0.000416426002830715,0.0164101298793106,0.000556067909110233,-0.0327268038478038,0.0316660634318639
"07660",2010,26,0,0,0,0,1323,20,0.0155615993309056,0.0142158907158223,0.0153666389065578,-0.0114596510012159,0.0439889776668396
"07660",2010,27,0,0,0,0,1323,20,0.00146280525098677,0.00786977080092753,0.00159758456725596,-0.0141126860899852,0.0167488721260242
"07660",2010,28,0,0,0,0,1323,20,0.00336510883018225,0.010476948146817,0.00349406815798621,-0.0165113719324542,0.0234190451603415
"07660",2010,29,0,0,0,0,1323,20,0.0164218871457316,0.0123058414170533,0.0166772667139329,-0.00747932398940192,0.0405145564105329
"07660",2010,30,0,0,0,0,1323,20,-0.00153976323594785,0.0160860655746184,-0.00158048445712937,-0.0334538961127063,0.0311194291354093
"07660",2010,31,0,0,0,0,1323,20,-0.027718174142875,0.0203480615139044,-0.0282290340126602,-0.0663533376328537,0.0138388655156033
"07660",2010,37,0,0,0,0,1323,20,0.0159112818013676,0.0666199369137218,0.0163280847278505,-0.112624464641696,0.144034845004326
