"aou","year","comp_med","comp_low90","comp_upp90","n_diverg","rhat_high"
"02610",1985,4.91844181778551,3.85904885556299,6.45181853020513,0,0
"02610",1986,6.44459488329774,4.90561714935616,9.33993806778447,0,0
"02610",1987,6.55585419088028,4.97304544303174,9.31977936745376,0,0
"02610",1988,4.72737055548202,3.73716288311175,6.088326499793,0,0
"02610",1989,5.50551494557466,4.32950334282276,7.19054487178273,0,0
"02610",1990,6.646447140905,5.09398897019214,8.78835578324153,0,0
"02610",1991,7.96425677999128,6.06602248848522,10.6001412441895,0,0
"02610",1992,6.51101291818767,5.10431908648674,8.51909248004528,0,0
"02610",1993,5.23607115529997,4.04014907329805,6.89548813716338,0,0
"02610",1994,4.88175787502649,3.75751167642739,6.43552780975118,0,0
"02610",1995,4.22861924858479,3.31864013564059,5.58219277025356,0,0
"02610",1996,4.46179568538749,3.53827321585533,5.86999613292087,0,0
"02610",1997,4.18678876217785,3.32769966791408,5.38516428643794,0,0
"02610",1998,5.30016997459772,4.18873964422606,6.87605077594139,0,0
"02610",1999,4.75484825796275,3.77414266636356,6.09613183318624,0,0
"02610",2000,5.41353040315313,4.32169166050388,6.89181865595834,0,0
"02610",2001,4.70275131823831,3.76029499438366,5.96396101911676,0,0
"02610",2002,4.80674410780862,3.87733804513704,6.16855979502386,0,0
"02610",2003,5.55650861434382,4.46586579555742,7.03809533011806,0,0
"02610",2004,4.56986690092577,3.64672032139938,5.83317984570429,0,0
"02610",2005,4.30537171422508,3.392286874332,5.6619190525577,0,0
"02610",2006,4.78643736871751,3.78960270006624,6.14398839904204,0,0
"02610",2007,4.44689660898774,3.60297037834471,5.70376352066177,0,0
"02610",2008,5.29690702531556,4.16256645340741,6.80590405365641,0,0
"02610",2009,4.59226023450631,3.71174023634824,5.80120252527852,0,0
"02610",2010,4.83150330456606,3.84478526585641,6.21392466354464,0,0
"02610",2011,5.17243311567803,4.08495305651514,6.70760829269273,0,0
"02610",2012,4.69434891201166,3.8181487341565,5.84268637391088,0,0
"02610",2013,4.23402964202467,3.45919196125631,5.3930226828159,0,0
"02610",2014,3.9513194455669,3.16696432982309,5.02052543396405,0,0
"02640",1985,3.12920021265352,1.95189552996514,5.6794377795753,0,0
"02640",1986,4.30051227319722,2.83633526920601,6.97429800784519,0,0
"02640",1987,2.90450237391166,1.87128181780985,4.69907943888878,0,0
"02640",1988,4.86773521243194,2.89086384029602,10.1805042661544,0,0
"02640",1989,2.94633039137203,1.93707847628479,5.08719124058804,0,0
"02640",1990,3.47124840459435,1.94880804601088,13.8065890955497,0,0
"02640",1991,4.1906336478548,2.04322610981302,20.8569850203615,0,0
"02640",1992,2.81635071727997,1.80533054660573,5.70951740051468,0,0
"02640",1993,7.44992464959812,2.7768969546869,60.6205716485688,0,0
"02640",1994,2.30569969258102,1.61418293219364,3.32566836725698,0,0
"02640",1995,2.6486795747116,1.81863160792437,5.1884278905664,0,0
"02640",1996,2.39043525088701,1.76257913666258,3.48430438007402,0,0
"02640",1997,2.8156118327941,1.87972230340203,5.42559324783368,0,0
"02640",1998,2.64393897353668,1.80082053419682,4.65344856118187,0,0
"02640",1999,2.5424916758459,1.74056570010149,4.23458748319457,0,0
"02640",2000,1.92584732900646,1.3517363751716,2.93689319030179,0,0
"02640",2001,2.31837566254264,1.6061185007264,4.03168783258283,0,0
"02640",2002,2.86663212826423,2.06004082688043,4.19170426548017,0,0
"02640",2003,2.28561792278057,1.61293099181808,4.31363391764995,0,0
"02640",2004,2.24549767208308,1.63116436776476,3.37212993878325,0,0
"02640",2005,3.15809843901846,2.29342585985879,4.74267890079983,0,0
"02640",2006,2.87433230228693,2.06713301688139,4.26128213549295,0,0
"02640",2007,2.12216561849022,1.53937823356405,3.05352647215978,0,0
"02640",2008,2.90625057144125,1.99679597369293,4.48309062072034,0,0
"02640",2009,3.26231121194541,2.30798561547833,4.87551127004427,0,0
"02640",2010,2.55023793289757,1.77066488271457,3.9697211711249,0,0
"02640",2011,2.0950655394831,1.48504309287547,3.30181378951614,0,0
"02640",2012,2.81850945873988,1.98491211635025,4.20562789290979,0,0
"02640",2013,3.80397928729033,2.6350970674194,5.8823458727846,0,0
"02640",2014,2.43463047287197,1.70012617326215,3.84359959081983,0,0
"02730",1985,10.2925015587561,9.40071304328493,11.4916441001191,0,0
"02730",1986,9.93453053845413,9.23918902589928,10.8027187297735,0,0
"02730",1987,11.3552047709848,10.4686031936243,12.5075209255128,0,0
"02730",1988,9.36790659888368,8.66045508153221,10.3636972894403,0,0
"02730",1989,9.00875878966568,8.4075699739802,9.83409391196677,0,0
"02730",1990,7.77748700351739,7.34135578315499,8.29109787473166,0,0
"02730",1991,7.47478487010936,7.04049274686626,7.9845814184347,0,0
"02730",1992,7.24924360683005,6.83505497192903,7.76096031623526,0,0
"02730",1993,7.78145774939281,7.36729008471285,8.24368360011875,0,0
"02730",1994,8.49266860892606,8.00186632117029,9.02536028192818,0,0
"02730",1995,8.61791818442185,8.11486396018128,9.16047535834326,0,0
"02730",1996,7.97908640381862,7.54568562174633,8.45367222750787,0,0
"02730",1997,8.1231547098302,7.67970119087737,8.62751569679885,0,0
"02730",1998,8.33848588400559,7.84220575785459,8.89952060687809,0,0
"02730",1999,8.82305116017213,8.27500924985369,9.49347862304617,0,0
"02730",2000,8.52628535668695,7.94532943334139,9.17126041437789,0,0
"02730",2001,7.38050030854168,6.91263276870965,7.9596584360746,0,0
"02730",2002,7.59884609948011,7.03206074230333,8.35810608247589,0,0
"02730",2003,7.80708670716831,7.22613894674497,8.49998236701603,0,0
"02730",2004,7.71934839268674,7.17560380111387,8.36351692809476,0,0
"02730",2005,8.15045267664931,7.6455379927178,8.79763440802861,0,0
"02730",2006,7.69608669470873,7.08349310079395,8.50415521193259,0,0
"02730",2007,7.55124307576028,7.07796447070799,8.07479257825975,0,0
"02730",2008,7.70148812716776,7.15171811234763,8.3530109304046,0,0
"02730",2009,7.59851470149579,7.12607526388567,8.1857247356551,0,0
"02730",2010,8.05823691150482,7.56605342542119,8.68230461521536,0,0
"02730",2011,7.12395857426044,6.62519242855601,7.7082373833473,0,0
"02730",2012,7.28026249908519,6.74832048813223,7.8927057172537,0,0
"02730",2013,6.84181425109721,6.3727794739303,7.38390800140497,0,0
"02730",2014,6.23411067975156,5.82725811966257,6.70139161882485,0,0
"04200",1985,4.16224882125132,3.5163479241711,5.04232654986434,0,0
"04200",1986,5.45841289859778,4.60366971869836,6.86665201515361,0,0
"04200",1987,3.99107594015143,3.50092332879618,4.63315659802829,0,0
"04200",1988,4.50528636868449,3.95085529669804,5.14377776394896,0,0
"04200",1989,3.32059456043009,2.92260005561582,3.84511805571072,0,0
"04200",1990,3.30041937255411,2.9160628064117,3.75810187794646,0,0
"04200",1991,3.54876023874872,3.11114158394921,4.21434535719754,0,0
"04200",1992,3.68310874348669,3.24929769793489,4.2074920136506,0,0
"04200",1993,3.07781719090302,2.72868180783836,3.48733276110591,0,0
"04200",1994,3.29062617141568,2.95835166154332,3.68575194393552,0,0
"04200",1995,2.51037065187694,2.25327965324477,2.83810339098322,0,0
"04200",1996,2.7828060040096,2.52094461413944,3.11609056173443,0,0
"04200",1997,2.76386653338206,2.471740007236,3.20644093011131,0,0
"04200",1998,2.17471893432907,1.96227804169654,2.43349382523014,0,0
"04200",1999,2.4155922083551,2.17487996869174,2.69196311677072,0,0
"04200",2000,2.56000526799423,2.2762747406171,2.87654208632012,0,0
"04200",2001,2.34969441968211,2.11066686803707,2.62332821361608,0,0
"04200",2002,2.41622372963232,2.19596341206717,2.6801672581251,0,0
"04200",2003,2.51693533290103,2.26840277932208,2.81197994982003,0,0
"04200",2004,2.37092017230986,2.13229761764637,2.64362232166317,0,0
"04200",2005,2.0518996246348,1.85478311818853,2.29358586842568,0,0
"04200",2006,2.47279174548701,2.22963659459477,2.75195394222993,0,0
"04200",2007,2.34790235482533,2.1021758706116,2.65787970845213,0,0
"04200",2008,2.06175442312484,1.84656555945235,2.30986754251777,0,0
"04200",2009,1.86720816248219,1.68351825284252,2.07640146743245,0,0
"04200",2010,1.90318054901507,1.70575458599003,2.15460477375687,0,0
"04200",2011,1.7623166866502,1.5776694818518,1.99341904043063,0,0
"04200",2012,1.94630499221896,1.73567956210349,2.20925314938687,0,0
"04200",2013,1.97477228216048,1.77537072074253,2.21941006090682,0,0
"04200",2014,1.915491101322,1.69786904868354,2.20666219001914,0,0
"04230",1985,8.08552039699311,7.59313985099536,8.65660496347913,0,0
"04230",1986,7.63344951508795,7.18703465723444,8.11710074099469,0,0
"04230",1987,7.80437145412705,7.36530297204449,8.26319140484977,0,0
"04230",1988,7.51715170668525,7.10900185217283,7.97151308401163,0,0
"04230",1989,6.69513387421623,6.32365624052833,7.10118806752391,0,0
"04230",1990,7.00558528417884,6.60767742882383,7.41579919088801,0,0
"04230",1991,7.16061132503763,6.77990880845024,7.60047215126202,0,0
"04230",1992,6.89326188313021,6.5230336979843,7.28868717240039,0,0
"04230",1993,6.51157919953024,6.15145327524352,6.89772572579609,0,0
"04230",1994,6.47903794782154,6.13339784109134,6.84876036387603,0,0
"04230",1995,6.65304504975761,6.2968260204486,7.01090344722718,0,0
"04230",1996,6.19309975248458,5.87002937159871,6.51882515602843,0,0
"04230",1997,5.78578798433343,5.4833113361018,6.1025585970145,0,0
"04230",1998,5.30416655413545,5.01165731114142,5.60419271568967,0,0
"04230",1999,5.11083023130149,4.82184232541491,5.44948296959012,0,0
"04230",2000,5.24628378386387,4.95096580951316,5.55441328988407,0,0
"04230",2001,5.08704003069142,4.81012542058507,5.39755130946873,0,0
"04230",2002,5.2927348735271,5.01308950616847,5.6136399957933,0,0
"04230",2003,4.50956398192894,4.28250384334539,4.76335394369909,0,0
"04230",2004,4.49169875129448,4.23861585040292,4.85506035439367,0,0
"04230",2005,4.55489371614393,4.31148934802941,4.81113124241269,0,0
"04230",2006,3.29688441708382,3.12317190496431,3.48638765198179,0,0
"04230",2007,3.36186739774683,3.18435965895253,3.55690889006397,0,0
"04230",2008,3.4827528194507,3.29578987506444,3.68185926046482,0,0
"04230",2009,3.39325339020894,3.21507534338713,3.59354071422981,0,0
"04230",2010,3.35627667906722,3.17441432480967,3.54524733565371,0,0
"04230",2011,3.22819604855275,3.05816091462452,3.41600129551576,0,0
"04230",2012,2.99255034793861,2.83063411968551,3.17994740730461,0,0
"04230",2013,2.79101850178534,2.6416534782357,2.95950855300308,0,0
"04230",2014,2.98814991595163,2.81751366102935,3.19686207409931,0,0
"04430",1985,8.6766076445103,7.50766609279289,10.1114246012692,0,0
"04430",1986,9.64210338242565,8.34176174891593,11.2698288465903,0,0
"04430",1987,9.06312421471821,7.92100184879272,10.3550528955288,0,0
"04430",1988,9.01718617108948,7.8139985822394,10.4755382664571,0,0
"04430",1989,8.58968014944335,7.39557505241527,10.0114539089014,0,0
"04430",1990,7.97581152152334,6.90248942827878,9.26447326657211,0,0
"04430",1991,8.34558410595027,7.24490739373596,9.73036967290864,0,0
"04430",1992,8.69390262694599,7.62869703022698,10.0434662968141,0,0
"04430",1993,8.30013631611708,7.25285202823493,9.59337111381603,0,0
"04430",1994,8.29775486411547,7.29725667662102,9.54630972838501,0,0
"04430",1995,7.97401938468301,7.00908316915191,9.17123511452417,0,0
"04430",1996,7.19331327831942,6.33170602056277,8.20780465676366,0,0
"04430",1997,8.0286554077835,7.06123631220737,9.1603985130544,0,0
"04430",1998,8.67244505908352,7.64795073326997,9.93108266392157,0,0
"04430",1999,7.79277070704082,6.87425512253658,8.86749163416251,0,0
"04430",2000,8.12763882199909,7.14764955450297,9.2838708793604,0,0
"04430",2001,8.02825343516227,7.10894828657517,9.1571211568168,0,0
"04430",2002,8.26536230668763,7.33908072278283,9.39749255376334,0,0
"04430",2003,8.69334955170376,7.65621436089924,9.94720643621029,0,0
"04430",2004,8.95584658648141,7.94672577429547,10.2901571083713,0,0
"04430",2005,8.90847417651559,7.90581477614354,10.1305044392233,0,0
"04430",2006,8.52871807993304,7.55142972107685,9.69449606937618,0,0
"04430",2007,8.15839600095359,7.21111468481565,9.24924707789866,0,0
"04430",2008,6.93462684383553,6.10443515088395,7.93630967771095,0,0
"04430",2009,7.57057525973031,6.73814539473583,8.62890956224905,0,0
"04430",2010,6.96563476903487,6.15987824754227,7.98257800499535,0,0
"04430",2011,7.06732963726294,6.25053181763282,8.07247184072762,0,0
"04430",2012,6.98118963148547,6.21059433278822,7.94452766837278,0,0
"04430",2013,7.26965440131142,6.42181072003718,8.2770994062024,0,0
"04430",2014,7.84208941935655,6.98254239423072,8.88197764150079,0,0
"04440",1985,5.93170502174559,5.48055277412689,6.50643964007852,0,0
"04440",1986,6.56186731266745,6.09024714617683,7.12883781547689,0,0
"04440",1987,5.95591340567084,5.5445010025807,6.42188792456831,0,0
"04440",1988,6.26518699091471,5.83463385274752,6.78026989812276,0,0
"04440",1989,6.21163377569883,5.80520744759961,6.74714943064152,0,0
"04440",1990,6.34268462114049,5.89519292663958,6.88500505780006,0,0
"04440",1991,6.84747656050375,6.29572474489446,7.47123323184013,0,0
"04440",1992,7.03464424544554,6.49593095214592,7.67106927826314,0,0
"04440",1993,6.04856569844264,5.61441350547059,6.57502065749655,0,0
"04440",1994,4.66126452191732,4.37353459779177,4.98751268279776,0,0
"04440",1995,5.24722050752457,4.88363997925649,5.65656373938669,0,0
"04440",1996,4.87903956820299,4.54210499801732,5.25174629197136,0,0
"04440",1997,5.04293607409161,4.69212144701914,5.46294958042117,0,0
"04440",1998,4.84249207777429,4.52527661329391,5.22357769233048,0,0
"04440",1999,4.51348562247791,4.20525168565955,4.84307232442938,0,0
"04440",2000,4.85422745153007,4.54860434235768,5.19561495135085,0,0
"04440",2001,4.8705788786007,4.56908069212972,5.22687577132085,0,0
"04440",2002,4.83867214245096,4.47793875952835,5.31986467216655,0,0
"04440",2003,4.98231872981116,4.6656780681959,5.3496154837637,0,0
"04440",2004,4.87682608221022,4.56742715077465,5.2147242605403,0,0
"04440",2005,4.01471026461765,3.7642844955908,4.2919056799567,0,0
"04440",2006,4.29623338858261,4.02857901145496,4.62688733271995,0,0
"04440",2007,4.66997006001809,4.35732111499971,5.02808327263767,0,0
"04440",2008,4.30724054951703,4.02197714147618,4.67699328833511,0,0
"04440",2009,3.88987644568514,3.65015255427654,4.19037550820335,0,0
"04440",2010,3.59503233347982,3.36130326004667,3.86598588734966,0,0
"04440",2011,3.69532806182138,3.45243055137566,3.98030963782571,0,0
"04440",2012,3.92404775152195,3.67604517638827,4.20125686223015,0,0
"04440",2013,3.99242861518605,3.72581647519305,4.30592796484431,0,0
"04440",2014,3.58724495529079,3.32670000436376,3.90734765312673,0,0
"04470",1985,10.0648317962636,8.89699726430667,11.6153258398908,0,0
"04470",1986,10.2561072153837,9.08007244644475,11.6200854038983,0,0
"04470",1987,9.55740959833764,8.5953669259426,10.7484254175735,0,0
"04470",1988,8.10055107061918,7.24488893686984,9.05578746575765,0,0
"04470",1989,8.69390153979853,7.79776638390995,9.70059135953061,0,0
"04470",1990,8.92596139164993,8.01300977119028,9.9808118535247,0,0
"04470",1991,9.58912655737302,8.5099793333346,10.8379234032745,0,0
"04470",1992,10.3462354346476,9.20760439857018,11.6027672821788,0,0
"04470",1993,9.36198852541877,8.43006831717048,10.4248319084516,0,0
"04470",1994,8.59514622090272,7.79556601991743,9.48473549104805,0,0
"04470",1995,7.88810729636229,7.16931604513613,8.69025338471678,0,0
"04470",1996,8.09313563697822,7.33306544456121,8.97672741213293,0,0
"04470",1997,7.81018390387728,7.06688359335866,8.57754182506595,0,0
"04470",1998,8.2978763810995,7.52039054895005,9.19137881429652,0,0
"04470",1999,8.30823443910623,7.59389251786411,9.23393080424421,0,0
"04470",2000,9.1150424146003,8.2658355460674,10.0940991443113,0,0
"04470",2001,9.31654611242857,8.48824768521607,10.2888717688145,0,0
"04470",2002,9.78704140150331,8.85503654780197,10.8345554692383,0,0
"04470",2003,10.5504089404831,9.60756895181897,11.6247697350445,0,0
"04470",2004,10.620441729357,9.64110313657351,11.715538713436,0,0
"04470",2005,9.05113173777826,8.28364305738174,9.96933503304482,0,0
"04470",2006,11.1968947561807,10.1784562305269,12.4238961232572,0,0
"04470",2007,10.277125096418,9.35426518687186,11.3200896437171,0,0
"04470",2008,10.3813421736177,9.40587487574785,11.4871773480829,0,0
"04470",2009,9.58907272042855,8.72534030619936,10.5865434493851,0,0
"04470",2010,9.14452780752418,8.28651617377153,10.0930884281162,0,0
"04470",2011,9.00235802667915,8.17847815690799,9.96701054728366,0,0
"04470",2012,8.77944379764075,8.00456596007564,9.75039177529105,0,0
"04470",2013,8.92717054269057,8.10773057409103,9.87575686589588,0,0
"04470",2014,8.56038209001997,7.76619366900133,9.49819297736968,0,0
"04660",1985,1.26427946213041,1.039448701139,1.73212525176575,0,0
"04660",1986,1.27441612365066,1.09732753154335,1.50031836055428,0,0
"04660",1987,1.12695299063778,0.996882143758625,1.3026318674033,0,0
"04660",1988,1.20256727920385,1.03702621258129,1.47369730639539,0,0
"04660",1989,1.13662178080083,0.996826252769103,1.30016851019617,0,0
"04660",1990,1.15053730862908,1.01929397822861,1.30424479710842,0,0
"04660",1991,1.09779908362426,0.959522779520402,1.24802579717249,0,0
"04660",1992,1.13893758964561,1.00364580294811,1.30909554183491,0,0
"04660",1993,0.976358785714158,0.860954748937397,1.15645170661196,0,0
"04660",1994,0.971875881961154,0.859798704737015,1.11923613018299,0,0
"04660",1995,0.905931334266598,0.80365476330898,1.04213932150489,0,0
"04660",1996,0.95208971694366,0.843297077744909,1.10540794849375,0,0
"04660",1997,1.06797408908537,0.955095943418258,1.21509038138306,0,0
"04660",1998,0.951202823572473,0.843369031176008,1.08509867580591,0,0
"04660",1999,0.976414462232423,0.863672790555405,1.15231708488686,0,0
"04660",2000,0.923607205110329,0.817225708214316,1.05598453408662,0,0
"04660",2001,1.05435622716065,0.937528204794969,1.19558963931192,0,0
"04660",2002,0.969112331832284,0.855947580119012,1.10866871462258,0,0
"04660",2003,1.10635721659442,0.976847576897826,1.34016052365457,0,0
"04660",2004,1.01282800764864,0.884195550890035,1.18290161419758,0,0
"04660",2005,1.08028363465804,0.95951445496399,1.24274210985432,0,0
"04660",2006,1.0653893934923,0.950749543793955,1.22069918178195,0,0
"04660",2007,1.04847501201675,0.935835398512486,1.19912392005694,0,0
"04660",2008,1.0782438446496,0.951962262306704,1.23525632388762,0,0
"04660",2009,1.0166765990675,0.899407658683846,1.15568406219419,0,0
"04660",2010,0.897951327800747,0.800689320091427,1.02210757941676,0,0
"04660",2011,0.985517358779649,0.86863775765591,1.14028366168447,0,0
"04660",2012,1.00044921574695,0.873119105589174,1.16641167245955,0,0
"04660",2013,0.945322148002282,0.833005383380584,1.08988472078034,0,0
"04660",2014,1.02503680430858,0.891684820541141,1.20165251053226,0,0
"04940",1985,12.5014624812712,9.23207030976302,19.7197952319234,0,0
"04940",1986,11.6649448633143,8.86391404670334,16.9317305777923,0,0
"04940",1987,12.1479192368982,8.51455963440832,19.4028310108613,0,0
"04940",1988,9.87338177926546,7.28435549776846,14.895861581358,0,0
"04940",1989,13.0808277123285,9.1082385646582,22.4076640152733,0,0
"04940",1990,14.9061325373828,10.7256696841,22.6051855819811,0,0
"04940",1991,13.2007331785588,9.41944152862085,20.7019619110554,0,0
"04940",1992,13.4776004589472,9.53068055338967,21.5102661009297,0,0
"04940",1993,13.4386735357189,10.0055584153952,20.1865236352114,0,0
"04940",1994,13.1951258163841,10.0074645830395,18.8843786749954,0,0
"04940",1995,14.3249941768948,10.4883394847925,21.3412774417152,0,0
"04940",1996,14.5392753065269,10.8938750129598,20.670746360037,0,0
"04940",1997,17.0283498756001,12.3596716419252,25.451534449385,0,0
"04940",1998,15.8691242809951,11.4128482206273,24.0843938327878,0,0
"04940",1999,13.9298914899603,10.4139953290955,20.2709466976448,0,0
"04940",2000,11.9736089606538,8.89749336363641,17.0852215839809,0,0
"04940",2001,15.0464755958363,11.1508578749702,21.9192563102784,0,0
"04940",2002,13.6039642171568,9.48003861594611,22.0572788979302,0,0
"04940",2003,14.610897402739,11.0646127208037,20.6111469436333,0,0
"04940",2004,15.3784361272745,11.5605866917892,22.628735405863,0,0
"04940",2005,12.1926924562117,9.10299426958183,17.455994487548,0,0
"04940",2006,15.9439279547158,10.6434894565145,25.2351919312235,0,0
"04940",2007,16.1406611814503,11.4468660331258,24.6504174999892,0,0
"04940",2008,14.3625410379953,10.4636186282775,21.3132996876888,0,0
"04940",2009,15.3841141773184,10.8367478205958,24.397794309009,0,0
"04940",2010,12.7169598690745,9.18240064910318,19.0533418867228,0,0
"04940",2011,15.9695627550173,11.1364823377356,24.6223975622265,0,0
"04940",2012,10.706532488192,7.97093231294103,15.6012766850569,0,0
"04940",2013,11.778209933233,8.7463955638587,16.9398662737559,0,0
"04940",2014,12.5628397533609,9.14574096934943,18.4036497542965,0,0
"04970",1985,60.478594359557,38.2536231056043,149.036372393087,0,0
"04970",1986,72.1104398412226,44.6259124173812,120.41088176558,0,0
"04970",1987,53.6979669630937,34.5327965939011,89.1555414594423,0,0
"04970",1988,48.46249968882,32.1794856096604,92.3757050777307,0,0
"04970",1989,45.3517007504202,31.4799034516298,69.7684392678052,0,0
"04970",1990,42.2596808446073,28.0807447658019,95.2232433107941,0,0
"04970",1991,25.8891089984917,17.9006335012792,39.8436658139887,0,0
"04970",1992,22.8881686031017,16.0046767705727,33.5399283570004,0,0
"04970",1993,38.8285379530053,26.7466894069056,58.3623044031505,0,0
"04970",1994,40.9566002729069,26.786436124587,65.7287186697973,0,0
"04970",1995,43.525950733432,28.26902327792,71.0023750917581,0,0
"04970",1996,41.9922891895995,26.3784752890342,70.3016437107962,0,0
"04970",1997,49.0867939029889,31.8740707095682,85.3747148632072,0,0
"04970",1998,39.6520286008903,26.3054239950318,64.9823485700873,0,0
"04970",1999,50.8304086801844,33.5535314852872,81.9897549755567,0,0
"04970",2000,39.1403775358471,26.6010652836331,61.7138451740823,0,0
"04970",2001,45.4374499900697,28.8890104608683,75.8638025949945,0,0
"04970",2002,37.8603730974758,23.7760581002041,72.3558202520917,0,0
"04970",2003,39.3419172717264,25.9834710397645,64.0314290207812,0,0
"04970",2004,32.250374697457,20.3522402913954,53.4300810704044,0,0
"04970",2005,38.0307981739509,22.6536965231657,119.334857148229,0,0
"04970",2006,27.7802682930433,17.2337240238983,52.5603358924871,0,0
"04970",2007,34.3092181743542,21.6505632701556,56.7734487072096,0,0
"04970",2008,35.7025078295983,22.6676830900297,68.7272732875789,0,0
"04970",2009,35.7806986637169,23.4146348281681,56.4169153479932,0,0
"04970",2010,44.8747060685543,28.0470135219255,73.9484481404644,0,0
"04970",2011,38.6128661733909,24.3468548667579,63.8853707247348,0,0
"04970",2012,33.190264534422,21.8330906031528,52.9724251915951,0,0
"04970",2013,37.4848965377352,24.1478959231994,61.484473897618,0,0
"04970",2014,34.2055000143178,22.2510913752392,55.6765316499276,0,0
"05010",1985,23.2010737332751,21.5440777180379,25.1184439297068,0,0
"05010",1986,26.1905901016667,24.3776567111355,28.2782742331709,0,0
"05010",1987,26.1331555562371,24.3889481937375,28.1926786460793,0,0
"05010",1988,24.4890489740539,22.9343270867018,26.3737178618957,0,0
"05010",1989,22.5009281855978,20.9752276431512,24.1808763393433,0,0
"05010",1990,23.0210244808828,21.5289083027647,24.7607924602355,0,0
"05010",1991,21.7574697501699,20.355072793561,23.4240377427967,0,0
"05010",1992,21.7109204902776,20.2727932051703,23.2514794561034,0,0
"05010",1993,20.9073107874937,19.5680122093529,22.4288509771159,0,0
"05010",1994,20.6079999034855,19.2838269675435,22.2111356422189,0,0
"05010",1995,19.4464034142217,18.1894667125641,20.9446517283812,0,0
"05010",1996,17.3947832937068,16.2403705408819,18.6634486876494,0,0
"05010",1997,17.2423792128445,16.0811463313145,18.486965339249,0,0
"05010",1998,17.0002031062773,15.8758298072936,18.4980687907442,0,0
"05010",1999,14.962170628472,13.9740776549045,16.1259947479326,0,0
"05010",2000,14.9557236294277,13.9557081569506,16.1279072121054,0,0
"05010",2001,12.510044025492,11.6414642858212,13.4325678789381,0,0
"05010",2002,13.7366279951535,12.8515771471547,14.766203641072,0,0
"05010",2003,13.080017295654,12.2470407185912,14.1082592878497,0,0
"05010",2004,13.2476146855874,12.3746172271962,14.2807504758192,0,0
"05010",2005,13.6748740349595,12.7872083110451,14.7537919851314,0,0
"05010",2006,12.8721308975956,12.0327740465331,13.8580930628768,0,0
"05010",2007,11.8067596615322,11.055285281774,12.6492545974682,0,0
"05010",2008,11.0427274060072,10.3442628946815,11.873523962513,0,0
"05010",2009,11.944137622216,11.1786351431041,12.8414644126087,0,0
"05010",2010,10.8904424444666,10.1854905670877,11.6818668266903,0,0
"05010",2011,9.97831956962627,9.3259782001095,10.7373931959287,0,0
"05010",2012,9.34099720901695,8.7309512376975,10.0221488713124,0,0
"05010",2013,9.77053071068395,9.1400768458684,10.4969383419008,0,0
"05010",2014,9.43426145080437,8.79495132041514,10.1856731577748,0,0
"05011",1985,97.099769886997,88.1578059691994,106.931113612612,0,3
"05011",1986,108.81471716049,99.0923659158228,119.438971537272,0,3
"05011",1987,111.863012541221,101.755748525498,123.10096777084,0,3
"05011",1988,105.630754508618,95.5139887768923,116.060185307941,0,3
"05011",1989,98.6508435945975,89.6382226861521,108.684148512195,0,3
"05011",1990,97.6776758875889,88.6719993500289,107.387026574842,0,3
"05011",1991,104.374984378148,94.6899315318465,115.700267002748,0,3
"05011",1992,103.654259189753,94.1149025698578,114.189441032501,0,3
"05011",1993,99.7647169945387,90.9573474532581,109.902386390014,0,3
"05011",1994,92.5076769021808,84.4070898759248,101.240753753593,0,3
"05011",1995,96.5687075471321,88.0782186312134,105.172978546859,0,3
"05011",1996,92.2727820712634,84.3996532093784,100.976690364337,0,3
"05011",1997,93.0230984886539,85.2295249158853,101.537298213646,0,3
"05011",1998,96.5059473665997,87.9744139747161,105.056028163781,0,3
"05011",1999,98.0062834081474,89.2211563847292,107.422859499182,0,3
"05011",2000,87.1526844865496,80.0223645652848,95.1422891358322,0,3
"05011",2001,78.976005628658,71.9583786451979,85.9425856924533,0,3
"05011",2002,78.2975642429433,71.1301755390738,85.5983193103641,0,3
"05011",2003,84.1123413410855,76.9900745879788,92.4063240022639,0,3
"05011",2004,79.616648061201,71.7871655115657,87.0897802271142,0,3
"05011",2005,85.4469395377151,77.8716538022594,93.6996893800081,0,3
"05011",2006,81.7722383254129,74.5463153644212,89.3380712815381,0,3
"05011",2007,76.2175709584558,69.4221523501021,83.4956512742503,0,3
"05011",2008,81.0547440297043,73.4673092965781,89.3673926637598,0,3
"05011",2009,84.8150118714279,77.1676477306962,93.4699009936542,0,3
"05011",2010,78.4937337826594,71.0656465872569,86.2606609187329,0,3
"05011",2011,74.5546815197079,67.5958112786158,81.6151695382469,0,3
"05011",2012,67.9386915745496,61.5916183341959,74.8337329205444,0,3
"05011",2013,67.3724683462275,61.2988528373844,74.3352808888364,0,3
"05011",2014,67.9219521664573,61.4470549159877,75.0924118948293,0,3
"05400",1985,15.7073146336042,12.70212195434,20.7527323135509,0,0
"05400",1986,18.3837046200982,15.0863489698644,24.0915497702001,0,0
"05400",1987,19.5091548082494,15.6183669385309,26.6949588756651,0,0
"05400",1988,16.8831400394373,14.099048160177,21.8256588204265,0,0
"05400",1989,17.0866897630938,13.8648661295451,22.5137288900043,0,0
"05400",1990,16.6710407302934,14.0079346385367,20.4761734048027,0,0
"05400",1991,18.9320725653349,15.3815336243861,25.0697558303879,0,0
"05400",1992,17.9589820062066,14.7805660835945,22.5120367395261,0,0
"05400",1993,16.7702612988759,13.8935867560581,21.6447556816598,0,0
"05400",1994,19.4266820917089,15.5232243002971,25.4811607146073,0,0
"05400",1995,14.8411741859899,12.286316163263,18.6415393989705,0,0
"05400",1996,17.2295417222153,14.1389521900391,22.2707958491372,0,0
"05400",1997,15.6792779414592,13.172030718165,19.251445554469,0,0
"05400",1998,15.4920913908183,13.2064344644306,18.8631597378399,0,0
"05400",1999,13.2507023463858,11.3012069056413,16.1113824299647,0,0
"05400",2000,13.6707688993306,11.6830916447275,16.5663603294633,0,0
"05400",2001,12.6644316089004,10.8088579430149,15.2365609358083,0,0
"05400",2002,12.4868171402426,10.5181820016807,15.5389638664044,0,0
"05400",2003,11.699099306916,9.98618207538312,13.8458837506768,0,0
"05400",2004,12.6312127305756,10.7742867400804,15.0597874239618,0,0
"05400",2005,12.0079978091214,10.2220629545255,14.372083318099,0,0
"05400",2006,12.1602470117798,10.1858031602788,14.8751390003372,0,0
"05400",2007,12.1847634895928,10.4078653010887,14.6679883786081,0,0
"05400",2008,11.8560717653043,10.0294075771696,14.3161538665212,0,0
"05400",2009,12.6915408967309,10.6997149970272,15.2718219509388,0,0
"05400",2010,12.2984458591664,10.380700193165,14.8572591612729,0,0
"05400",2011,11.3833078430351,9.68735000165709,13.6465855393354,0,0
"05400",2012,11.307521630885,9.53001446082825,13.8618518752902,0,0
"05400",2013,10.272330906038,8.71549198918301,12.3509889820729,0,0
"05400",2014,11.6173418762756,9.66721260006834,14.3499202030074,0,0
"05420",1985,18.6908709980511,12.986054307428,30.8618046905067,0,0
"05420",1986,19.1658982653292,13.3670579332974,29.2881381902861,0,0
"05420",1987,20.2230315342128,14.2304197028965,32.2750725669999,0,0
"05420",1988,17.0771333824948,12.1266648881155,27.497631500942,0,0
"05420",1989,19.8671453984663,13.5127473248015,31.5257778172289,0,0
"05420",1990,21.5602377077677,15.1627311817257,33.2142544887138,0,0
"05420",1991,25.459543864924,16.948668307274,41.5192469169296,0,0
"05420",1992,22.7158200479221,15.5603524033442,36.0314066950561,0,0
"05420",1993,19.1883960646676,13.8293890302678,28.6356884008922,0,0
"05420",1994,24.7424432976221,17.4448445901672,37.2214478393772,0,0
"05420",1995,24.932113231492,17.4757127192431,37.9605569966828,0,0
"05420",1996,25.0307232197787,18.084576187344,37.1398694615519,0,0
"05420",1997,29.3115678931191,20.3180664313251,43.4309736575905,0,0
"05420",1998,29.5051502022381,20.6033758094708,45.4061246947249,0,0
"05420",1999,27.9165431814681,19.4819107398963,43.3417980651248,0,0
"05420",2000,23.9540588443083,17.1153756616257,36.9383869426263,0,0
"05420",2001,20.7688386149904,15.070168276605,30.7376486536779,0,0
"05420",2002,17.2955641872094,12.4164569982898,28.2342650292182,0,0
"05420",2003,21.7317384164565,15.4068089821899,32.9970378396569,0,0
"05420",2004,23.2408565010525,16.4461852001862,36.3852581813889,0,0
"05420",2005,25.7249183577878,17.6771480110294,41.0252046839849,0,0
"05420",2006,29.2345224879392,19.0216947298459,49.1661249387572,0,0
"05420",2007,29.3614424505106,19.3640877753522,46.0535724774221,0,0
"05420",2008,26.1381057083805,18.0124849081077,41.4191191672868,0,0
"05420",2009,27.1431237368674,18.1781879922729,44.0661309665374,0,0
"05420",2010,26.6717881191787,17.9566532996321,42.7907003497144,0,0
"05420",2011,24.40515128998,16.6950597727912,38.304241063368,0,0
"05420",2012,25.4183202753081,16.923458335284,40.0711615012875,0,0
"05420",2013,24.2956890624767,16.0909747029765,39.9954130463252,0,0
"05420",2014,21.4039889373016,14.2077519711627,34.9914496449293,0,0
"05460",1985,10.1895335306355,8.53437620138265,12.3730453986428,0,0
"05460",1986,10.2849404116388,8.86501695640865,12.3947073835122,0,0
"05460",1987,11.4902078935128,9.8422734467649,13.5375214276305,0,0
"05460",1988,12.6519395605686,10.3042962853944,15.9964637144831,0,0
"05460",1989,10.1163293153098,8.66201922935266,12.2227352801922,0,0
"05460",1990,11.0803966470469,9.48592774102308,13.2843602623927,0,0
"05460",1991,14.1198643171845,11.9167771335746,17.361901295424,0,0
"05460",1992,13.5025716816672,11.3265636695825,16.3372557228338,0,0
"05460",1993,10.880611738909,9.3369118697046,12.97776471554,0,0
"05460",1994,10.0962586004444,8.64762253161093,12.1055252720437,0,0
"05460",1995,9.3833614485096,8.13759781714758,10.9314664334461,0,0
"05460",1996,8.35097347774667,7.20098182517414,9.73655032623833,0,0
"05460",1997,9.28029352427884,8.17906599037975,10.6716698446707,0,0
"05460",1998,8.83360607481515,7.69862631538384,10.3289458282245,0,0
"05460",1999,9.11039219600876,7.91949504487049,10.6783567191818,0,0
"05460",2000,7.6733273666033,6.64599893400567,8.91303841416945,0,0
"05460",2001,6.52032625627367,5.64075042830791,7.73822658052446,0,0
"05460",2002,6.43273591380893,5.5358941087958,7.71038778619919,0,0
"05460",2003,7.13406363795159,6.14087180113838,8.49293888850841,0,0
"05460",2004,6.75959952482126,5.77460812555911,8.17739705639253,0,0
"05460",2005,6.585110962079,5.66368758305841,7.97355665338195,0,0
"05460",2006,6.89535683256013,5.84363897448263,8.34137786416949,0,0
"05460",2007,6.30134947244496,5.4355636204415,7.31655970998332,0,0
"05460",2008,5.71219449656091,4.99051590756878,6.71602713627267,0,0
"05460",2009,5.47152444201684,4.80605106110315,6.2950135036709,0,0
"05460",2010,6.049038482952,5.25177269073412,7.10825476788692,0,0
"05460",2011,5.45752899685284,4.73560518278762,6.40873929674617,0,0
"05460",2012,5.229096152296,4.40490226726634,6.55288894136688,0,0
"05460",2013,4.58101080666568,3.90013729452829,5.47247899016079,0,0
"05460",2014,4.67806860985882,4.041827379831,5.568004206013,0,0
"05780",1985,17.7920498846918,11.386443970138,30.5484303078721,0,0
"05780",1986,19.7298068947115,12.985894066018,31.1608147576041,0,0
"05780",1987,27.8720567735118,18.5368070958329,44.5206121334449,0,0
"05780",1988,37.3195332138848,24.9721960514846,60.16469246456,0,0
"05780",1989,34.5387504125077,23.9145895555266,52.4064044909843,0,0
"05780",1990,28.3414349441451,18.4744024736635,50.2341044713715,0,0
"05780",1991,29.8424932108362,19.843732639927,47.8616390297189,0,0
"05780",1992,41.6191298321492,28.9656027799172,62.5072034913087,0,0
"05780",1993,41.2059354259396,29.0700613127806,60.5296277708918,0,0
"05780",1994,25.6315189084113,18.5524739110686,36.8595067040404,0,0
"05780",1995,17.2456505895625,12.358823206775,24.9104906704435,0,0
"05780",1996,17.5363199594547,12.6975851856734,25.0192918699263,0,0
"05780",1997,14.833824598704,10.5897193442083,21.5075054791852,0,0
"05780",1998,22.5568959991365,16.1523588896656,33.2439606286875,0,0
"05780",1999,19.7360575487955,13.5798984131987,30.1485363791163,0,0
"05780",2000,23.8782195170613,17.424880541417,34.345580042583,0,0
"05780",2001,18.5822124418688,13.1196767873499,26.8413855806099,0,0
"05780",2002,20.5756946698317,14.697582904529,29.6343898960763,0,0
"05780",2003,18.0872623923218,12.9793741010918,25.9519213014539,0,0
"05780",2004,19.8864145764415,14.0984751952948,28.9712828119678,0,0
"05780",2005,28.6214711172179,20.3303616854737,41.3881549765988,0,0
"05780",2006,28.2385152857928,20.6318667521047,40.684238220573,0,0
"05780",2007,22.3163848214376,15.792017714396,31.8629665701137,0,0
"05780",2008,22.8112684051235,16.6631354212653,33.1810635213806,0,0
"05780",2009,27.9993625177263,20.5357162710438,39.3859350352679,0,0
"05780",2010,22.0726869076118,16.0600352111291,31.629300458072,0,0
"05780",2011,26.0226938451005,19.3362369329887,37.4094484005711,0,0
"05780",2012,10.7802090609245,7.96408665114886,15.2957279022544,0,0
"05780",2013,9.84136816658382,7.34577445544294,13.8517750682927,0,0
"05780",2014,17.2623787408619,12.5964308551582,24.9480486548435,0,0
"05840",1985,0.8296021109742,0.686547952115472,1.01430721657959,0,2
"05840",1986,0.88408784577552,0.720681119086814,1.10092898168566,0,2
"05840",1987,1.10648669385804,0.936537335423254,1.32972981641232,0,2
"05840",1988,1.01446675082701,0.838370476190022,1.26220062557194,0,2
"05840",1989,0.998412416194972,0.834483995625959,1.22239391951294,0,2
"05840",1990,0.942388045521416,0.79147725784782,1.14094734171342,0,2
"05840",1991,0.907043428887725,0.755884730547887,1.12773899206361,0,2
"05840",1992,1.06693856511204,0.886669920528385,1.31103775093247,0,2
"05840",1993,1.21508344895348,1.01212380540753,1.4686331580272,0,2
"05840",1994,1.03181354355963,0.875502810480301,1.24643921453431,0,2
"05840",1995,1.11932909012586,0.935829383644839,1.37681264423496,0,2
"05840",1996,1.07536025727606,0.904832519325061,1.32177985998076,0,2
"05840",1997,1.05741243433412,0.887109083956132,1.30465265206128,0,2
"05840",1998,1.51264764410002,1.20499900670651,2.09343666623424,0,2
"05840",1999,1.70928154373494,1.32949203477609,2.41145720351471,0,2
"05840",2000,1.44397606977846,1.08369687755582,2.20961074980515,0,2
"05840",2001,1.39565699940785,1.06489975888196,2.03330364992659,0,2
"05840",2002,1.18555990642446,0.895913095870954,1.94498323201176,0,2
"05840",2003,1.6716969921408,1.24293433592354,2.60678304198344,0,2
"05840",2004,1.20398593794771,0.995891859788099,1.54831183550165,0,2
"05840",2005,1.85368042763757,1.31650410360547,2.96039045708757,0,2
"05840",2006,1.22765593350068,1.01126469383592,1.55280363009431,0,2
"05840",2007,1.48702041883434,1.1710140428732,2.08779299463444,0,2
"05840",2008,1.1059595709073,0.910850156889496,1.42581291156855,0,2
"05840",2009,1.05297357011739,0.883895326498777,1.28198783764542,0,2
"05840",2010,1.25617530567909,1.0335098495152,1.6094548140494,0,2
"05840",2011,1.182866555811,0.960983337133156,1.56256635869791,0,2
"05840",2012,1.209855170421,0.995761276055967,1.52937947283712,0,2
"05840",2013,1.34676212473824,1.0593594542865,1.93086476629903,0,2
"05840",2014,1.02910322434372,0.846540352873044,1.31103025221999,0,2
"06050",1985,92.7678592479385,61.3216143125494,143.462452861408,0,0
"06050",1986,112.233170143275,75.1878655099658,174.027263933989,0,0
"06050",1987,179.549949720858,121.312055633818,269.350583849671,0,0
"06050",1988,287.749593873864,197.727894377061,439.73996971319,0,0
"06050",1989,360.157906692329,234.046510974948,586.251334938951,0,0
"06050",1990,185.323284978055,127.057823976653,275.137961290702,0,0
"06050",1991,141.750948368022,100.31296527344,199.749223890861,0,0
"06050",1992,146.87856571217,106.788702610173,199.106204671345,0,0
"06050",1993,209.613568304984,145.813826103275,295.814585552755,0,0
"06050",1994,117.577224893573,82.8272936917671,166.458599963069,0,0
"06050",1995,140.870973909749,100.207999569193,203.531855050268,0,0
"06050",1996,129.567085777419,89.189421801026,180.871415118394,0,0
"06050",1997,126.826371955599,91.5345272186665,182.824385565606,0,0
"06050",1998,126.540879190597,88.184844514752,187.897708336122,0,0
"06050",1999,125.797817216196,88.9000674867493,177.041242060677,0,0
"06050",2000,120.08223047316,82.6402466687114,173.15831949999,0,0
"06050",2001,86.8453638673246,61.1883660415635,125.206467155955,0,0
"06050",2002,77.3657112057104,53.9556991225986,110.74836157328,0,0
"06050",2003,67.5497119103737,48.1832919501672,94.7238171372016,0,0
"06050",2004,97.2735588628474,68.9386137944451,137.518470914298,0,0
"06050",2005,74.0027996150995,50.5355312324343,108.768044701067,0,0
"06050",2006,80.770108040375,55.6972101887544,118.011371340437,0,0
"06050",2007,69.9235763179341,49.6612295565858,100.347788111245,0,0
"06050",2008,37.2104142165525,24.3583835361355,55.418222616259,0,0
"06050",2009,35.3135745868145,24.4704247435242,50.5101926805406,0,0
"06050",2010,46.3266904367561,31.3652376594512,67.0181573079969,0,0
"06050",2011,63.2110090173808,43.9947345823173,93.0602321086168,0,0
"06050",2012,63.1822496438877,44.2590365449607,89.0433769162748,0,0
"06050",2013,65.7392816202353,46.6828203518692,96.1854239127272,0,0
"06050",2014,52.2202094013443,36.054096134186,77.1500471855561,0,0
"06110",1985,8.01274201893859,6.97912480796697,9.30204780200462,0,0
"06110",1986,7.90669961716938,7.00191265458694,8.98545967656517,0,0
"06110",1987,7.43561656268225,6.61898733444198,8.47048916280736,0,0
"06110",1988,7.87218387156169,7.02924613651535,8.91984881839075,0,0
"06110",1989,7.63225921519022,6.81213142304059,8.59510477000174,0,0
"06110",1990,7.82007103171451,7.00516996126657,8.84501789507737,0,0
"06110",1991,7.79060192817195,6.91939433027153,8.78654992597396,0,0
"06110",1992,6.94131790319209,6.15972621356047,7.9797422640246,0,0
"06110",1993,6.22665091066407,5.53716117595806,7.03615226255489,0,0
"06110",1994,5.9012906546062,5.28979134109407,6.57885637862418,0,0
"06110",1995,6.59160714415439,5.87968856150024,7.46043974255497,0,0
"06110",1996,7.10089314082366,6.18636679006883,9.10614184578631,0,0
"06110",1997,6.24724938513771,5.54576367303643,7.31640048795404,0,0
"06110",1998,6.78012563320064,6.03879164613494,7.72867105678174,0,0
"06110",1999,8.18721175769057,7.33060587708841,9.13664080701717,0,0
"06110",2000,8.02776094435071,7.20495009291167,8.94717676301218,0,0
"06110",2001,7.14455792833505,6.47252472084013,7.97190361051299,0,0
"06110",2002,8.37723078072472,7.4975735542329,9.37520616995378,0,0
"06110",2003,6.62104142091395,5.96043299477152,7.40144015894557,0,0
"06110",2004,7.62931353836434,6.85594235199814,8.62998656799727,0,0
"06110",2005,7.4802815197816,6.65474885925094,8.5433038230988,0,0
"06110",2006,7.55848269833759,6.77826776717382,8.4543646368983,0,0
"06110",2007,7.00288736711298,6.29880778405874,7.8384706691643,0,0
"06110",2008,7.27190385850826,6.48416800447417,8.17805331136627,0,0
"06110",2009,5.89834112425009,5.32013678573197,6.55406791267132,0,0
"06110",2010,6.69393465314929,6.04304826229673,7.46134097668771,0,0
"06110",2011,7.0302002372168,6.35182847476717,7.81952638416467,0,0
"06110",2012,7.11293334797187,6.39134309773137,7.94166469990933,0,0
"06110",2013,5.17782784516194,4.66240070577366,5.75193677725933,0,0
"06110",2014,4.4915919119046,4.00647064894949,5.01963232987524,0,0
"06120",1985,417.113472838953,183.551085040198,1696.21465004829,0,0
"06120",1986,511.213244894493,227.703851024632,1758.51702609895,0,0
"06120",1987,541.36727207915,212.582856770766,2235.10063851671,0,0
"06120",1988,851.196116002306,269.992822171716,3724.7773536162,0,0
"06120",1989,488.131479804557,189.303679786376,1862.26782213835,0,0
"06120",1990,362.831570604101,167.75290529749,1043.32711603844,0,0
"06120",1991,370.761762546287,164.641830690704,1172.04699693848,0,0
"06120",1992,408.651180058558,181.068501178109,1272.81652009227,0,0
"06120",1993,314.325101971042,179.793088978888,746.559503821132,0,0
"06120",1994,257.917308985518,155.829822340276,591.117840348324,0,0
"06120",1995,376.213979399825,193.136179870767,987.025259222236,0,0
"06120",1996,357.221354356919,203.059448002883,893.555639725063,0,0
"06120",1997,391.242405998944,217.156928424609,914.886449876943,0,0
"06120",1998,380.49801679407,217.822601692199,966.575934058146,0,0
"06120",1999,312.611164970901,185.744010352524,726.407774269459,0,0
"06120",2000,340.549486896721,209.05904795425,775.392846419879,0,0
"06120",2001,304.496133648564,180.248711297261,706.445698570547,0,0
"06120",2002,326.568618001561,187.77298894679,1005.84913269402,0,0
"06120",2003,238.675012219521,162.105624107675,453.236333034645,0,0
"06120",2004,509.748786565012,252.506495696588,1421.66907850426,0,0
"06120",2005,273.508169976506,165.130452194898,657.703167488269,0,0
"06120",2006,227.764195044291,153.855108257767,531.662938809185,0,0
"06120",2007,182.896479278122,134.552316446781,285.005314684956,0,0
"06120",2008,234.412673318384,165.742836805353,404.25934077994,0,0
"06120",2009,250.015636944787,167.707618446077,480.339292647747,0,0
"06120",2010,262.07042121055,174.871937418248,521.094125247563,0,0
"06120",2011,185.39726206782,138.70759736873,285.904256458173,0,0
"06120",2012,218.888654959862,157.161605052626,344.909204244973,0,0
"06120",2013,200.336086592062,147.087756649615,331.732046403751,0,0
"06120",2014,188.551525131244,146.309543931236,261.709363895662,0,0
"06130",1985,22.18855028648,21.0488512404987,23.614486508594,0,0
"06130",1986,22.2049038183809,21.1700689283734,23.4730836259182,0,0
"06130",1987,21.4904424452507,20.3478305489524,22.7871562264256,0,0
"06130",1988,21.4615782425733,20.3997128377797,22.8477539094099,0,0
"06130",1989,19.3128613613424,18.3430062689809,20.3589298813949,0,0
"06130",1990,19.1668503287419,18.228665297626,20.2588541701573,0,0
"06130",1991,18.8857471039184,17.9474824821918,20.0245197255852,0,0
"06130",1992,17.6415066963399,16.8309824686795,18.5481291260134,0,0
"06130",1993,19.2610586515916,18.2837198840713,20.3634830606437,0,0
"06130",1994,17.6684598380852,16.8920818285978,18.6222983239255,0,0
"06130",1995,17.4302177052318,16.592721570989,18.5145173014964,0,0
"06130",1996,17.7206610545582,16.8488551292821,18.73605529217,0,0
"06130",1997,18.5547928457951,17.6526375906824,19.7393799667716,0,0
"06130",1998,19.3680075619568,18.2074636975082,21.0003095705129,0,0
"06130",1999,18.957664502167,17.9689406123762,20.2509683895857,0,0
"06130",2000,17.4413143985058,16.6482968696951,18.3741644273053,0,0
"06130",2001,14.8063789046533,14.140253470773,15.6142036860425,0,0
"06130",2002,14.7645906825177,14.0302643171703,15.6377747671006,0,0
"06130",2003,15.4904036557955,14.8110986430044,16.3249790961432,0,0
"06130",2004,16.6781393922025,15.9652445495532,17.4724354074603,0,0
"06130",2005,17.3038002906708,16.5131708001854,18.1597612985804,0,0
"06130",2006,17.0690258631557,16.3057841026712,17.9128574181928,0,0
"06130",2007,17.1323228292238,16.4119352097073,17.9672282933185,0,0
"06130",2008,15.3067786273128,14.6089715999439,16.0826903942406,0,0
"06130",2009,16.1181717876517,15.3867629983159,16.9248834126716,0,0
"06130",2010,16.3120127185495,15.594799713221,17.1296647694676,0,0
"06130",2011,15.8930204624218,15.2203419442769,16.7014400895494,0,0
"06130",2012,16.2929852052951,15.6333980393224,17.0652188019127,0,0
"06130",2013,13.8216490105012,13.2003286278264,14.5072355123366,0,0
"06130",2014,13.9500251669845,13.3036940614011,14.6910807673711,0,0
"06140",1985,5.46380116952255,4.7073747875943,6.64158491877464,0,0
"06140",1986,5.10271098939127,4.37991562481294,6.15201782190995,0,0
"06140",1987,4.99141025443428,4.3542361702312,5.88062442127001,0,0
"06140",1988,5.13626756436839,4.42286002090433,6.28819824162709,0,0
"06140",1989,4.67659881906884,3.9956427724667,5.738868616572,0,0
"06140",1990,4.135125647523,3.67874084986042,4.74713867801909,0,0
"06140",1991,4.12710743054085,3.66798250286757,4.75685737729328,0,0
"06140",1992,3.70087069236335,3.29805820645505,4.28230858499635,0,0
"06140",1993,4.68606999600825,4.12169663646798,5.49490703314876,0,0
"06140",1994,4.45571096792604,3.96699728900153,5.18134575751396,0,0
"06140",1995,4.31994021727477,3.9042319000845,4.8638633841557,0,0
"06140",1996,4.75400292606951,4.15084010473739,5.67400680774273,0,0
"06140",1997,4.4542445517365,3.94153327787589,5.13917866273688,0,0
"06140",1998,5.02347132660727,4.38603603751904,6.01418611438721,0,0
"06140",1999,5.01029027328252,4.43755359274983,5.81357122729112,0,0
"06140",2000,5.49790145517616,4.73422405260819,6.70797593146445,0,0
"06140",2001,4.62451101786914,4.08964143842953,5.58864920731716,0,0
"06140",2002,4.7257232400126,3.94676136480886,6.36922385420238,0,0
"06140",2003,4.37799186415219,3.88033921331498,5.09998025766833,0,0
"06140",2004,4.37136328538114,3.9220025600475,5.03587098415091,0,0
"06140",2005,4.42744949099832,3.95985757807933,5.08767341844051,0,0
"06140",2006,4.72893236596554,4.18037601921869,5.47651408187813,0,0
"06140",2007,4.25873467305428,3.79670452848482,4.87866712004312,0,0
"06140",2008,4.02279724520757,3.60760728909869,4.61826649517699,0,0
"06140",2009,3.90040079552465,3.55370215520638,4.3071800918837,0,0
"06140",2010,4.39088770038194,3.94351447092858,4.9440382287399,0,0
"06140",2011,3.50394875246031,3.19147853085024,3.89759474131792,0,0
"06140",2012,3.70855294929017,3.33890140764085,4.18137422693404,0,0
"06140",2013,3.17532161492402,2.862069719558,3.59487419337946,0,0
"06140",2014,3.34984791252064,3.01560761296563,3.78326163012183,0,0
"06160",1985,53.6521933557344,22.2998261019688,271.790398491897,0,0
"06160",1986,47.6497149999687,26.0007716079222,262.797450772302,0,0
"06160",1987,84.5153750579466,24.2691795880231,940.035725021113,0,0
"06160",1988,21.5830136671813,12.1060682644921,203.169326480908,0,0
"06160",1989,18.1641141385632,11.2992081652602,46.6464828870655,0,0
"06160",1990,22.3505543495329,12.5292499357064,110.055299214622,0,0
"06160",1991,23.0646266428509,12.6515189751591,86.4155811418093,0,0
"06160",1992,28.7742265133869,12.4503702140182,325.793993670538,0,0
"06160",1993,15.4310111069238,9.24160645165781,43.5780625824371,0,0
"06160",1994,11.0255545341604,6.66795240149462,27.992247993679,0,0
"06160",1995,21.550598033624,8.05598445985942,628.938784342807,0,0
"06160",1996,11.7524147420522,7.64679006674772,22.9284944593746,0,0
"06160",1997,15.5356786109564,8.83492509639562,47.0251627631298,0,0
"06160",1998,52.9660322521512,18.5784514270443,632.661355384917,0,0
"06160",1999,22.4109096469678,11.3854801283087,218.465906358934,0,0
"06160",2000,26.4829409233694,11.6280723353041,550.68071280794,0,0
"06160",2001,14.3619241655488,7.93405622180167,104.149295894981,0,0
"06160",2002,14.5434983653896,7.87363404633109,113.141061458779,0,0
"06160",2003,23.6953540653563,11.4753210087227,210.631247974259,0,0
"06160",2004,41.1959617524608,11.7817832854505,1148.8027597588,0,0
"06160",2005,11.505846726808,7.40428043950817,26.5904980187041,0,0
"06160",2006,9.0672508642919,5.95268594464041,20.0368005432557,0,0
"06160",2007,18.5978064304517,10.7041061977853,65.9026147004778,0,0
"06160",2008,15.0422580974803,8.22362261334013,44.6072112885356,0,0
"06160",2009,19.9382198324822,10.092413259015,104.307642150756,0,0
"06160",2010,14.6169420951382,8.84802148128479,48.1122675069883,0,0
"06160",2011,13.3356676205566,6.74934192518592,132.439317747939,0,0
"06160",2012,11.4705972792422,6.32043121178668,46.6637998800101,0,0
"06160",2013,11.1612069206612,5.87130157095368,51.5256551015427,0,0
"06160",2014,17.3927180137332,6.19411627651637,382.463567669685,0,0
"06170",1985,2.79084634899708,2.2737910719359,3.60656515786245,0,0
"06170",1986,3.43786715582552,2.64836571922187,7.50672205268452,0,0
"06170",1987,2.60184157139571,2.19963295392115,3.28011853918515,0,0
"06170",1988,3.10784808544073,2.58779242073839,4.02266533011322,0,0
"06170",1989,2.55849064978779,2.16939756127445,3.39481315716423,0,0
"06170",1990,2.74913839468883,2.35411610939274,3.24449155934806,0,0
"06170",1991,2.32341951715532,2.01958256212014,2.75052607081167,0,0
"06170",1992,2.01104279724758,1.76478782685822,2.4074240233817,0,0
"06170",1993,2.02094049930973,1.78061190337499,2.29444578121279,0,0
"06170",1994,2.1241539049998,1.89562712262713,2.40471453746542,0,0
"06170",1995,1.97140564966651,1.76371497503711,2.25152358282096,0,0
"06170",1996,2.13696564625314,1.9004660364517,2.4541885907808,0,0
"06170",1997,2.21812896917988,1.96588009051794,2.52347816075112,0,0
"06170",1998,2.14970714851277,1.90220433729631,2.45215932135218,0,0
"06170",1999,2.52696916872798,2.22111567016185,3.02184347352529,0,0
"06170",2000,2.50182627445878,2.22560088366005,2.82433037672224,0,0
"06170",2001,2.23428281474845,1.97524298186548,2.55311315020403,0,0
"06170",2002,2.12239607071945,1.86332153168795,2.46405702641417,0,0
"06170",2003,2.08567003369068,1.84683079853691,2.38135653548238,0,0
"06170",2004,2.43219270916551,2.15323486511547,2.78672462026732,0,0
"06170",2005,2.22948537294293,1.95394473031686,2.65104307777603,0,0
"06170",2006,2.21241925202937,1.97572820440466,2.50295958890203,0,0
"06170",2007,2.32111094213462,2.054266028235,2.71384088418767,0,0
"06170",2008,2.05852251436846,1.8234553194916,2.35061583941666,0,0
"06170",2009,2.27448469323117,1.8851392344992,6.45828122603557,0,0
"06170",2010,2.05845112566927,1.74390551141245,3.14256226589396,0,0
"06170",2011,1.80236000060743,1.5696448290973,2.18083428703882,0,0
"06170",2012,1.99735830528826,1.62690642608742,5.60319748020507,0,0
"06170",2013,1.56248184709395,1.39159971816091,1.77100740601556,0,0
"06170",2014,1.88950454320506,1.63376052456917,2.26449873897012,0,0
"07240",1985,0.824019450652287,0.614614972175427,1.44052643702472,0,0
"07240",1986,3.5106054876029,1.78763614040573,7.72608468281194,0,0
"07240",1987,3.52781891181344,1.99983547685687,7.80923867838422,0,0
"07240",1988,2.74199286853795,1.49347769752808,6.63466428079456,0,0
"07240",1989,4.76651807707544,2.08054327940918,11.5653535973506,0,0
"07240",1990,1.55109226565565,0.924309737524698,3.14639211833484,0,0
"07240",1991,3.93280640834024,1.9174801219082,8.83398075056851,0,0
"07240",1992,4.3135377225299,2.12182363720718,10.2668057467959,0,0
"07240",1993,3.63542716224984,2.06390284786653,7.44709627530898,0,0
"07240",1994,4.50252509904156,2.74991372745915,8.2301807633081,0,0
"07240",1995,6.0741227656298,3.64618492167152,11.5986617692668,0,0
"07240",1996,2.66875649590608,1.7736753293192,4.41696254659712,0,0
"07240",1997,3.08970921011081,2.12942016980075,5.15325034797516,0,0
"07240",1998,9.26008305719105,5.23242422810518,17.8679743825597,0,0
"07240",1999,7.77634764739928,4.6069817383086,14.1717365645675,0,0
"07240",2000,6.79168580671083,3.98533867924215,13.0683483506574,0,0
"07240",2001,3.94783580008621,2.29213784157722,7.74211338549934,0,0
"07240",2002,1.54237463104642,1.00016762474726,3.77953531142364,0,0
"07240",2003,4.37364281109181,2.57505381428228,8.38677610354747,0,0
"07240",2004,3.56958439156971,2.14447642918251,6.68860928229701,0,0
"07240",2005,8.33001418301139,4.77766222297493,16.5784760934298,0,0
"07240",2006,4.02569749012326,2.4423836440145,7.93791518035691,0,0
"07240",2007,3.35513313492192,2.20923054411049,5.74983103923626,0,0
"07240",2008,4.09451231740825,2.55418539961571,7.60062057993153,0,0
"07240",2009,3.11030043159804,2.05338060391961,5.46706286131755,0,0
"07240",2010,6.06125706698611,3.627492654825,11.4877110041086,0,0
"07240",2011,4.80731195703344,2.90887288492017,9.20631231210356,0,0
"07240",2012,4.43722286020842,2.79302142488451,7.71897514381925,0,0
"07240",2013,2.08646276527546,1.37475289661868,3.59584849756835,0,0
"07240",2014,3.04198527979549,1.81273809057274,5.60159143424671,0,0
"07250",1985,2.26401518480251,1.01248655438281,11.1181686694864,0,0
"07250",1986,3.59276750071966,1.6957422231196,12.7172889173914,0,0
"07250",1987,1.04797905427321,0.660067913201856,1.86766124609143,0,0
"07250",1988,0.855710044870519,0.576352621713472,1.37563792342632,0,0
"07250",1989,1.172633720755,0.771478586023611,1.98518236689186,0,0
"07250",1990,1.26884995012118,0.862402647536864,2.01504233603578,0,0
"07250",1991,1.57585647243514,0.938327732109917,3.47814619353121,0,0
"07250",1992,1.26401192435766,0.843000947706115,1.98494125766906,0,0
"07250",1993,1.37843632038174,0.940225306172303,2.14811346622034,0,0
"07250",1994,2.23655434073891,1.52625335303583,3.43793653570632,0,0
"07250",1995,2.74298632846505,1.84731333346101,4.32388634092797,0,0
"07250",1996,2.27659341417833,1.54419215048512,3.54174389317188,0,0
"07250",1997,2.9380260200331,1.91436655779311,5.1851515978134,0,0
"07250",1998,2.75329204055029,1.78934569158648,4.60538532789448,0,0
"07250",1999,3.81589506558791,2.47491398400962,6.41264170714558,0,0
"07250",2000,3.1047891773972,2.05333008113551,4.72996383073727,0,0
"07250",2001,2.30974665901505,1.55656894462945,3.67693955250054,0,0
"07250",2002,1.85035488992381,1.24630894454413,2.96170981889041,0,0
"07250",2003,2.44579520924814,1.61561312560821,4.25667758036381,0,0
"07250",2004,2.44221963161418,1.66506637037463,3.89470094464184,0,0
"07250",2005,3.0964553277474,2.08399975681974,4.85842507896847,0,0
"07250",2006,2.82209547330641,1.86345274215844,4.5328395887366,0,0
"07250",2007,2.69142536465519,1.74459325208531,4.31041516481343,0,0
"07250",2008,3.21603934657503,2.15934632712079,5.30586222061035,0,0
"07250",2009,3.47046097764999,2.28705486428476,5.80875516669872,0,0
"07250",2010,3.90056230083634,2.50250207913275,6.52728498519089,0,0
"07250",2011,3.9430172325094,2.55343991434108,6.67685693311173,0,0
"07250",2012,3.20871423754946,2.10514793699466,5.26889474894843,0,0
"07250",2013,3.49742475001199,2.35394235185552,5.77267034630968,0,0
"07250",2014,3.1607031788659,2.03387637340583,5.1272068314629,0,0
"07660",1985,2.56965602147221,2.41250114417757,2.73303318454515,0,0
"07660",1986,3.23582969766088,3.03909794039823,3.45329271840322,0,0
"07660",1987,3.33015083503519,3.12630446012735,3.57429660065795,0,0
"07660",1988,3.34331516533143,3.15481013560806,3.56443439966848,0,0
"07660",1989,3.93460942520914,3.7080930504408,4.17718906253607,0,0
"07660",1990,3.97878888750725,3.74452194831157,4.22829246683603,0,0
"07660",1991,4.02313093947283,3.77563581214821,4.27531608338785,0,0
"07660",1992,3.97184366408712,3.76283213188135,4.20750105349743,0,0
"07660",1993,3.54903344790067,3.35371352805115,3.7687492247142,0,0
"07660",1994,3.80785011104975,3.60277602683075,4.03029897578862,0,0
"07660",1995,4.30301161409034,4.0780555760269,4.55257364590905,0,0
"07660",1996,3.57578606840973,3.38704657396759,3.7777639620054,0,0
"07660",1997,3.80998052679016,3.60270830300738,4.02638615848569,0,0
"07660",1998,4.53990480909875,4.29426854297111,4.79905914942447,0,0
"07660",1999,4.33769852499508,4.1221293095908,4.56284002944619,0,0
"07660",2000,4.93410897639607,4.68557366957651,5.20399061813944,0,0
"07660",2001,4.41583498560182,4.19235259463403,4.64672305658139,0,0
"07660",2002,5.06727465234109,4.83407998534781,5.32385910021732,0,0
"07660",2003,4.00223333226468,3.81347548463636,4.22342165810103,0,0
"07660",2004,4.43398553174967,4.2197854342112,4.67167585182952,0,0
"07660",2005,4.64391453554084,4.41905615788863,4.90902145663685,0,0
"07660",2006,5.05924884152419,4.80254645958811,5.36938749113247,0,0
"07660",2007,4.4441397590778,4.22116980049426,4.68894514858144,0,0
"07660",2008,4.27814678937058,4.07178725789633,4.51093554593489,0,0
"07660",2009,4.82243002484451,4.5863791041058,5.07292047813798,0,0
"07660",2010,4.68289611823867,4.46960747270189,4.92800119633111,0,0
"07660",2011,4.63561331867692,4.41874103270851,4.88404265274362,0,0
"07660",2012,4.98644731250463,4.7588585622245,5.23699712403506,0,0
"07660",2013,5.01262405463678,4.77541348177401,5.27765765105575,0,0
"07660",2014,4.39187434874848,4.18129277846162,4.64045023007144,0,0
